COMPANY,DATE,INTERVAL_TIME,y_true_raw,y_true,y_pred
C,2024-01-17,2024-01-17 09:40:00,-0.0007817080320501324,-0.0007817080320501324,6.466605e-05
C,2024-01-17,2024-01-17 09:41:00,-0.00029336984158034873,-0.00029336984158034873,7.2238254e-05
C,2024-01-17,2024-01-17 09:42:00,0.0014672796635040175,0.0014672796635040175,3.917485e-05
C,2024-01-17,2024-01-17 09:43:00,0.0007814026176988786,0.0007814026176988786,-0.00028801078
C,2024-01-17,2024-01-17 09:44:00,9.759906304895871e-05,9.759906304895871e-05,1.28793345e-05
C,2024-01-17,2024-01-17 09:45:00,0.0002927686152045528,0.0002927686152045528,1.0405727e-05
C,2024-01-17,2024-01-17 09:46:00,0.0009756097560975618,0.0009756097560975618,4.238722e-06
C,2024-01-17,2024-01-17 09:47:00,0.0004873294346978696,0.0004873294346978696,-0.00017626019
C,2024-01-17,2024-01-17 09:48:00,0.002727715538236808,0.002727715538236808,2.1503101e-06
C,2024-01-17,2024-01-17 09:49:00,-0.0012629942679491801,-0.0012629942679491801,-0.00032617518
C,2024-01-17,2024-01-17 09:50:00,0.0014591439688715901,0.0014591439688715901,5.595177e-05
C,2024-01-17,2024-01-17 09:51:00,-0.0027197668771247185,-0.0027197668771247185,-0.00023905131
C,2024-01-17,2024-01-17 09:52:00,-0.007889354241745417,-0.003095470356366915,0.00034840364
C,2024-01-17,2024-01-17 09:53:00,0.008541134891026703,0.0028558438647459253,0.00041674305
C,2024-01-17,2024-01-17 09:54:00,-0.0011681105811349735,-0.0011681105811349735,-0.00033383106
C,2024-01-17,2024-01-17 09:55:00,0.0025338660949225655,0.0025338660949225655,0.000107998
C,2024-01-17,2024-01-17 09:56:00,0.00029163021289013713,0.00029163021289013713,-0.00027890757
C,2024-01-17,2024-01-17 09:57:00,-0.0007774538386784435,-0.0007774538386784435,2.1957165e-05
C,2024-01-17,2024-01-17 09:58:00,0.0013616028010117187,0.0013616028010117187,-3.3768918e-06
C,2024-01-17,2024-01-17 09:59:00,0.0006798756798755967,0.0006798756798755967,-0.0002588894
C,2024-01-17,2024-01-17 10:00:00,-0.0002911773269921314,-0.0002911773269921314,5.0247263e-07
C,2024-01-17,2024-01-17 10:01:00,0.0008737864077670299,0.0008737864077670299,1.6575988e-05
C,2024-01-17,2024-01-17 10:02:00,0.0,0.0,-6.753221e-05
C,2024-01-17,2024-01-17 10:03:00,-0.0002910078572121444,-0.0002910078572121444,1.614195e-05
C,2024-01-17,2024-01-17 10:04:00,-0.000582185134872959,-0.000582185134872959,1.0986136e-05
C,2024-01-17,2024-01-17 10:05:00,0.0005825242718446866,0.0005825242718446866,1.2155429e-05
C,2024-01-17,2024-01-17 10:06:00,0.0012614011255578372,0.0012614011255578372,1.8018252e-05
C,2024-01-17,2024-01-17 10:07:00,0.0012598119972864197,0.0012598119972864197,-0.0001249866
C,2024-01-17,2024-01-17 10:08:00,-0.00048393341076247154,-0.00048393341076247154,-0.00015197314
C,2024-01-17,2024-01-17 10:09:00,-0.00029050062941804455,-0.00029050062941804455,3.428722e-05
C,2024-01-17,2024-01-17 10:10:00,-9.686168151901153e-05,-9.686168151901153e-05,2.8092121e-05
C,2024-01-17,2024-01-17 10:11:00,-0.0006780974522909711,-0.0006780974522909711,1.8018252e-05
C,2024-01-17,2024-01-17 10:12:00,-0.00019387359441636054,-0.00019387359441636054,2.6780992e-05
C,2024-01-17,2024-01-17 10:13:00,-0.0007756447547023759,-0.0007756447547023759,3.8939033e-05
C,2024-01-17,2024-01-17 10:14:00,9.703085581214133e-05,9.703085581214133e-05,4.7063597e-05
C,2024-01-17,2024-01-17 10:15:00,-0.0012612787426020677,-0.0012612787426020677,5.4431785e-05
C,2024-01-17,2024-01-17 10:16:00,0.0004857198367982374,0.0004857198367982374,0.0001189842
C,2024-01-17,2024-01-17 10:17:00,0.0017477424992717872,0.0017477424992717872,6.4571715e-05
C,2024-01-17,2024-01-17 10:18:00,-0.0015508384220219718,-0.0015508384220219718,-0.0002745424
C,2024-01-17,2024-01-17 10:19:00,0.00038831181438725437,0.00038831181438725437,0.00035607975
C,2024-01-17,2024-01-17 10:20:00,0.0009704027171275609,0.0009704027171275609,9.172711e-06
C,2024-01-17,2024-01-17 10:21:00,0.0004847309743092332,0.0004847309743092332,-7.192845e-05
C,2024-01-17,2024-01-17 10:22:00,9.689922480626834e-05,9.689922480626834e-05,1.9391007e-05
C,2024-01-17,2024-01-17 10:23:00,0.00019377967251221762,0.00019377967251221762,2.062111e-05
C,2024-01-17,2024-01-17 10:24:00,0.0004843553230651221,0.0004843553230651221,1.9391007e-05
C,2024-01-17,2024-01-17 10:25:00,0.0004841208365606864,0.0004841208365606864,2.1212029e-05
C,2024-01-17,2024-01-17 10:26:00,-0.0006774412077810155,-0.0006774412077810155,1.9012354e-07
C,2024-01-17,2024-01-17 10:27:00,-0.001549486732519867,-0.001549486732519867,2.2931e-05
C,2024-01-17,2024-01-17 10:28:00,-0.00019398642095047602,-0.00019398642095047602,0.0003809229
C,2024-01-17,2024-01-17 10:29:00,-0.001358168412883165,-0.001358168412883165,5.2312094e-05
C,2024-01-17,2024-01-17 10:30:00,0.0008742957062366497,0.0008742957062366497,0.00019285335
C,2024-01-17,2024-01-17 10:31:00,-0.0003882364359893975,-0.0003882364359893975,-1.1304202e-05
C,2024-01-17,2024-01-17 10:32:00,9.709680551495126e-05,9.709680551495126e-05,2.9312427e-05
C,2024-01-17,2024-01-17 10:33:00,0.0008737864077670299,0.0008737864077670299,5.8612644e-05
C,2024-01-17,2024-01-17 10:34:00,0.00019400523814128157,0.00019400523814128157,-4.476145e-05
C,2024-01-17,2024-01-17 10:35:00,0.0003879352148192794,0.0003879352148192794,2.2199101e-05
C,2024-01-17,2024-01-17 10:36:00,0.0012603005332039174,0.0012603005332039174,2.0167268e-05
C,2024-01-17,2024-01-17 10:37:00,-0.0014523625096825032,-0.0014523625096825032,-0.00015586005
C,2024-01-17,2024-01-17 10:38:00,0.00029089498690981763,0.00029089498690981763,0.0002884657
C,2024-01-17,2024-01-17 10:39:00,0.0002908103916245963,0.0002908103916245963,1.8962979e-05
C,2024-01-17,2024-01-17 10:40:00,-0.001065994766934808,-0.001065994766934808,1.8018252e-05
C,2024-01-17,2024-01-17 10:41:00,-0.0006790842064416935,-0.0006790842064416935,5.104605e-05
C,2024-01-17,2024-01-17 10:42:00,-0.00019415590719329412,-0.00019415590719329412,6.310358e-05
C,2024-01-17,2024-01-17 10:43:00,0.0003883872220602491,0.0003883872220602491,6.8506124e-05
C,2024-01-17,2024-01-17 10:44:00,-0.0008735319809763942,-0.0008735319809763942,5.5918204e-05
C,2024-01-17,2024-01-17 10:45:00,0.00145715951039449,0.00145715951039449,6.726991e-05
C,2024-01-17,2024-01-17 10:46:00,0.00019400523814128157,0.00019400523814128157,-0.0001874207
C,2024-01-17,2024-01-17 10:47:00,-0.00019396760740952868,-0.00019396760740952868,3.463039e-05
C,2024-01-17,2024-01-17 10:48:00,0.0,0.0,1.8095676e-05
C,2024-01-17,2024-01-17 10:49:00,0.00019400523814128157,0.00019400523814128157,1.8018252e-05
C,2024-01-17,2024-01-17 10:50:00,0.00019396760740941765,0.00019396760740941765,1.8018252e-05
C,2024-01-17,2024-01-17 10:51:00,-0.0009696499563657257,-0.0009696499563657257,1.9504676e-05
C,2024-01-17,2024-01-17 10:52:00,0.0003882364359895085,0.0003882364359895085,4.1278763e-05
C,2024-01-17,2024-01-17 10:53:00,-0.0007761715339088537,-0.0007761715339088537,3.1721243e-05
C,2024-01-17,2024-01-17 10:54:00,0.00029129041654529786,0.00029129041654529786,6.572525e-05
C,2024-01-17,2024-01-17 10:55:00,-0.0014560279557368494,-0.0014560279557368494,2.1525442e-05
C,2024-01-17,2024-01-17 10:56:00,-0.0001944201419268321,-0.0001944201419268321,0.0002833426
C,2024-01-17,2024-01-17 10:57:00,-0.0006806028196402192,-0.0006806028196402192,3.694457e-05
C,2024-01-17,2024-01-17 10:58:00,9.729519361734162e-05,9.729519361734162e-05,4.5481578e-05
C,2024-01-17,2024-01-17 10:59:00,0.0013620001945715554,0.0013620001945715554,5.5674864e-05
C,2024-01-17,2024-01-17 11:00:00,0.00029146021568049463,0.00029146021568049463,-0.00011166876
C,2024-01-17,2024-01-17 11:01:00,-0.0005827505827505908,-0.0005827505827505908,2.6269034e-05
C,2024-01-17,2024-01-17 11:02:00,9.718172983474993e-05,9.718172983474993e-05,2.1253667e-05
C,2024-01-17,2024-01-17 11:03:00,0.000777378291711317,0.000777378291711317,1.0829883e-05
C,2024-01-17,2024-01-17 11:04:00,0.00019419361103012456,0.00019419361103012456,1.0291453e-05
C,2024-01-17,2024-01-17 11:05:00,0.0005824677215804375,0.0005824677215804375,2.3124625e-05
C,2024-01-17,2024-01-17 11:06:00,-9.702144173850957e-05,-9.702144173850957e-05,1.3626928e-05
C,2024-01-17,2024-01-17 11:07:00,-0.00048515427906081765,-0.00048515427906081765,9.343458e-06
C,2024-01-17,2024-01-17 11:08:00,0.00038831181438725437,0.00038831181438725437,1.5663818e-05
C,2024-01-17,2024-01-17 11:09:00,0.0035904900533718642,0.0028558438647459253,1.6146729e-05
C,2024-01-17,2024-01-17 11:10:00,-0.0028040997872751383,-0.0028040997872751383,-0.0003395458
C,2024-01-17,2024-01-17 11:11:00,0.0003878599825464235,0.0003878599825464235,0.000342541
C,2024-01-17,2024-01-17 11:12:00,0.0004846370068818384,0.0004846370068818384,-4.1559897e-06
C,2024-01-17,2024-01-17 11:13:00,-0.00029064134857581525,-0.00029064134857581525,2.3030523e-05
C,2024-01-17,2024-01-17 11:14:00,0.0005814516910553902,0.0005814516910553902,2.1220374e-05
C,2024-01-17,2024-01-17 11:15:00,-0.001259079903147664,-0.001259079903147664,5.0040453e-05
C,2024-01-17,2024-01-17 11:16:00,0.0004848719937935453,0.0004848719937935453,7.7373305e-05
C,2024-01-17,2024-01-17 11:17:00,-9.69274013764565e-05,-9.69274013764565e-05,1.9318646e-05
C,2024-01-17,2024-01-17 11:18:00,0.0003877471888329431,0.0003877471888329431,1.4660305e-05
C,2024-01-17,2024-01-17 11:19:00,-0.0008720930232558599,-0.0008720930232558599,1.3626928e-05
C,2024-01-17,2024-01-17 11:20:00,0.0006788866259335169,0.0006788866259335169,5.1650917e-05
C,2024-01-17,2024-01-17 11:21:00,-0.0003876720294631042,-0.0003876720294631042,1.3704351e-05
C,2024-01-17,2024-01-17 11:22:00,-0.0006786891603646206,-0.0006786891603646206,1.1620056e-05
C,2024-01-17,2024-01-17 11:23:00,-0.00019404288347701915,-0.00019404288347701915,3.977292e-05
C,2024-01-17,2024-01-17 11:24:00,-9.704027171297813e-05,-9.704027171297813e-05,6.2827145e-05
C,2024-01-17,2024-01-17 11:25:00,-0.00019409937888181794,-0.00019409937888181794,1.2981105e-05
C,2024-01-17,2024-01-17 11:26:00,-9.706853038260466e-05,-9.706853038260466e-05,4.8205024e-05
C,2024-01-17,2024-01-17 11:27:00,0.00019415590719362719,0.00019415590719362719,3.0366853e-05
C,2024-01-17,2024-01-17 11:28:00,0.0,0.0,1.0829883e-05
C,2024-01-17,2024-01-17 11:29:00,-0.0005823546539842628,-0.0005823546539842628,1.3971715e-05
C,2024-01-17,2024-01-17 11:30:00,0.00019423132951357225,0.00019423132951357225,2.4209035e-05
C,2024-01-17,2024-01-17 11:31:00,0.0008738712496356715,0.0008738712496356715,9.343458e-06
C,2024-01-17,2024-01-17 11:32:00,-0.0005820721769498327,-0.0005820721769498327,-4.0554718e-05
C,2024-01-17,2024-01-17 11:33:00,0.0006794797126770113,0.0006794797126770113,2.238967e-05
C,2024-01-17,2024-01-17 11:34:00,9.700261907052976e-05,9.700261907052976e-05,1.3626928e-05
C,2024-01-17,2024-01-17 11:35:00,0.0004849660523764676,0.0004849660523764676,1.3626928e-05
C,2024-01-17,2024-01-17 11:36:00,-0.0001938923897237821,-0.0001938923897237821,2.2913813e-05
C,2024-01-17,2024-01-17 11:37:00,0.0003878599825464235,0.0003878599825464235,1.6724543e-05
C,2024-01-17,2024-01-17 11:38:00,9.69274013764565e-05,9.69274013764565e-05,1.3626928e-05
C,2024-01-17,2024-01-17 11:39:00,-0.00048459003682899127,-0.00048459003682899127,1.3626928e-05
C,2024-01-17,2024-01-17 11:40:00,-0.0002908949869097066,-0.0002908949869097066,2.238967e-05
C,2024-01-17,2024-01-17 11:41:00,0.00029097963142588057,0.00029097963142588057,2.1220374e-05
C,2024-01-17,2024-01-17 11:42:00,0.0,0.0,1.3626928e-05
C,2024-01-17,2024-01-17 11:43:00,0.0004848249781830294,0.0004848249781830294,2.3124625e-05
C,2024-01-17,2024-01-17 11:44:00,-0.0005815080441946563,-0.0005815080441946563,1.6724543e-05
C,2024-01-17,2024-01-17 11:45:00,-0.00038789759503499166,-0.00038789759503499166,1.4853585e-05
C,2024-01-17,2024-01-17 11:46:00,9.701202949163878e-05,9.701202949163878e-05,1.900114e-05
C,2024-01-17,2024-01-17 11:47:00,0.0,0.0,1.5588543e-05
C,2024-01-17,2024-01-17 11:48:00,-0.0005820157144242888,-0.0005820157144242888,2.3124625e-05
C,2024-01-17,2024-01-17 11:49:00,-0.0002911773269921314,-0.0002911773269921314,4.633407e-05
C,2024-01-17,2024-01-17 11:50:00,-0.00019417475728167322,-0.00019417475728167322,6.1195096e-05
C,2024-01-17,2024-01-17 11:51:00,9.710623422032327e-05,9.710623422032327e-05,5.5942226e-05
C,2024-01-17,2024-01-17 11:52:00,-9.709680551528432e-05,-9.709680551528432e-05,4.4374603e-05
C,2024-01-17,2024-01-17 11:53:00,-0.0002913187026607478,-0.0002913187026607478,6.411481e-05
C,2024-01-17,2024-01-17 11:54:00,0.0,0.0,2.057455e-05
C,2024-01-17,2024-01-17 11:55:00,-0.0001942690626516308,-0.0001942690626516308,1.7534774e-05
C,2024-01-17,2024-01-17 11:56:00,0.00029146021568049463,0.00029146021568049463,1.3626928e-05
C,2024-01-17,2024-01-17 11:57:00,-0.00048562548562558483,-0.00048562548562558483,1.5113353e-05
C,2024-01-17,2024-01-17 11:58:00,0.0,0.0,1.8684363e-05
C,2024-01-17,2024-01-17 11:59:00,0.0006802060052473191,0.0006802060052473191,1.6724543e-05
C,2024-01-17,2024-01-17 12:00:00,-0.0002913187026608588,-0.0002913187026608588,1.3626928e-05
C,2024-01-17,2024-01-17 12:01:00,0.0,0.0,1.5903526e-05
C,2024-01-17,2024-01-17 12:02:00,-0.0012627489072364328,-0.0012627489072364328,1.6724543e-05
C,2024-01-17,2024-01-17 12:03:00,-0.000583544057576324,-0.000583544057576324,8.4135834e-05
C,2024-01-17,2024-01-17 12:04:00,-9.731413001157208e-05,-9.731413001157208e-05,4.93183e-05
C,2024-01-17,2024-01-17 12:05:00,0.0,0.0,2.8191476e-05
C,2024-01-17,2024-01-17 12:06:00,0.0,0.0,3.1853277e-05
C,2024-01-17,2024-01-17 12:07:00,-0.00048661800486615725,-0.00048661800486615725,3.0366853e-05
C,2024-01-17,2024-01-17 12:08:00,9.737098344708706e-05,9.737098344708706e-05,3.596176e-05
C,2024-01-17,2024-01-17 12:09:00,0.0008762535293544982,0.0008762535293544982,1.6724543e-05
C,2024-01-17,2024-01-17 12:10:00,-9.727626459166139e-05,-9.727626459166139e-05,-0.000121832374
C,2024-01-17,2024-01-17 12:11:00,0.0,0.0,1.3626928e-05
C,2024-01-17,2024-01-17 12:12:00,0.0005837143691020952,0.0005837143691020952,1.8943778e-05
C,2024-01-17,2024-01-17 12:13:00,-0.0003889158969372364,-0.0003889158969372364,1.3626928e-05
C,2024-01-17,2024-01-17 12:14:00,-0.00019453360568044697,-0.00019453360568044697,2.1220374e-05
C,2024-01-17,2024-01-17 12:15:00,0.0,0.0,1.8943778e-05
C,2024-01-17,2024-01-17 12:16:00,-0.0002918571845510476,-0.0002918571845510476,1.3626928e-05
C,2024-01-17,2024-01-17 12:17:00,-0.00019462826002314415,-0.00019462826002314415,2.2706798e-05
C,2024-01-17,2024-01-17 12:18:00,9.733307377834954e-05,9.733307377834954e-05,4.7315665e-05
C,2024-01-17,2024-01-17 12:19:00,0.0012652068126519644,0.0012652068126519644,1.686714e-05
C,2024-01-17,2024-01-17 12:20:00,-0.0008748055987558567,-0.0008748055987558567,-0.00013246769
C,2024-01-17,2024-01-17 12:21:00,9.728572818379355e-05,9.728572818379355e-05,2.0492298e-05
C,2024-01-17,2024-01-17 12:22:00,9.727626459143934e-05,9.727626459143934e-05,1.3626928e-05
C,2024-01-17,2024-01-17 12:23:00,9.726680284005695e-05,9.726680284005695e-05,1.8943778e-05
C,2024-01-17,2024-01-17 12:24:00,-0.00048628671464689965,-0.00048628671464689965,1.7534774e-05
C,2024-01-17,2024-01-17 12:25:00,0.0003892186435729972,0.0003892186435729972,4.5113007e-05
C,2024-01-17,2024-01-17 12:26:00,0.0,0.0,1.2894117e-05
C,2024-01-17,2024-01-17 12:27:00,-0.0004863340142010619,-0.0004863340142010619,1.6724543e-05
C,2024-01-17,2024-01-17 12:28:00,0.0005838847800700986,0.0005838847800700986,1.4853585e-05
C,2024-01-17,2024-01-17 12:29:00,0.000291772028788273,0.000291772028788273,1.6724543e-05
C,2024-01-17,2024-01-17 12:30:00,-0.0008750607681089484,-0.0008750607681089484,1.8943778e-05
C,2024-01-17,2024-01-17 12:31:00,9.731413001179412e-05,9.731413001179412e-05,1.8761431e-05
C,2024-01-17,2024-01-17 12:32:00,-0.0005838279653596068,-0.0005838279653596068,1.3626928e-05
C,2024-01-17,2024-01-17 12:33:00,-0.0005841690195697025,-0.0005841690195697025,2.0170433e-05
C,2024-01-17,2024-01-17 12:34:00,-0.000389673648319544,-0.000389673648319544,4.788709e-05
C,2024-01-17,2024-01-17 12:35:00,-0.000779651106129986,-0.000779651106129986,3.4965065e-05
C,2024-01-17,2024-01-17 12:36:00,-0.00019506485906573,-0.00019506485906573,4.1451207e-05
C,2024-01-17,2024-01-17 12:37:00,0.0,0.0,3.5698547e-05
C,2024-01-17,2024-01-17 12:38:00,-0.0005853087503656651,-0.0005853087503656651,3.7836697e-05
C,2024-01-17,2024-01-17 12:39:00,0.0003904343582235015,0.0003904343582235015,4.0212835e-05
C,2024-01-17,2024-01-17 12:40:00,0.0003902819787295897,0.0003902819787295897,5.152688e-05
C,2024-01-17,2024-01-17 12:41:00,0.0,0.0,2.0430201e-05
C,2024-01-17,2024-01-17 12:42:00,-0.0006827270067296665,-0.0006827270067296665,1.8943778e-05
C,2024-01-17,2024-01-17 12:43:00,0.0011711887565879486,0.0011711887565879486,2.6570517e-05
C,2024-01-17,2024-01-17 12:44:00,-0.0002924546695262098,-0.0002924546695262098,-0.00011854229
C,2024-01-17,2024-01-17 12:45:00,2.220446049250313e-16,2.220446049250313e-16,2.5126148e-05
C,2024-01-17,2024-01-17 12:46:00,0.0003900536323744319,0.0003900536323744319,1.5113353e-05
C,2024-01-17,2024-01-17 12:47:00,0.00019495077492925894,0.00019495077492925894,1.5113353e-05
C,2024-01-17,2024-01-17 12:48:00,-9.745638826630376e-05,-9.745638826630376e-05,1.92942e-05
C,2024-01-17,2024-01-17 12:49:00,-9.74658869394851e-05,-9.74658869394851e-05,1.8943778e-05
C,2024-01-17,2024-01-17 12:50:00,0.00019495077492925894,0.00019495077492925894,1.8943778e-05
C,2024-01-17,2024-01-17 12:51:00,0.00019491277653238548,0.00019491277653238548,1.92942e-05
C,2024-01-17,2024-01-17 12:52:00,0.0003897495858911082,0.0003897495858911082,1.5113353e-05
C,2024-01-17,2024-01-17 12:53:00,-0.00019479887016649045,-0.00019479887016649045,2.0430201e-05
C,2024-01-17,2024-01-17 12:54:00,0.0,0.0,2.3124625e-05
C,2024-01-17,2024-01-17 12:55:00,0.0,0.0,1.8943778e-05
C,2024-01-17,2024-01-17 12:56:00,-0.000389673648319544,-0.000389673648319544,1.8943778e-05
C,2024-01-17,2024-01-17 12:57:00,-0.00048728194133118574,-0.00048728194133118574,1.900114e-05
C,2024-01-17,2024-01-17 12:58:00,-0.0004875195007801869,-0.0004875195007801869,3.79936e-05
C,2024-01-17,2024-01-17 12:59:00,0.00029265437518288806,0.00029265437518288806,3.79936e-05
C,2024-01-17,2024-01-17 13:00:00,-9.752291788556189e-05,-9.752291788556189e-05,3.7836697e-05
C,2024-01-17,2024-01-17 13:01:00,0.000390129718131238,0.000390129718131238,4.4441196e-05
C,2024-01-17,2024-01-17 13:02:00,0.0,0.0,1.0829883e-05
C,2024-01-17,2024-01-17 13:03:00,0.0,0.0,9.343458e-06
C,2024-01-17,2024-01-17 13:04:00,-0.0002924831822170848,-0.0002924831822170848,9.343458e-06
C,2024-01-17,2024-01-17 13:05:00,9.752291788589496e-05,9.752291788589496e-05,2.1220374e-05
C,2024-01-17,2024-01-17 13:06:00,0.0,0.0,1.7807777e-05
C,2024-01-17,2024-01-17 13:07:00,0.0,0.0,1.8943778e-05
C,2024-01-17,2024-01-17 13:08:00,-0.00039005363237465396,-0.00039005363237465396,1.3626928e-05
C,2024-01-17,2024-01-17 13:09:00,-0.0007804116671542571,-0.0007804116671542571,2.540122e-05
C,2024-01-17,2024-01-17 13:10:00,0.0001952552962998233,0.0001952552962998233,4.7332243e-05
C,2024-01-17,2024-01-17 13:11:00,0.0005856515373352522,0.0005856515373352522,3.0366853e-05
C,2024-01-17,2024-01-17 13:12:00,-9.7551458394185e-05,-9.7551458394185e-05,1.92942e-05
C,2024-01-17,2024-01-17 13:13:00,9.756097560975618e-05,9.756097560975618e-05,2.0905389e-05
C,2024-01-17,2024-01-17 13:14:00,-0.0004877572919713691,-0.0004877572919713691,1.5113353e-05
C,2024-01-17,2024-01-17 13:15:00,-0.00019519812609813947,-0.00019519812609813947,2.238967e-05
C,2024-01-17,2024-01-17 13:16:00,-0.00029285435376802393,-0.00029285435376802393,1.8943778e-05
C,2024-01-17,2024-01-17 13:17:00,-0.0003905868567521953,-0.0003905868567521953,3.264345e-05
C,2024-01-17,2024-01-17 13:18:00,0.0002930546058415029,0.0002930546058415029,3.6824305e-05
C,2024-01-17,2024-01-17 13:19:00,-0.0007812500000000666,-0.0007812500000000666,2.6536434e-05
C,2024-01-17,2024-01-17 13:20:00,-9.773260359646763e-05,-9.773260359646763e-05,3.3812743e-05
C,2024-01-17,2024-01-17 13:21:00,0.0,0.0,3.0366853e-05
C,2024-01-17,2024-01-17 13:22:00,0.00019548431238392006,0.00019548431238392006,3.5695793e-05
C,2024-01-17,2024-01-17 13:23:00,0.00019544610573629662,0.00019544610573629662,1.3626928e-05
C,2024-01-17,2024-01-17 13:24:00,0.00039081582804101345,0.00039081582804101345,1.5113353e-05
C,2024-01-17,2024-01-17 13:25:00,-0.0005859947260474785,-0.0005859947260474785,1.92942e-05
C,2024-01-17,2024-01-17 13:26:00,9.772305286825933e-05,9.772305286825933e-05,8.217739e-06
C,2024-01-17,2024-01-17 13:27:00,-0.00029314051201878577,-0.00029314051201878577,1.5113353e-05
C,2024-01-17,2024-01-17 13:28:00,0.0,0.0,2.540122e-05
C,2024-01-17,2024-01-17 13:29:00,-0.0002932264685758801,-0.0002932264685758801,1.8943778e-05
C,2024-01-17,2024-01-17 13:30:00,-0.000977708251857612,-0.000977708251857612,4.9345632e-05
C,2024-01-17,2024-01-17 13:31:00,0.00019573302016051564,0.00019573302016051564,4.6081866e-05
C,2024-01-17,2024-01-17 13:32:00,9.784735812146117e-05,9.784735812146117e-05,3.074173e-05
C,2024-01-17,2024-01-17 13:33:00,-0.0003913511398102587,-0.0003913511398102587,4.288818e-05
C,2024-01-17,2024-01-17 13:34:00,-9.787608887157351e-05,-9.787608887157351e-05,4.8427137e-05
C,2024-01-17,2024-01-17 13:35:00,-9.788566953794486e-05,-9.788566953794486e-05,3.0509455e-05
C,2024-01-17,2024-01-17 13:36:00,-0.0002936857562407802,-0.0002936857562407802,1.5113353e-05
C,2024-01-17,2024-01-17 13:37:00,-0.000293772032902484,-0.000293772032902484,1.9669129e-05
C,2024-01-17,2024-01-17 13:38:00,9.795278675661656e-05,9.795278675661656e-05,3.6824305e-05
C,2024-01-17,2024-01-17 13:39:00,0.0004897159647405669,0.0004897159647405669,1.8750998e-05
C,2024-01-17,2024-01-17 13:40:00,0.0,0.0,1.3704351e-05
C,2024-01-17,2024-01-17 13:41:00,0.00019579050416052013,0.00019579050416052013,1.8943778e-05
C,2024-01-17,2024-01-17 13:42:00,0.0004893804443573124,0.0004893804443573124,1.7534774e-05
C,2024-01-17,2024-01-17 13:43:00,0.0002934846409705649,0.0002934846409705649,1.92942e-05
C,2024-01-17,2024-01-17 13:44:00,0.0001955990220050552,0.0001955990220050552,1.3626928e-05
C,2024-01-17,2024-01-17 13:45:00,-0.00039112154101905716,-0.00039112154101905716,1.8943778e-05
C,2024-01-17,2024-01-17 13:46:00,0.00039127457693433065,0.00039127457693433065,1.4494525e-05
C,2024-01-17,2024-01-17 13:47:00,-0.0007822430820377813,-0.0007822430820377813,1.5113353e-05
C,2024-01-17,2024-01-17 13:48:00,0.0001957138663275515,0.0001957138663275515,1.8761431e-05
C,2024-01-17,2024-01-17 13:49:00,0.0004891889247626846,0.0004891889247626846,1.5113353e-05
C,2024-01-17,2024-01-17 13:50:00,-0.000684529630353925,-0.000684529630353925,1.3626928e-05
C,2024-01-17,2024-01-17 13:51:00,-0.00039142773265476993,-0.00039142773265476993,2.0170433e-05
C,2024-01-17,2024-01-17 13:52:00,0.00019579050416052013,0.00019579050416052013,4.0113293e-05
C,2024-01-17,2024-01-17 13:53:00,0.0006851326221004594,0.0006851326221004594,1.3626928e-05
C,2024-01-17,2024-01-17 13:54:00,9.780907668233141e-05,9.780907668233141e-05,2.1443217e-05
C,2024-01-17,2024-01-17 13:55:00,-0.0005867970660147215,-0.0005867970660147215,1.3626928e-05
C,2024-01-17,2024-01-17 13:56:00,0.00039142773265488096,0.00039142773265488096,2.6570517e-05
C,2024-01-17,2024-01-17 13:57:00,0.00039127457693433065,0.00039127457693433065,1.7807777e-05
C,2024-01-17,2024-01-17 13:58:00,0.0,0.0,1.0829883e-05
C,2024-01-17,2024-01-17 13:59:00,0.00019556077050930654,0.00019556077050930654,1.2217926e-05
C,2024-01-17,2024-01-17 14:00:00,0.0006843288689022398,0.0006843288689022398,1.5113353e-05
C,2024-01-17,2024-01-17 14:01:00,-0.0002930832356389246,-0.0002930832356389246,1.0690625e-05
C,2024-01-17,2024-01-17 14:02:00,0.00029316915860455595,0.00029316915860455595,1.6936905e-05
C,2024-01-17,2024-01-17 14:03:00,0.0002930832356389246,0.0002930832356389246,1.7807777e-05
C,2024-01-17,2024-01-17 14:04:00,9.766578767456124e-05,9.766578767456124e-05,1.7807777e-05
C,2024-01-17,2024-01-17 14:05:00,-0.000488281250000111,-0.000488281250000111,1.8943778e-05
C,2024-01-17,2024-01-17 14:06:00,0.0002931118710307601,0.0002931118710307601,2.6570517e-05
C,2024-01-17,2024-01-17 14:07:00,0.0002930259816369407,0.0002930259816369407,1.3626928e-05
C,2024-01-17,2024-01-17 14:08:00,0.0,0.0,1.3626928e-05
C,2024-01-17,2024-01-17 14:09:00,-0.00019529342837609764,-0.00019529342837609764,1.3626928e-05
C,2024-01-17,2024-01-17 14:10:00,-0.0009766578767458345,-0.0009766578767458345,1.3626928e-05
C,2024-01-17,2024-01-17 14:11:00,-0.00019552253397181474,-0.00019552253397181474,3.3249788e-05
C,2024-01-17,2024-01-17 14:12:00,0.00019556077050930654,0.00019556077050930654,5.839374e-05
C,2024-01-17,2024-01-17 14:13:00,-0.0007820901358880361,-0.0007820901358880361,3.258609e-05
C,2024-01-17,2024-01-17 14:14:00,-9.783778495275897e-05,-9.783778495275897e-05,3.3812743e-05
C,2024-01-17,2024-01-17 14:15:00,0.0010763209393347406,0.0010763209393347406,2.6536434e-05
C,2024-01-17,2024-01-17 14:16:00,-0.00019548431238403108,-0.00019548431238403108,-4.596478e-05
C,2024-01-17,2024-01-17 14:17:00,0.0,0.0,2.2849556e-05
C,2024-01-17,2024-01-17 14:18:00,0.0,0.0,1.8943778e-05
C,2024-01-17,2024-01-17 14:19:00,0.0,0.0,1.3626928e-05
C,2024-01-17,2024-01-17 14:20:00,0.00019552253397203678,0.00019552253397203678,1.3626928e-05
C,2024-01-17,2024-01-17 14:21:00,-9.774215619207105e-05,-9.774215619207105e-05,1.5113353e-05
C,2024-01-17,2024-01-17 14:22:00,0.000684261974584599,0.000684261974584599,1.3626928e-05
C,2024-01-17,2024-01-17 14:23:00,0.0,0.0,1.5113353e-05
C,2024-01-17,2024-01-17 14:24:00,0.0,0.0,1.2217926e-05
C,2024-01-17,2024-01-17 14:25:00,0.0004884243430691715,0.0004884243430691715,1.3626928e-05
C,2024-01-17,2024-01-17 14:26:00,-0.0007810974419059091,-0.0007810974419059091,1.5113353e-05
C,2024-01-17,2024-01-17 14:27:00,0.00039085401602489966,0.00039085401602489966,2.6570517e-05
C,2024-01-17,2024-01-17 14:28:00,0.0,0.0,1.3626928e-05
C,2024-01-17,2024-01-17 14:29:00,0.0002930259816369407,0.0002930259816369407,1.8943778e-05
C,2024-01-17,2024-01-17 14:30:00,0.0,0.0,1.92942e-05
C,2024-01-17,2024-01-17 14:31:00,-0.0070305634215408475,-0.003095470356366915,1.6724543e-05
C,2024-01-17,2024-01-17 14:32:00,0.0065886517848363635,0.0028558438647459253,0.0004104862
C,2024-01-17,2024-01-17 14:33:00,-0.0002930832356389246,-0.0002930832356389246,-0.00027863614
C,2024-01-17,2024-01-17 14:34:00,0.0,0.0,3.0717718e-05
C,2024-01-17,2024-01-17 14:35:00,-0.0004886152643408526,-0.0004886152643408526,2.097362e-05
C,2024-01-17,2024-01-17 14:36:00,0.0002933124755573058,0.0002933124755573058,3.820407e-05
C,2024-01-17,2024-01-17 14:37:00,0.0,0.0,8.304743e-09
C,2024-01-17,2024-01-17 14:38:00,0.00019548431238392006,0.00019548431238392006,1.9979867e-05
C,2024-01-17,2024-01-17 14:39:00,0.0,0.0,1.9504676e-05
C,2024-01-17,2024-01-17 14:40:00,0.00029316915860455595,0.00029316915860455595,2.0167268e-05
C,2024-01-17,2024-01-17 14:41:00,9.769441187978956e-05,9.769441187978956e-05,1.8018252e-05
C,2024-01-17,2024-01-17 14:42:00,0.0,0.0,2.33351e-05
C,2024-01-17,2024-01-17 14:43:00,0.0003907394744553372,0.0003907394744553372,1.8018252e-05
C,2024-01-17,2024-01-17 14:44:00,9.764671418821536e-05,9.764671418821536e-05,1.9504676e-05
C,2024-01-17,2024-01-17 14:45:00,-0.00029291154071475756,-0.00029291154071475756,2.33351e-05
C,2024-01-17,2024-01-17 14:46:00,0.0001953315753491225,0.0001953315753491225,2.5611698e-05
C,2024-01-17,2024-01-17 14:47:00,-0.0006835269993163973,-0.0006835269993163973,1.9504676e-05
C,2024-01-17,2024-01-17 14:48:00,9.77135040061139e-05,9.77135040061139e-05,2.6780992e-05
C,2024-01-17,2024-01-17 14:49:00,0.0,0.0,1.5799018e-05
C,2024-01-17,2024-01-17 14:50:00,0.00019540791402072877,0.00019540791402072877,2.1655898e-05
C,2024-01-17,2024-01-17 14:51:00,-0.0005861092116831168,-0.0005861092116831168,1.9504676e-05
C,2024-01-17,2024-01-17 14:52:00,0.00019548431238392006,0.00019548431238392006,6.1107174e-05
C,2024-01-17,2024-01-17 14:53:00,9.772305286825933e-05,9.772305286825933e-05,1.8095676e-05
C,2024-01-17,2024-01-17 14:54:00,-0.0004885675200313466,-0.0004885675200313466,2.33351e-05
C,2024-01-17,2024-01-17 14:55:00,0.0,0.0,2.0055142e-05
C,2024-01-17,2024-01-17 14:56:00,9.776126698612941e-05,9.776126698612941e-05,2.1655898e-05
C,2024-01-17,2024-01-17 14:57:00,-9.775171065495858e-05,-9.775171065495858e-05,2.33351e-05
C,2024-01-17,2024-01-17 14:58:00,0.00039104506794407357,0.00039104506794407357,1.9504676e-05
C,2024-01-17,2024-01-17 14:59:00,-0.0005863383172088898,-0.0005863383172088898,1.9504676e-05
C,2024-01-17,2024-01-17 15:00:00,-0.0004889019262737104,-0.0004889019262737104,2.6780992e-05
C,2024-01-17,2024-01-17 15:01:00,0.00019565642731378396,0.00019565642731378396,2.9009634e-05
C,2024-01-17,2024-01-17 15:02:00,9.780907668233141e-05,9.780907668233141e-05,1.8018252e-05
C,2024-01-17,2024-01-17 15:03:00,0.0,0.0,1.9504676e-05
C,2024-01-17,2024-01-17 15:04:00,0.0003911980440096663,0.0003911980440096663,2.097362e-05
C,2024-01-17,2024-01-17 15:05:00,0.0,0.0,1.9504676e-05
C,2024-01-17,2024-01-17 15:06:00,0.0,0.0,1.9504676e-05
C,2024-01-17,2024-01-17 15:07:00,-9.776126698590737e-05,-9.776126698590737e-05,1.8018252e-05
C,2024-01-17,2024-01-17 15:08:00,-9.777082518569458e-05,-9.777082518569458e-05,1.9504676e-05
C,2024-01-17,2024-01-17 15:09:00,9.778038525465327e-05,9.778038525465327e-05,2.33351e-05
C,2024-01-17,2024-01-17 15:10:00,-0.0002933124755573058,-0.0002933124755573058,1.8018252e-05
C,2024-01-17,2024-01-17 15:11:00,0.0005867970660147215,0.0005867970660147215,2.4202698e-05
C,2024-01-17,2024-01-17 15:12:00,0.00019548431238392006,0.00019548431238392006,2.3474713e-05
C,2024-01-17,2024-01-17 15:13:00,0.0004886152643408526,0.0004886152643408526,1.9504676e-05
C,2024-01-17,2024-01-17 15:14:00,9.767532721238759e-05,9.767532721238759e-05,3.002175e-05
C,2024-01-17,2024-01-17 15:15:00,0.000390663150698467,0.000390663150698467,2.1921056e-05
C,2024-01-17,2024-01-17 15:16:00,-0.00039051059259986864,-0.00039051059259986864,6.874898e-06
C,2024-01-17,2024-01-17 15:17:00,0.0009766578767458345,0.0009766578767458345,2.5611698e-05
C,2024-01-17,2024-01-17 15:18:00,0.001170845936188769,0.001170845936188769,-4.1865966e-05
C,2024-01-17,2024-01-17 15:19:00,0.000779651106129986,0.000779651106129986,-0.00026689714
C,2024-01-17,2024-01-17 15:20:00,0.0009738046547862478,0.0009738046547862478,-9.562064e-06
C,2024-01-17,2024-01-17 15:21:00,-0.0006810000972856667,-0.0006810000972856667,-0.00021002874
C,2024-01-17,2024-01-17 15:22:00,0.0006814641744548044,0.0006814641744548044,5.6734243e-06
C,2024-01-17,2024-01-17 15:23:00,-0.00019457145636714301,-0.00019457145636714301,1.2416762e-05
C,2024-01-17,2024-01-17 15:24:00,-0.0001946093217866096,-0.0001946093217866096,2.1115866e-05
C,2024-01-17,2024-01-17 15:25:00,-9.732360097314263e-05,-9.732360097314263e-05,2.5296711e-05
C,2024-01-17,2024-01-17 15:26:00,-0.00048666536889241385,-0.00048666536889241385,1.5799018e-05
C,2024-01-17,2024-01-17 15:27:00,-9.738046547858037e-05,-9.738046547858037e-05,2.3152756e-05
C,2024-01-17,2024-01-17 15:28:00,-0.0006817296455006172,-0.0006817296455006172,3.8728213e-05
C,2024-01-17,2024-01-17 15:29:00,0.0,0.0,4.2384927e-05
C,2024-01-17,2024-01-17 15:30:00,-9.745638826630376e-05,-9.745638826630376e-05,2.9441337e-05
C,2024-01-17,2024-01-17 15:31:00,0.0008771929824562541,0.0008771929824562541,2.9441337e-05
C,2024-01-17,2024-01-17 15:32:00,0.0003895218619143215,0.0003895218619143215,-4.910951e-05
C,2024-01-17,2024-01-17 15:33:00,0.00038937019371187986,0.00038937019371187986,1.5380716e-05
C,2024-01-17,2024-01-17 15:34:00,0.0006811326262528006,0.0006811326262528006,1.8943778e-05
C,2024-01-17,2024-01-17 15:35:00,0.0001944768572539335,0.0001944768572539335,1.3959452e-05
C,2024-01-17,2024-01-17 15:36:00,0.00048609760839979366,0.00048609760839979366,1.9276296e-05
C,2024-01-17,2024-01-17 15:37:00,0.0005830337187833212,0.0005830337187833212,1.36248555e-05
C,2024-01-17,2024-01-17 15:38:00,-0.00038846265902681143,-0.00038846265902681143,1.3959452e-05
C,2024-01-17,2024-01-17 15:39:00,0.00019430681045351506,0.00019430681045351506,2.336939e-05
C,2024-01-17,2024-01-17 15:40:00,-0.0001942690626516308,-0.0001942690626516308,2.2913813e-05
C,2024-01-17,2024-01-17 15:41:00,-0.00019430681045384812,-0.00019430681045384812,2.7094657e-05
C,2024-01-17,2024-01-17 15:42:00,0.00029151685939177163,0.00029151685939177163,2.1312366e-05
C,2024-01-17,2024-01-17 15:43:00,9.714396735960307e-05,9.714396735960307e-05,-7.3469005e-06
C,2024-01-17,2024-01-17 15:44:00,-9.713453132575989e-05,-9.713453132575989e-05,1.3511686e-05
C,2024-01-17,2024-01-17 15:45:00,-0.0006800077715173325,-0.0006800077715173325,1.3511686e-05
C,2024-01-17,2024-01-17 15:46:00,-0.0005832604257801632,-0.0005832604257801632,2.4140469e-05
C,2024-01-17,2024-01-17 15:47:00,0.0,0.0,4.196363e-05
C,2024-01-17,2024-01-17 15:48:00,-0.00019453360568044697,-0.00019453360568044697,2.7199027e-05
C,2024-01-17,2024-01-17 15:49:00,0.0,0.0,2.902005e-05
C,2024-01-17,2024-01-17 15:50:00,0.00029185718455093657,0.00029185718455093657,2.030869e-05
C,2024-01-17,2024-01-17 15:51:00,9.725734292942434e-05,9.725734292942434e-05,1.0414071e-05
C,2024-01-17,2024-01-17 15:52:00,-0.0008752309637264366,-0.0008752309637264366,6.2582744e-06
C,2024-01-17,2024-01-17 15:53:00,0.0004866653688921918,0.0004866653688921918,2.9997345e-05
C,2024-01-17,2024-01-17 15:54:00,0.00029185718455093657,0.00029185718455093657,1.9083389e-05
C,2024-01-17,2024-01-17 15:55:00,9.725734292942434e-05,9.725734292942434e-05,1.9083389e-05
C,2024-01-17,2024-01-17 15:56:00,0.0,0.0,1.0088695e-05
C,2024-01-17,2024-01-17 15:57:00,-0.0003889915394340582,-0.0003889915394340582,1.5113353e-05
C,2024-01-17,2024-01-17 15:58:00,-0.0003891429127346191,-0.0003891429127346191,1.2365295e-05
C,2024-01-18,2024-01-18 09:40:00,-0.0018554687499999778,-0.0018554687499999778,-0.00037390966
C,2024-01-18,2024-01-18 09:41:00,0.0008805400645728323,0.0008805400645728323,0.00049109425
C,2024-01-18,2024-01-18 09:42:00,-0.0011730205278591699,-0.0011730205278591699,-0.00021734677
C,2024-01-18,2024-01-18 09:43:00,0.00019573302016051564,0.00019573302016051564,0.00016086588
C,2024-01-18,2024-01-18 09:44:00,-0.0009784735812133905,-0.0009784735812133905,-3.1262683e-05
C,2024-01-18,2024-01-18 09:45:00,-0.0015670910871694588,-0.0015670910871694588,0.00013048727
C,2024-01-18,2024-01-18 09:46:00,-0.004414361389052268,-0.003089910647061753,0.00051197654
C,2024-01-18,2024-01-18 09:47:00,0.004828061878017431,0.0030073397013112707,0.00043171726
C,2024-01-18,2024-01-18 09:48:00,-0.00019611688566367746,-0.00019611688566367746,-0.0004217917
C,2024-01-18,2024-01-18 09:49:00,-0.0015692428403296654,-0.0015692428403296654,2.5860229e-05
C,2024-01-18,2024-01-18 09:50:00,-0.0007858546168958425,-0.0007858546168958425,0.0006575454
C,2024-01-18,2024-01-18 09:51:00,9.83090837591849e-05,9.83090837591849e-05,-0.00011594728
C,2024-01-18,2024-01-18 09:52:00,0.0009829942003343195,0.0009829942003343195,-7.407636e-05
C,2024-01-18,2024-01-18 09:53:00,-0.0004910144358243329,-0.0004910144358243329,-0.00012577341
C,2024-01-18,2024-01-18 09:54:00,-9.825112988792739e-05,-9.825112988792739e-05,0.00015549742
C,2024-01-18,2024-01-18 09:55:00,9.8260784120896e-05,9.8260784120896e-05,-2.2220695e-05
C,2024-01-18,2024-01-18 09:56:00,-0.0006877579092159358,-0.0006877579092159358,-2.4040935e-05
C,2024-01-18,2024-01-18 09:57:00,0.0010815062432405487,0.0010815062432405487,6.855538e-05
C,2024-01-18,2024-01-18 09:58:00,9.821253191910628e-05,9.821253191910628e-05,-0.00012400585
C,2024-01-18,2024-01-18 09:59:00,0.0009820288716488879,0.0009820288716488879,2.8201648e-05
C,2024-01-18,2024-01-18 10:00:00,0.00039242617482582176,0.00039242617482582176,-0.00016743339
C,2024-01-18,2024-01-18 10:01:00,-9.80680592330696e-05,-9.80680592330696e-05,0.00010788617
C,2024-01-18,2024-01-18 10:02:00,0.0017653981953706932,0.0017653981953706932,0.000104649225
C,2024-01-18,2024-01-18 10:03:00,0.0007832386919912615,0.0007832386919912615,-0.0006314094
C,2024-01-18,2024-01-18 10:04:00,0.0006847974955976888,0.0006847974955976888,0.00010918045
C,2024-01-18,2024-01-18 10:05:00,-0.0011731352038321097,-0.0011731352038321097,-6.881719e-05
C,2024-01-18,2024-01-18 10:06:00,0.0008808847998433844,0.0008808847998433844,0.00021957741
C,2024-01-18,2024-01-18 10:07:00,0.0003911597887737983,0.0003911597887737983,-0.00019981805
C,2024-01-18,2024-01-18 10:08:00,-9.775171065495858e-05,-9.775171065495858e-05,5.164257e-05
C,2024-01-18,2024-01-18 10:09:00,0.00019552253397203678,0.00019552253397203678,-7.12188e-05
C,2024-01-18,2024-01-18 10:10:00,0.0014661323428795114,0.0014661323428795114,2.89287e-05
C,2024-01-18,2024-01-18 10:11:00,-0.0004879953152451266,-0.0004879953152451266,-0.0004229131
C,2024-01-18,2024-01-18 10:12:00,0.0013670539986330166,0.0013670539986330166,0.00016424416
C,2024-01-18,2024-01-18 10:13:00,0.0005850804485616479,0.0005850804485616479,-0.00029174602
C,2024-01-18,2024-01-18 10:14:00,-0.0016567586005262758,-0.0016567586005262758,0.00012442096
C,2024-01-18,2024-01-18 10:15:00,0.0004880905896136323,0.0004880905896136323,0.0004500958
C,2024-01-18,2024-01-18 10:16:00,-9.757049468261947e-05,-9.757049468261947e-05,0.00014820066
C,2024-01-18,2024-01-18 10:17:00,-0.00019516003122543868,-0.00019516003122543868,3.218756e-05
C,2024-01-18,2024-01-18 10:18:00,0.0036111653328128046,0.0030073397013112707,0.00018713828
C,2024-01-18,2024-01-18 10:19:00,-0.005056890012642312,-0.003089910647061753,-0.0005015371
C,2024-01-18,2024-01-18 10:20:00,0.0004887107809599112,0.0004887107809599112,0.00056916854
C,2024-01-18,2024-01-18 10:21:00,-0.0002930832356389246,-0.0002930832356389246,0.000115076386
C,2024-01-18,2024-01-18 10:22:00,0.00019544610573629662,0.00019544610573629662,0.0002440049
C,2024-01-18,2024-01-18 10:23:00,0.0007816316560822489,0.0007816316560822489,0.00010797236
C,2024-01-18,2024-01-18 10:24:00,-0.001171531777799495,-0.001171531777799495,0.00035896455
C,2024-01-18,2024-01-18 10:25:00,0.0,0.0,0.00033921082
C,2024-01-18,2024-01-18 10:26:00,-0.0014661323428795114,-0.0014661323428795114,0.00019053122
C,2024-01-18,2024-01-18 10:27:00,-0.0012725137039937273,-0.0012725137039937273,0.0005035526
C,2024-01-18,2024-01-18 10:28:00,9.801038910106641e-05,9.801038910106641e-05,0.00057030184
C,2024-01-18,2024-01-18 10:29:00,0.0002940023520188184,0.0002940023520188184,0.00041607738
C,2024-01-18,2024-01-18 10:30:00,-0.0009797198001371132,-0.0009797198001371132,0.00016667007
C,2024-01-18,2024-01-18 10:31:00,-0.0005884083553986397,-0.0005884083553986397,0.00033714334
C,2024-01-18,2024-01-18 10:32:00,0.0008831321754489974,0.0008831321754489974,0.0004313591
C,2024-01-18,2024-01-18 10:33:00,-0.0006862745098038525,-0.0006862745098038525,-3.4284392e-05
C,2024-01-18,2024-01-18 10:34:00,0.0002943196311193663,0.0002943196311193663,0.00021343453
C,2024-01-18,2024-01-18 10:35:00,0.000980776775205916,0.000980776775205916,0.00015210168
C,2024-01-18,2024-01-18 10:36:00,-0.000685871056241405,-0.000685871056241405,4.1650223e-05
C,2024-01-18,2024-01-18 10:37:00,-0.0004902441415826075,-0.0004902441415826075,6.0612183e-05
C,2024-01-18,2024-01-18 10:38:00,-0.000980969197567183,-0.000980969197567183,0.00022446993
C,2024-01-18,2024-01-18 10:39:00,0.0,0.0,0.00019753631
C,2024-01-18,2024-01-18 10:40:00,-0.00029457973291435735,-0.00029457973291435735,9.5395524e-05
C,2024-01-18,2024-01-18 10:41:00,-0.0005893330714075162,-0.0005893330714075162,8.894945e-05
C,2024-01-18,2024-01-18 10:42:00,0.0006879606879606204,0.0006879606879606204,-6.079767e-05
C,2024-01-18,2024-01-18 10:43:00,0.0005892751915144157,0.0005892751915144157,7.44073e-05
C,2024-01-18,2024-01-18 10:44:00,-0.001079701609736805,-0.001079701609736805,3.317574e-05
C,2024-01-18,2024-01-18 10:45:00,-0.0011791294094527505,-0.0011791294094527505,0.0001920153
C,2024-01-18,2024-01-18 10:46:00,-0.0003935071323167838,-0.0003935071323167838,0.0003554381
C,2024-01-18,2024-01-18 10:47:00,-0.001180986123412997,-0.001180986123412997,0.00015341985
C,2024-01-18,2024-01-18 10:48:00,0.0009853187506156935,0.0009853187506156935,0.00022074688
C,2024-01-18,2024-01-18 10:49:00,-0.00039373954129340305,-0.00039373954129340305,7.5608746e-06
C,2024-01-18,2024-01-18 10:50:00,-0.000984736582964274,-0.000984736582964274,-9.006554e-05
C,2024-01-18,2024-01-18 10:51:00,0.0011828486939380323,0.0011828486939380323,-2.912721e-05
C,2024-01-18,2024-01-18 10:52:00,0.0002953628039774614,0.0002953628039774614,-0.00011161885
C,2024-01-18,2024-01-18 10:53:00,-0.0010826771653541511,-0.0010826771653541511,1.3333529e-05
C,2024-01-18,2024-01-18 10:54:00,-0.00039412750024647725,-0.00039412750024647725,2.6193813e-05
C,2024-01-18,2024-01-18 10:55:00,0.0007885657959587622,0.0007885657959587622,0.00015241353
C,2024-01-18,2024-01-18 10:56:00,-0.0018713680685511491,-0.0018713680685511491,-3.3937205e-05
C,2024-01-18,2024-01-18 10:57:00,-0.000197355437142388,-0.000197355437142388,0.00035179808
C,2024-01-18,2024-01-18 10:58:00,-0.00019739439399901748,-0.00019739439399901748,-0.00010329434
C,2024-01-18,2024-01-18 10:59:00,-0.0015794669299112885,-0.0015794669299112885,-5.5008684e-05
C,2024-01-18,2024-01-18 11:00:00,0.00019774569903097117,0.00019774569903097117,0.0005488408
C,2024-01-18,2024-01-18 11:01:00,-0.0005931198102017143,-0.0005931198102017143,0.00015771347
C,2024-01-18,2024-01-18 11:02:00,9.891196834832527e-05,9.891196834832527e-05,0.00018134475
C,2024-01-18,2024-01-18 11:03:00,-0.00019780437147653984,-0.00019780437147653984,4.902307e-05
C,2024-01-18,2024-01-18 11:04:00,0.0,0.0,-7.6951736e-05
C,2024-01-18,2024-01-18 11:05:00,-0.0003956870115737754,-0.0003956870115737754,3.2317144e-05
C,2024-01-18,2024-01-18 11:06:00,-0.00019792182088085308,-0.00019792182088085308,0.00014410257
C,2024-01-18,2024-01-18 11:07:00,0.0,0.0,0.0001254156
C,2024-01-18,2024-01-18 11:08:00,0.0004949025042066957,0.0004949025042066957,4.472269e-05
C,2024-01-18,2024-01-18 11:09:00,0.001088246933122372,0.001088246933122372,4.5949004e-05
C,2024-01-18,2024-01-18 11:10:00,0.0007905919557269492,0.0007905919557269492,-0.0002482748
C,2024-01-18,2024-01-18 11:11:00,-0.0008887133405747205,-0.0008887133405747205,3.6980695e-05
C,2024-01-18,2024-01-18 11:12:00,0.0016801739474203714,0.0016801739474203714,4.230466e-05
C,2024-01-18,2024-01-18 11:13:00,-0.0002960039467192477,-0.0002960039467192477,-0.00060195074
C,2024-01-18,2024-01-18 11:14:00,0.00039478878799847905,0.00039478878799847905,0.00015340999
C,2024-01-18,2024-01-18 11:15:00,0.0008879242304655754,0.0008879242304655754,-2.337677e-06
C,2024-01-18,2024-01-18 11:16:00,0.0007885657959587622,0.0007885657959587622,-0.0002472338
C,2024-01-18,2024-01-18 11:17:00,-0.001280409731113874,-0.001280409731113874,9.640135e-05
C,2024-01-18,2024-01-18 11:18:00,0.0,0.0,0.00014411747
C,2024-01-18,2024-01-18 11:19:00,-9.861932938859397e-05,-9.861932938859397e-05,-1.7905448e-05
C,2024-01-18,2024-01-18 11:20:00,0.0004931452805996273,0.0004931452805996273,7.3260317e-06
C,2024-01-18,2024-01-18 11:21:00,-0.0004929022082018619,-0.0004929022082018619,-7.640832e-05
C,2024-01-18,2024-01-18 11:22:00,0.0001972581122398065,0.0001972581122398065,0.0001408999
C,2024-01-18,2024-01-18 11:23:00,0.00019721920915105606,0.00019721920915105606,-8.420857e-06
C,2024-01-18,2024-01-18 11:24:00,0.00019718032140381148,0.00019718032140381148,-5.1740633e-05
C,2024-01-18,2024-01-18 11:25:00,0.00019714144898985708,0.00019714144898985708,-6.2780586e-05
C,2024-01-18,2024-01-18 11:26:00,0.0007884103675963594,0.0007884103675963594,-8.6882455e-06
C,2024-01-18,2024-01-18 11:27:00,-0.00019694731659292142,-0.00019694731659292142,-0.00013746206
C,2024-01-18,2024-01-18 11:28:00,-0.0009849305623953475,-0.0009849305623953475,-4.1455813e-05
C,2024-01-18,2024-01-18 11:29:00,-0.0009859016070197235,-0.0009859016070197235,-5.3153206e-05
C,2024-01-18,2024-01-18 11:30:00,0.00019737491364835158,0.00019737491364835158,0.00015795164
C,2024-01-18,2024-01-18 11:31:00,-0.00019733596447946145,-0.00019733596447946145,4.0023257e-05
C,2024-01-18,2024-01-18 11:32:00,0.00019737491364835158,0.00019737491364835158,4.545257e-05
C,2024-01-18,2024-01-18 11:33:00,0.00019733596447957247,0.00019733596447957247,7.902202e-05
C,2024-01-18,2024-01-18 11:34:00,0.00019729703067961069,0.00019729703067961069,4.3126292e-05
C,2024-01-18,2024-01-18 11:35:00,-0.000789032448959448,-0.000789032448959448,-7.1351395e-05
C,2024-01-18,2024-01-18 11:36:00,0.0,0.0,0.00011619425
C,2024-01-18,2024-01-18 11:37:00,-0.0004935346954891839,-0.0004935346954891839,3.595461e-05
C,2024-01-18,2024-01-18 11:38:00,-0.0007900454276119628,-0.0007900454276119628,6.9587535e-05
C,2024-01-18,2024-01-18 11:39:00,-0.0004941688080649653,-0.0004941688080649653,0.00013114151
C,2024-01-18,2024-01-18 11:40:00,-0.0005932957579353193,-0.0005932957579353193,0.00019054991
C,2024-01-18,2024-01-18 11:41:00,0.00039576531117058167,0.00039576531117058167,0.00014391245
C,2024-01-18,2024-01-18 11:42:00,0.0008901196716448734,0.0008901196716448734,6.012697e-05
C,2024-01-18,2024-01-18 11:43:00,-0.00029644268774708937,-0.00029644268774708937,-0.0001486453
C,2024-01-18,2024-01-18 11:44:00,-0.0009884353069092855,-0.0009884353069092855,2.615145e-05
C,2024-01-18,2024-01-18 11:45:00,-0.0001978826555850688,-0.0001978826555850688,5.1821087e-05
C,2024-01-18,2024-01-18 11:46:00,0.00019792182088052002,0.00019792182088052002,5.1709663e-05
C,2024-01-18,2024-01-18 11:47:00,-0.0003957653111703596,-0.0003957653111703596,5.3695076e-05
C,2024-01-18,2024-01-18 11:48:00,0.00019796100168267827,0.00019796100168267827,0.00017549179
C,2024-01-18,2024-01-18 11:49:00,0.0003958436417614841,0.0003958436417614841,0.00012547779
C,2024-01-18,2024-01-18 11:50:00,0.001681669799188823,0.001681669799188823,-6.8099165e-05
C,2024-01-18,2024-01-18 11:51:00,-0.00019751135690282418,-0.00019751135690282418,-0.0005529557
C,2024-01-18,2024-01-18 11:52:00,0.0016791781904383907,0.0016791781904383907,8.735332e-05
C,2024-01-18,2024-01-18 11:53:00,0.0006902672320283632,0.0006902672320283632,-0.0006009484
C,2024-01-18,2024-01-18 11:54:00,-0.0004927079227432518,-0.0004927079227432518,-3.0340912e-05
C,2024-01-18,2024-01-18 11:55:00,0.00019718032140381148,0.00019718032140381148,5.551761e-06
C,2024-01-18,2024-01-18 11:56:00,0.0013799901429276673,0.0013799901429276673,-6.7259384e-06
C,2024-01-18,2024-01-18 11:57:00,0.00019686977064670153,0.00019686977064670153,-0.0004471767
C,2024-01-18,2024-01-18 11:58:00,-0.0004920775514221098,-0.0004920775514221098,6.9717724e-05
C,2024-01-18,2024-01-18 11:59:00,-0.0008861756597086101,-0.0008861756597086101,2.9091473e-06
C,2024-01-18,2024-01-18 12:00:00,-0.0003942051837980687,-0.0003942051837980687,4.039867e-05
C,2024-01-18,2024-01-18 12:01:00,0.00019718032140381148,0.00019718032140381148,7.077291e-05
C,2024-01-18,2024-01-18 12:02:00,-9.85707244947065e-05,-9.85707244947065e-05,-0.00015751911
C,2024-01-18,2024-01-18 12:03:00,9.858044164023916e-05,9.858044164023916e-05,-2.1563543e-05
C,2024-01-18,2024-01-18 12:04:00,0.0013799901429276673,0.0013799901429276673,-6.246657e-05
C,2024-01-18,2024-01-18 12:05:00,9.843488532323974e-05,9.843488532323974e-05,-0.00032980432
C,2024-01-18,2024-01-18 12:06:00,-0.0006889763779527325,-0.0006889763779527325,-1.0114172e-05
C,2024-01-18,2024-01-18 12:07:00,0.0006894513936765989,0.0006894513936765989,-2.204075e-05
C,2024-01-18,2024-01-18 12:08:00,0.0004921259842520787,0.0004921259842520787,8.9867026e-05
C,2024-01-18,2024-01-18 12:09:00,-0.0004918839153961185,-0.0004918839153961185,-7.381956e-05
C,2024-01-18,2024-01-18 12:10:00,-0.0004921259842517456,-0.0004921259842517456,-1.7204853e-05
C,2024-01-18,2024-01-18 12:11:00,-0.00039389463318584284,-0.00039389463318584284,1.907255e-06
C,2024-01-18,2024-01-18 12:12:00,-0.000788099694611244,-0.000788099694611244,4.4235374e-05
C,2024-01-18,2024-01-18 12:13:00,0.0009859016070195015,0.0009859016070195015,-3.0478954e-05
C,2024-01-18,2024-01-18 12:14:00,-0.0009849305623953475,-0.0009849305623953475,-0.00017596818
C,2024-01-18,2024-01-18 12:15:00,0.0005915409642118785,0.0005915409642118785,2.2716664e-05
C,2024-01-18,2024-01-18 12:16:00,0.00019706375012296107,0.00019706375012296107,6.466356e-05
C,2024-01-18,2024-01-18 12:17:00,-0.000788099694611244,-0.000788099694611244,1.8714834e-05
C,2024-01-18,2024-01-18 12:18:00,9.859016070179472e-05,9.859016070179472e-05,-4.3206594e-05
C,2024-01-18,2024-01-18 12:19:00,9.858044164023916e-05,9.858044164023916e-05,4.5552344e-05
C,2024-01-18,2024-01-18 12:20:00,9.857072449492854e-05,9.857072449492854e-05,-5.7844685e-05
C,2024-01-18,2024-01-18 12:21:00,-0.0004928050463237632,-0.0004928050463237632,-4.608096e-05
C,2024-01-18,2024-01-18 12:22:00,0.003944384183019567,0.0030073397013112707,6.0087914e-05
C,2024-01-18,2024-01-18 12:23:00,-0.0033395540713093697,-0.003089910647061753,-0.00081022136
C,2024-01-18,2024-01-18 12:24:00,-0.00019710259189920087,-0.00019710259189920087,0.00040995053
C,2024-01-18,2024-01-18 12:25:00,9.857072449492854e-05,9.857072449492854e-05,-6.510593e-05
C,2024-01-18,2024-01-18 12:26:00,0.0005913660555885158,0.0005913660555885158,7.7827855e-05
C,2024-01-18,2024-01-18 12:27:00,-0.0008865248226950229,-0.0008865248226950229,-7.4225136e-05
C,2024-01-18,2024-01-18 12:28:00,0.0,0.0,0.00036822885
C,2024-01-18,2024-01-18 12:29:00,-0.000394360642807956,-0.000394360642807956,-2.0459558e-05
C,2024-01-18,2024-01-18 12:30:00,0.0001972581122398065,0.0001972581122398065,-3.955251e-05
C,2024-01-18,2024-01-18 12:31:00,-0.00019721920915094504,-0.00019721920915094504,-2.6186704e-06
C,2024-01-18,2024-01-18 12:32:00,0.0008876615050792402,0.0008876615050792402,6.413141e-05
C,2024-01-18,2024-01-18 12:33:00,-0.0005912495072919466,-0.0005912495072919466,-0.0001869117
C,2024-01-18,2024-01-18 12:34:00,-0.000295799645040451,-0.000295799645040451,0.00011027808
C,2024-01-18,2024-01-18 12:35:00,0.00029588716835982076,0.00029588716835982076,7.240283e-05
C,2024-01-18,2024-01-18 12:36:00,0.0007887990534412026,0.0007887990534412026,-2.6005528e-05
C,2024-01-18,2024-01-18 12:37:00,9.852216748762466e-05,9.852216748762466e-05,-9.425547e-05
C,2024-01-18,2024-01-18 12:38:00,-0.000394049847305622,-0.000394049847305622,0.00011561581
C,2024-01-18,2024-01-18 12:39:00,0.0002956538878486903,0.0002956538878486903,1.074882e-06
C,2024-01-18,2024-01-18 12:40:00,-0.00019704433497547136,-0.00019704433497547136,-3.838037e-05
C,2024-01-18,2024-01-18 12:41:00,0.0002956247536460843,0.0002956247536460843,2.5269152e-05
C,2024-01-18,2024-01-18 12:42:00,0.000197024923652922,0.000197024923652922,-2.1584323e-05
C,2024-01-18,2024-01-18 12:43:00,0.00039397222495796136,0.00039397222495796136,-5.9813567e-05
C,2024-01-18,2024-01-18 12:44:00,0.0007876341439403411,0.0007876341439403411,-6.0293234e-05
C,2024-01-18,2024-01-18 12:45:00,0.0001967535661584474,0.0001967535661584474,-9.5290765e-05
C,2024-01-18,2024-01-18 12:46:00,0.00019671486180783404,0.00019671486180783404,1.4770188e-05
C,2024-01-18,2024-01-18 12:47:00,-0.00019667617268159798,-0.00019667617268159798,-7.854148e-05
C,2024-01-18,2024-01-18 12:48:00,-0.00019671486180772302,-0.00019671486180772302,-1.3537378e-05
C,2024-01-18,2024-01-18 12:49:00,-0.0004918839153961185,-0.0004918839153961185,-7.684142e-05
C,2024-01-18,2024-01-18 12:50:00,0.0002952755905512028,0.0002952755905512028,4.6160534e-05
C,2024-01-18,2024-01-18 12:51:00,-0.0007871691429693906,-0.0007871691429693906,3.364275e-06
C,2024-01-18,2024-01-18 12:52:00,-0.00019694731659292142,-0.00019694731659292142,0.00026281635
C,2024-01-18,2024-01-18 12:53:00,9.849305623954585e-05,9.849305623954585e-05,0.00016703262
C,2024-01-18,2024-01-18 12:54:00,0.000689383494189677,0.000689383494189677,0.00014108405
C,2024-01-18,2024-01-18 12:55:00,-0.0013778171439819964,-0.0013778171439819964,-7.3127085e-05
C,2024-01-18,2024-01-18 12:56:00,0.0003942051837981797,0.0003942051837981797,0.0005545392
C,2024-01-18,2024-01-18 12:57:00,-0.000394049847305622,-0.000394049847305622,1.4168514e-05
C,2024-01-18,2024-01-18 12:58:00,-0.0002956538878486903,-0.0002956538878486903,9.122268e-05
C,2024-01-18,2024-01-18 12:59:00,-9.858044164023916e-05,-9.858044164023916e-05,0.000103106926
C,2024-01-18,2024-01-18 13:00:00,-0.000394360642807956,-0.000394360642807956,0.0002452433
C,2024-01-18,2024-01-18 13:01:00,-0.0001972581122398065,-0.0001972581122398065,0.00010557837
C,2024-01-18,2024-01-18 13:02:00,0.00019729703067961069,0.00019729703067961069,0.00013389881
C,2024-01-18,2024-01-18 13:03:00,-0.0005917743367196415,-0.0005917743367196415,3.720075e-08
C,2024-01-18,2024-01-18 13:04:00,-0.0017763742228361634,-0.0017763742228361634,7.34775e-05
C,2024-01-18,2024-01-18 13:05:00,0.0010874938210576612,0.0010874938210576612,0.0005227178
C,2024-01-18,2024-01-18 13:06:00,-0.00029626703535456933,-0.00029626703535456933,-0.00018103776
C,2024-01-18,2024-01-18 13:07:00,0.0002963548355230383,0.0002963548355230383,0.00023355952
C,2024-01-18,2024-01-18 13:08:00,-9.875567845141209e-05,-9.875567845141209e-05,3.7503298e-05
C,2024-01-18,2024-01-18 13:09:00,0.0,0.0,-2.9168657e-06
C,2024-01-18,2024-01-18 13:10:00,0.0001975308641977147,0.0001975308641977147,-5.1609248e-05
C,2024-01-18,2024-01-18 13:11:00,0.0003949837069219253,0.0003949837069219253,7.267721e-05
C,2024-01-18,2024-01-18 13:12:00,0.0007896555127824278,0.0007896555127824278,-1.8158984e-05
C,2024-01-18,2024-01-18 13:13:00,-0.0001972581122398065,-0.0001972581122398065,-2.261994e-05
C,2024-01-18,2024-01-18 13:14:00,-0.0003945940613594434,-0.0003945940613594434,-1.1330059e-05
C,2024-01-18,2024-01-18 13:15:00,0.0,0.0,-7.632223e-05
C,2024-01-18,2024-01-18 13:16:00,0.0006908121977697856,0.0006908121977697856,-2.44647e-05
C,2024-01-18,2024-01-18 13:17:00,9.861932938837192e-05,9.861932938837192e-05,-0.00010321623
C,2024-01-18,2024-01-18 13:18:00,0.0003944384183018901,0.0003944384183018901,1.6332779e-05
C,2024-01-18,2024-01-18 13:19:00,-0.00029571217348434153,-0.00029571217348434153,-5.1058883e-05
C,2024-01-18,2024-01-18 13:20:00,9.859988168026135e-05,9.859988168026135e-05,-6.2319687e-06
C,2024-01-18,2024-01-18 13:21:00,-0.00019718032140403352,-0.00019718032140403352,-1.3404132e-05
C,2024-01-18,2024-01-18 13:22:00,0.00029582881372647307,0.00029582881372647307,-6.689278e-05
C,2024-01-18,2024-01-18 13:23:00,0.003647476340693956,0.0030073397013112707,-2.9233337e-05
C,2024-01-18,2024-01-18 13:24:00,-0.004714664571260241,-0.003089910647061753,-0.0007914857
C,2024-01-18,2024-01-18 13:25:00,0.0008881871114181372,0.0008881871114181372,0.00040888638
C,2024-01-18,2024-01-18 13:26:00,0.0010845986984815426,0.0010845986984815426,-0.00018772186
C,2024-01-18,2024-01-18 13:27:00,-0.0009849305623953475,-0.0009849305623953475,-0.00015855274
C,2024-01-18,2024-01-18 13:28:00,-0.000394360642807956,-0.000394360642807956,-6.7326266e-07
C,2024-01-18,2024-01-18 13:29:00,0.000789032448959448,0.000789032448959448,0.0003114706
C,2024-01-18,2024-01-18 13:30:00,0.0,0.0,-4.1956682e-05
C,2024-01-18,2024-01-18 13:31:00,0.0003942051837981797,0.0003942051837981797,1.1812909e-05
C,2024-01-18,2024-01-18 13:32:00,-0.000492562309131972,-0.000492562309131972,-1.42889085e-05
C,2024-01-18,2024-01-18 13:33:00,-0.0002956830277942579,-0.0002956830277942579,3.899945e-05
C,2024-01-18,2024-01-18 13:34:00,-0.00029577048210593926,-0.00029577048210593926,-1.8686451e-06
C,2024-01-18,2024-01-18 13:35:00,0.0004930966469427478,0.0004930966469427478,-2.246784e-05
C,2024-01-18,2024-01-18 13:36:00,-0.00019714144898963504,-0.00019714144898963504,-4.5848028e-05
C,2024-01-18,2024-01-18 13:37:00,-0.001183081928423535,-0.001183081928423535,3.021991e-05
C,2024-01-18,2024-01-18 13:38:00,0.0024676734774453646,0.0024676734774453646,0.00036051663
C,2024-01-18,2024-01-18 13:39:00,0.0001969279243796418,0.0001969279243796418,-0.0004693308
C,2024-01-18,2024-01-18 13:40:00,9.844457570395981e-05,9.844457570395981e-05,4.0590014e-05
C,2024-01-18,2024-01-18 13:41:00,-0.00039373954129340305,-0.00039373954129340305,-4.1814976e-05
C,2024-01-18,2024-01-18 13:42:00,0.00019694731659258835,0.00019694731659258835,-2.5378147e-05
C,2024-01-18,2024-01-18 13:43:00,-9.845426799237611e-05,-9.845426799237611e-05,1.4417234e-05
C,2024-01-18,2024-01-18 13:44:00,-0.0006892477353288573,-0.0006892477353288573,5.6242716e-06
C,2024-01-18,2024-01-18 13:45:00,0.0015765100009852429,0.0015765100009852429,6.650941e-05
C,2024-01-18,2024-01-18 13:46:00,0.0002951303492375601,0.0002951303492375601,-0.0004049809
C,2024-01-18,2024-01-18 13:47:00,0.000295043273013329,0.000295043273013329,5.967638e-05
C,2024-01-18,2024-01-18 13:48:00,-0.0005899124963130165,-0.0005899124963130165,-3.4151817e-05
C,2024-01-18,2024-01-18 13:49:00,0.0015740285292671352,0.0015740285292671352,-1.6458262e-05
C,2024-01-18,2024-01-18 13:50:00,-0.0006875552499753246,-0.0006875552499753246,-0.0005816259
C,2024-01-18,2024-01-18 13:51:00,-9.828975820735941e-05,-9.828975820735941e-05,2.7617813e-05
C,2024-01-18,2024-01-18 13:52:00,0.00019659884006695272,0.00019659884006695272,-4.723657e-05
C,2024-01-18,2024-01-18 13:53:00,-0.0005896805896805635,-0.0005896805896805635,4.2768445e-07
C,2024-01-18,2024-01-18 13:54:00,-9.833808634074348e-05,-9.833808634074348e-05,-1.6003156e-05
C,2024-01-18,2024-01-18 13:55:00,-0.0003933910306845867,-0.0003933910306845867,2.8158602e-05
C,2024-01-18,2024-01-18 13:56:00,9.838646202298129e-05,9.838646202298129e-05,-3.902002e-05
C,2024-01-18,2024-01-18 13:57:00,0.0,0.0,4.873542e-06
C,2024-01-18,2024-01-18 13:58:00,-9.83767830792237e-05,-9.83767830792237e-05,5.2003437e-05
C,2024-01-18,2024-01-18 13:59:00,0.0005903187721367775,0.0005903187721367775,-1.6935408e-05
C,2024-01-18,2024-01-18 14:00:00,-9.832841691237437e-05,-9.832841691237437e-05,1.944375e-05
C,2024-01-18,2024-01-18 14:01:00,0.00039335234536319597,0.00039335234536319597,-2.2992916e-05
C,2024-01-18,2024-01-18 14:02:00,-0.00039319768013357237,-0.00039319768013357237,-9.541199e-05
C,2024-01-18,2024-01-18 14:03:00,0.0,0.0,4.5491095e-05
C,2024-01-18,2024-01-18 14:04:00,9.83380863408545e-05,9.83380863408545e-05,-4.9715774e-05
C,2024-01-18,2024-01-18 14:05:00,-0.0005899705014749124,-0.0005899705014749124,-7.4169784e-06
C,2024-01-18,2024-01-18 14:06:00,0.0008854781582052773,0.0008854781582052773,6.804367e-05
C,2024-01-18,2024-01-18 14:07:00,0.00019659884006695272,0.00019659884006695272,-0.00012286214
C,2024-01-18,2024-01-18 14:08:00,-0.00019656019656033585,-0.00019656019656033585,6.070618e-05
C,2024-01-18,2024-01-18 14:09:00,-0.00019659884006661965,-0.00019659884006661965,2.6979556e-05
C,2024-01-18,2024-01-18 14:10:00,0.0004915937469274212,0.0004915937469274212,-7.0938104e-06
C,2024-01-18,2024-01-18 14:11:00,0.0004913522012579552,0.0004913522012579552,-1.7619077e-05
C,2024-01-18,2024-01-18 14:12:00,-0.0005893330714075162,-0.0005893330714075162,-1.3517472e-05
C,2024-01-18,2024-01-18 14:13:00,0.00019656019656033585,0.00019656019656033585,5.942055e-05
C,2024-01-18,2024-01-18 14:14:00,0.00019652156824201406,0.00019652156824201406,-4.93511e-06
C,2024-01-18,2024-01-18 14:15:00,0.0,0.0,-2.5653151e-05
C,2024-01-18,2024-01-18 14:16:00,0.0,0.0,-1.3303627e-05
C,2024-01-18,2024-01-18 14:17:00,-0.00029472443265543546,-0.00029472443265543546,2.4588893e-05
C,2024-01-18,2024-01-18 14:18:00,0.00029481132075481753,0.00029481132075481753,-3.529872e-05
C,2024-01-18,2024-01-18 14:19:00,-0.000589448865310982,-0.000589448865310982,-4.9079743e-05
C,2024-01-18,2024-01-18 14:20:00,0.00029489826010031805,0.00029489826010031805,-3.6286936e-05
C,2024-01-18,2024-01-18 14:21:00,9.827044025167986e-05,9.827044025167986e-05,-6.1021085e-05
C,2024-01-18,2024-01-18 14:22:00,0.0004913039206051462,0.0004913039206051462,-5.625322e-05
C,2024-01-18,2024-01-18 14:23:00,0.001080337851109947,0.001080337851109947,-5.832603e-05
C,2024-01-18,2024-01-18 14:24:00,0.0006867458059451881,0.0006867458059451881,-0.00015171745
C,2024-01-18,2024-01-18 14:25:00,-9.803921568618534e-05,-9.803921568618534e-05,-7.946918e-05
C,2024-01-18,2024-01-18 14:26:00,0.00019609765663286538,0.00019609765663286538,7.2898315e-06
C,2024-01-18,2024-01-18 14:27:00,0.00019605920988152725,0.00019605920988152725,-1.0303493e-05
C,2024-01-18,2024-01-18 14:28:00,0.0001960207782025769,0.0001960207782025769,4.041351e-06
C,2024-01-18,2024-01-18 14:29:00,0.000979911807937217,0.000979911807937217,-7.372512e-05
C,2024-01-18,2024-01-18 14:30:00,-0.00019579050416063115,-0.00019579050416063115,-0.00017353482
C,2024-01-18,2024-01-18 14:31:00,0.00019582884558899671,0.00019582884558899671,4.826141e-05
C,2024-01-18,2024-01-18 14:32:00,-0.0005873715124816714,-0.0005873715124816714,-1.0310541e-05
C,2024-01-18,2024-01-18 14:33:00,-0.0005877167205406986,-0.0005877167205406986,-3.0041292e-05
C,2024-01-18,2024-01-18 14:34:00,0.0002940311673036433,0.0002940311673036433,0.0001092991
C,2024-01-18,2024-01-18 14:35:00,9.798157946305786e-05,9.798157946305786e-05,2.0876867e-05
C,2024-01-18,2024-01-18 14:36:00,9.797198001382235e-05,9.797198001382235e-05,-4.780071e-05
C,2024-01-18,2024-01-18 14:37:00,-0.000979623824451492,-0.000979623824451492,-5.347042e-05
C,2024-01-18,2024-01-18 14:38:00,0.00029417532849573824,0.00029417532849573824,0.00011690213
C,2024-01-18,2024-01-18 14:39:00,0.00019605920988152725,0.00019605920988152725,2.3242808e-05
C,2024-01-18,2024-01-18 14:40:00,-0.0001960207782025769,-0.0001960207782025769,-1.3803613e-05
C,2024-01-18,2024-01-18 14:41:00,-0.00039211841976272144,-0.00039211841976272144,-3.2784924e-06
C,2024-01-18,2024-01-18 14:42:00,-0.0005884083553986397,-0.0005884083553986397,0.00021130526
C,2024-01-18,2024-01-18 14:43:00,0.0005887547836327389,0.0005887547836327389,2.207128e-05
C,2024-01-18,2024-01-18 14:44:00,-0.00019613611846636125,-0.00019613611846636125,-4.2378644e-05
C,2024-01-18,2024-01-18 14:45:00,-0.0007846983815594788,-0.0007846983815594788,-7.166557e-05
C,2024-01-18,2024-01-18 14:46:00,0.0,0.0,0.00014704917
C,2024-01-18,2024-01-18 14:47:00,0.00029449298125072687,0.00029449298125072687,2.6635993e-05
C,2024-01-18,2024-01-18 14:48:00,9.813542688896781e-05,9.813542688896781e-05,-2.2578848e-05
C,2024-01-18,2024-01-18 14:49:00,0.00019625159454439434,0.00019625159454439434,-3.591267e-05
C,2024-01-18,2024-01-18 14:50:00,-0.0001962130874130219,-0.0001962130874130219,-5.9289057e-05
C,2024-01-18,2024-01-18 14:51:00,0.0007850063781769112,0.0007850063781769112,3.3949906e-05
C,2024-01-18,2024-01-18 14:52:00,0.0003921953132659528,0.0003921953132659528,-3.4073604e-05
C,2024-01-18,2024-01-18 14:53:00,-0.00039204155640493177,-0.00039204155640493177,5.635943e-05
C,2024-01-18,2024-01-18 14:54:00,0.0005882929698990402,0.0005882929698990402,-9.322052e-06
C,2024-01-18,2024-01-18 14:55:00,0.0,0.0,-1.5138307e-05
C,2024-01-18,2024-01-18 14:56:00,-0.00019598236158757665,-0.00019598236158757665,-1.9018926e-05
C,2024-01-18,2024-01-18 14:57:00,-0.00039204155640493177,-0.00039204155640493177,-7.3710544e-05
C,2024-01-18,2024-01-18 14:58:00,-0.00039219531326617485,-0.00039219531326617485,6.182256e-05
C,2024-01-18,2024-01-18 14:59:00,-0.0001961745953896754,-0.0001961745953896754,-1.511709e-05
C,2024-01-18,2024-01-18 15:00:00,0.000882958893358321,0.000882958893358321,8.183404e-06
C,2024-01-18,2024-01-18 15:01:00,0.000294059988237505,0.000294059988237505,-4.0373667e-05
C,2024-01-18,2024-01-18 15:02:00,0.0,0.0,1.0701014e-05
C,2024-01-18,2024-01-18 15:03:00,-0.00019598236158757665,-0.00019598236158757665,2.7020282e-05
C,2024-01-18,2024-01-18 15:04:00,-9.801038910117743e-05,-9.801038910117743e-05,3.0410802e-05
C,2024-01-18,2024-01-18 15:05:00,-9.801999607939038e-05,-9.801999607939038e-05,2.3103908e-05
C,2024-01-18,2024-01-18 15:06:00,-0.00039211841976272144,-0.00039211841976272144,-4.9219357e-06
C,2024-01-18,2024-01-18 15:07:00,0.0007845444738650009,0.0007845444738650009,-3.7527345e-05
C,2024-01-18,2024-01-18 15:08:00,-0.0023517883390495875,-0.0023517883390495875,-5.317312e-05
C,2024-01-18,2024-01-18 15:09:00,0.0025537766427659037,0.0025537766427659037,0.00056000054
C,2024-01-18,2024-01-18 15:10:00,0.00019594396002742265,0.00019594396002742265,-0.00050025235
C,2024-01-18,2024-01-18 15:11:00,-0.0001959055735136772,-0.0001959055735136772,8.375631e-06
C,2024-01-18,2024-01-18 15:12:00,-0.0001959439600272006,-0.0001959439600272006,-4.224124e-05
C,2024-01-18,2024-01-18 15:13:00,0.0007839294463496405,0.0007839294463496405,-4.4765326e-05
C,2024-01-18,2024-01-18 15:14:00,0.00019582884558899671,0.00019582884558899671,-4.2152482e-05
C,2024-01-18,2024-01-18 15:15:00,0.00019579050416052013,0.00019579050416052013,-3.610794e-05
C,2024-01-18,2024-01-18 15:16:00,0.000391504355486072,0.000391504355486072,-8.5714775e-05
C,2024-01-18,2024-01-18 15:17:00,-0.00019567556990518487,-0.00019567556990518487,-4.419021e-05
C,2024-01-18,2024-01-18 15:18:00,-0.0005871415989823214,-0.0005871415989823214,-9.039469e-06
C,2024-01-18,2024-01-18 15:19:00,-9.791442279438733e-05,-9.791442279438733e-05,-3.3863842e-06
C,2024-01-18,2024-01-18 15:20:00,0.00029377203290237297,0.00029377203290237297,-4.0841747e-05
C,2024-01-18,2024-01-18 15:21:00,0.0002936857562407802,0.0002936857562407802,-4.0052666e-05
C,2024-01-18,2024-01-18 15:22:00,-0.00029359953024077345,-0.00029359953024077345,-2.5674086e-05
C,2024-01-18,2024-01-18 15:23:00,0.00039158100832104026,0.00039158100832104026,-4.0942596e-05
C,2024-01-18,2024-01-18 15:24:00,0.00039142773265488096,0.00039142773265488096,4.468015e-05
C,2024-01-18,2024-01-18 15:25:00,-9.781864423352715e-05,-9.781864423352715e-05,-4.9658232e-05
C,2024-01-18,2024-01-18 15:26:00,-0.0002934846409704539,-0.0002934846409704539,-3.0372437e-05
C,2024-01-18,2024-01-18 15:27:00,-0.00019571386632744048,-0.00019571386632744048,-3.6600442e-05
C,2024-01-18,2024-01-18 15:28:00,0.0,0.0,3.1467891e-06
C,2024-01-18,2024-01-18 15:29:00,0.0007830087109719219,0.0007830087109719219,-2.1176333e-05
C,2024-01-18,2024-01-18 15:30:00,0.0001955990220050552,0.0001955990220050552,-2.3873383e-05
C,2024-01-18,2024-01-18 15:31:00,-0.0004889019262737104,-0.0004889019262737104,7.20041e-05
C,2024-01-18,2024-01-18 15:32:00,0.0010761103502250347,0.0010761103502250347,6.146716e-05
C,2024-01-18,2024-01-18 15:33:00,-0.00019544610573629662,-0.00019544610573629662,-0.00025538853
C,2024-01-18,2024-01-18 15:34:00,-0.00019548431238403108,-0.00019548431238403108,1.7020056e-05
C,2024-01-18,2024-01-18 15:35:00,-0.00019552253397181474,-0.00019552253397181474,1.48531335e-05
C,2024-01-18,2024-01-18 15:36:00,0.0003911215410188351,0.0003911215410188351,2.6926693e-05
C,2024-01-18,2024-01-18 15:37:00,-0.0048871078095983345,-0.003089910647061753,-5.025801e-05
C,2024-01-18,2024-01-18 15:38:00,0.0038306649641488555,0.0030073397013112707,0.00041749066
C,2024-01-18,2024-01-18 15:39:00,0.0002935420743639394,0.0002935420743639394,-0.000411157
C,2024-01-18,2024-01-18 15:40:00,0.000586911865401607,0.000586911865401607,4.690153e-05
C,2024-01-18,2024-01-18 15:41:00,-0.00019552253397181474,-0.00019552253397181474,-3.8125567e-05
C,2024-01-18,2024-01-18 15:42:00,0.00019556077050930654,0.00019556077050930654,4.141046e-05
C,2024-01-18,2024-01-18 15:43:00,-0.00039104506794396254,-0.00039104506794396254,-5.1486833e-05
C,2024-01-18,2024-01-18 15:44:00,0.0003911980440096663,0.0003911980440096663,8.779034e-05
C,2024-01-18,2024-01-18 15:45:00,0.0005865676019161103,0.0005865676019161103,3.639161e-05
C,2024-01-18,2024-01-18 15:46:00,-0.001367855398143547,-0.001367855398143547,6.88292e-05
C,2024-01-18,2024-01-18 15:47:00,-0.003913511398102032,-0.003089910647061753,0.000347826
C,2024-01-18,2024-01-18 15:48:00,0.0030448875356055005,0.0030073397013112707,0.0007328586
C,2024-01-18,2024-01-18 15:49:00,0.0004896200548374363,0.0004896200548374363,-0.00041278967
C,2024-01-18,2024-01-18 15:50:00,0.0006851326221004594,0.0006851326221004594,0.00014279158
C,2024-01-18,2024-01-18 15:51:00,0.000489045383411435,0.000489045383411435,6.968322e-05
C,2024-01-18,2024-01-18 15:52:00,-0.0004888063349299809,-0.0004888063349299809,6.4571934e-05
C,2024-01-18,2024-01-18 15:53:00,-9.780907668255345e-05,-9.780907668255345e-05,0.00019790974
C,2024-01-18,2024-01-18 15:54:00,-0.0007825491538685503,-0.0007825491538685503,7.3659816e-05
C,2024-01-18,2024-01-18 15:55:00,0.00019579050416052013,0.00019579050416052013,-1.8316925e-05
C,2024-01-18,2024-01-18 15:56:00,0.0,0.0,2.5510097e-05
C,2024-01-18,2024-01-18 15:57:00,-0.0002936282666144985,-0.0002936282666144985,-9.3088245e-05
C,2024-01-18,2024-01-18 15:58:00,0.0007832386919912615,0.0007832386919912615,-5.5917586e-05
C,2024-01-19,2024-01-19 09:40:00,0.0018713680685511491,0.0018713680685511491,-0.00012791491
C,2024-01-19,2024-01-19 09:41:00,-0.002949272512780099,-0.002949272512780099,-0.0006259267
C,2024-01-19,2024-01-19 09:42:00,-0.0009859988168015033,-0.0009859988168015033,0.00048463146
C,2024-01-19,2024-01-19 09:43:00,0.0012830635609948349,0.0012830635609948349,9.602333e-06
C,2024-01-19,2024-01-19 09:44:00,0.0005914243469689051,0.0005914243469689051,-0.00014789525
C,2024-01-19,2024-01-19 09:45:00,-0.000492562309131972,-0.000492562309131972,3.4416232e-06
C,2024-01-19,2024-01-19 09:46:00,0.0002956830277940359,0.0002956830277940359,4.0655006e-05
C,2024-01-19,2024-01-19 09:47:00,0.0013794462508620597,0.0013794462508620597,2.0768792e-05
C,2024-01-19,2024-01-19 09:48:00,0.0011807537144543634,0.0011807537144543634,-0.00047090006
C,2024-01-19,2024-01-19 09:49:00,-0.00029484029484028174,-0.00029484029484028174,-0.00029440405
C,2024-01-19,2024-01-19 09:50:00,0.0006881635863154045,0.0006881635863154045,1.7763221e-05
C,2024-01-19,2024-01-19 09:51:00,-0.001080656253069856,-0.001080656253069856,-0.0001658988
C,2024-01-19,2024-01-19 09:52:00,0.0013768686073956093,0.0013768686073956093,4.4138444e-05
C,2024-01-19,2024-01-19 09:53:00,0.0009821253191908408,0.0009821253191908408,-0.0003083534
C,2024-01-19,2024-01-19 09:54:00,0.0004905808477235762,0.0004905808477235762,-0.00024064202
C,2024-01-19,2024-01-19 09:55:00,-0.00039227223693238944,-0.00039227223693238944,6.285367e-05
C,2024-01-19,2024-01-19 09:56:00,0.0012753850681839207,0.0012753850681839207,1.3418416e-05
C,2024-01-19,2024-01-19 09:57:00,0.0,0.0,-0.0002619308
C,2024-01-19,2024-01-19 09:58:00,-0.0012737605330197521,-0.0012737605330197521,4.6518424e-05
C,2024-01-19,2024-01-19 09:59:00,0.0011772785244776873,0.0011772785244776873,0.00014532846
C,2024-01-19,2024-01-19 10:00:00,-0.0004899559039687196,-0.0004899559039687196,-0.00020596672
C,2024-01-19,2024-01-19 10:01:00,-0.00019607843137270375,-0.00019607843137270375,-1.7857306e-05
C,2024-01-19,2024-01-19 10:02:00,0.0004902922141598598,0.0004902922141598598,2.7321357e-05
C,2024-01-19,2024-01-19 10:03:00,0.0002940311673036433,0.0002940311673036433,-6.5990236e-05
C,2024-01-19,2024-01-19 10:04:00,-0.0005878894767783471,-0.0005878894767783471,-7.658967e-05
C,2024-01-19,2024-01-19 10:05:00,0.00019607843137259273,0.00019607843137259273,-6.607747e-05
C,2024-01-19,2024-01-19 10:06:00,0.0006861399725544004,0.0006861399725544004,0.000121400204
C,2024-01-19,2024-01-19 10:07:00,0.0,0.0,-2.3646648e-05
C,2024-01-19,2024-01-19 10:08:00,0.0007836222940542648,0.0007836222940542648,-1.2902763e-05
C,2024-01-19,2024-01-19 10:09:00,0.0007830087109719219,0.0007830087109719219,-0.00015200448
C,2024-01-19,2024-01-19 10:10:00,-0.0004889975550121939,-0.0004889975550121939,-0.000108899156
C,2024-01-19,2024-01-19 10:11:00,-0.00029354207436405044,-0.00029354207436405044,1.6045742e-06
C,2024-01-19,2024-01-19 10:12:00,-0.000587256533228997,-0.000587256533228997,1.8365157e-05
C,2024-01-19,2024-01-19 10:13:00,0.00039173440407402893,0.00039173440407402893,7.302827e-05
C,2024-01-19,2024-01-19 10:14:00,0.00039158100832104026,0.00039158100832104026,2.6283016e-05
C,2024-01-19,2024-01-19 10:15:00,0.0006849985321459862,0.0006849985321459862,-8.0035525e-06
C,2024-01-19,2024-01-19 10:16:00,-0.0007823195775472636,-0.0007823195775472636,-0.00019038457
C,2024-01-19,2024-01-19 10:17:00,0.0006850655705616937,0.0006850655705616937,1.02564345e-05
C,2024-01-19,2024-01-19 10:18:00,0.0004889975550124159,0.0004889975550124159,-0.00014236217
C,2024-01-19,2024-01-19 10:19:00,-0.0006842619745848211,-0.0006842619745848211,2.8282973e-06
C,2024-01-19,2024-01-19 10:20:00,9.78186442337492e-05,9.78186442337492e-05,8.9537396e-05
C,2024-01-19,2024-01-19 10:21:00,-0.0011737089201878659,-0.0011737089201878659,4.0379757e-05
C,2024-01-19,2024-01-19 10:22:00,-9.792401096753167e-05,-9.792401096753167e-05,0.00018754463
C,2024-01-19,2024-01-19 10:23:00,0.0014690040152776085,0.0014690040152776085,8.8579836e-05
C,2024-01-19,2024-01-19 10:24:00,-0.0004889497359670258,-0.0004889497359670258,-0.00029365005
C,2024-01-19,2024-01-19 10:25:00,0.00029351335485761076,0.00029351335485761076,5.734472e-05
C,2024-01-19,2024-01-19 10:26:00,-0.00039123630672932563,-0.00039123630672932563,5.1277846e-05
C,2024-01-19,2024-01-19 10:27:00,0.0002935420743639394,0.0002935420743639394,7.2296294e-05
C,2024-01-19,2024-01-19 10:28:00,0.0012716423750367412,0.0012716423750367412,-1.6759563e-05
C,2024-01-19,2024-01-19 10:29:00,-0.0004884720593981706,-0.0004884720593981706,-0.00015140242
C,2024-01-19,2024-01-19 10:30:00,0.0003909686247678401,0.0003909686247678401,2.5209069e-05
C,2024-01-19,2024-01-19 10:31:00,-0.0002931118710307601,-0.0002931118710307601,1.3233734e-05
C,2024-01-19,2024-01-19 10:32:00,-9.773260359646763e-05,-9.773260359646763e-05,4.2169373e-05
C,2024-01-19,2024-01-19 10:33:00,0.00019548431238392006,0.00019548431238392006,2.2075152e-05
C,2024-01-19,2024-01-19 10:34:00,0.0011726766344180017,0.0011726766344180017,-6.0949938e-06
C,2024-01-19,2024-01-19 10:35:00,0.0005856515373352522,0.0005856515373352522,-0.00026216847
C,2024-01-19,2024-01-19 10:36:00,-0.0012681689591258483,-0.0012681689591258483,-5.050362e-05
C,2024-01-19,2024-01-19 10:37:00,9.767532721238759e-05,9.767532721238759e-05,0.000121511366
C,2024-01-19,2024-01-19 10:38:00,-0.001171989452094846,-0.001171989452094846,3.3037933e-05
C,2024-01-19,2024-01-19 10:39:00,0.0007822430820376702,0.0007822430820376702,0.000105953404
C,2024-01-19,2024-01-19 10:40:00,0.0005862237420615202,0.0005862237420615202,-7.005479e-05
C,2024-01-19,2024-01-19 10:41:00,-0.0012694072844448012,-0.0012694072844448012,-1.0595931e-05
C,2024-01-19,2024-01-19 10:42:00,0.0010754790770433065,0.0010754790770433065,0.00023285917
C,2024-01-19,2024-01-19 10:43:00,-9.766578767467227e-05,-9.766578767467227e-05,-0.00015956079
C,2024-01-19,2024-01-19 10:44:00,-0.0004883766360617159,-0.0004883766360617159,-3.567969e-05
C,2024-01-19,2024-01-19 10:45:00,-0.00019544610573629662,-0.00019544610573629662,1.4459684e-05
C,2024-01-19,2024-01-19 10:46:00,0.0003909686247678401,0.0003909686247678401,-9.010143e-06
C,2024-01-19,2024-01-19 10:47:00,-0.0003908158280409024,-0.0003908158280409024,-7.436392e-05
C,2024-01-19,2024-01-19 10:48:00,-9.774215619207105e-05,-9.774215619207105e-05,-4.2375228e-05
C,2024-01-19,2024-01-19 10:49:00,0.0009775171065493637,0.0009775171065493637,-5.0280138e-05
C,2024-01-19,2024-01-19 10:50:00,9.765624999991118e-05,9.765624999991118e-05,-0.00022563372
C,2024-01-19,2024-01-19 10:51:00,0.0,0.0,-1.776338e-05
C,2024-01-19,2024-01-19 10:52:00,9.764671418821536e-05,9.764671418821536e-05,-4.9232774e-05
C,2024-01-19,2024-01-19 10:53:00,0.0006834602616676566,0.0006834602616676566,-4.416428e-05
C,2024-01-19,2024-01-19 10:54:00,-0.00019514098936490587,-0.00019514098936490587,-0.00011980242
C,2024-01-19,2024-01-19 10:55:00,-0.0004879476920074399,-0.0004879476920074399,6.0483348e-05
C,2024-01-19,2024-01-19 10:56:00,0.00048818590119115157,0.00048818590119115157,1.9354593e-05
C,2024-01-19,2024-01-19 10:57:00,-0.0001951790768031092,-0.0001951790768031092,-2.2179604e-05
C,2024-01-19,2024-01-19 10:58:00,0.0003904343582235015,0.0003904343582235015,-2.9146237e-05
C,2024-01-19,2024-01-19 10:59:00,-0.0005854229680943845,-0.0005854229680943845,-5.1367973e-05
C,2024-01-19,2024-01-19 11:00:00,-0.0015620423703992525,-0.0015620423703992525,6.128879e-05
C,2024-01-19,2024-01-19 11:01:00,0.0022489488608583574,0.0022489488608583574,0.0006108617
C,2024-01-19,2024-01-19 11:02:00,9.756097560975618e-05,9.756097560975618e-05,-0.00037902032
C,2024-01-19,2024-01-19 11:03:00,-0.00019510291678848102,-0.00019510291678848102,-3.2105254e-05
C,2024-01-19,2024-01-19 11:04:00,-0.00039028197872981174,-0.00039028197872981174,-2.9649553e-05
C,2024-01-19,2024-01-19 11:05:00,0.00019521717911175074,0.00019521717911175074,-7.5024886e-06
C,2024-01-19,2024-01-19 11:06:00,0.0,0.0,-1.5382924e-05
C,2024-01-19,2024-01-19 11:07:00,9.758953840144358e-05,9.758953840144358e-05,-1.882973e-05
C,2024-01-19,2024-01-19 11:08:00,0.00039032006245132145,0.00039032006245132145,-1.7237287e-05
C,2024-01-19,2024-01-19 11:09:00,-0.00029262582910638546,-0.00029262582910638546,8.3740815e-06
C,2024-01-19,2024-01-19 11:10:00,0.0015611279149185808,0.0015611279149185808,-2.6650181e-05
C,2024-01-19,2024-01-19 11:11:00,-0.000584510472479316,-0.000584510472479316,-0.00031706918
C,2024-01-19,2024-01-19 11:12:00,0.0,0.0,1.9709936e-05
C,2024-01-19,2024-01-19 11:13:00,-0.00019495077492948099,-0.00019495077492948099,4.1594954e-05
C,2024-01-19,2024-01-19 11:14:00,0.0003899775762894464,0.0003899775762894464,-2.9392833e-05
C,2024-01-19,2024-01-19 11:15:00,0.0,0.0,-3.0081215e-05
C,2024-01-19,2024-01-19 11:16:00,-0.0013643894357274755,-0.0013643894357274755,-4.2849362e-05
C,2024-01-19,2024-01-19 11:17:00,-0.0004879476920074399,-0.0004879476920074399,0.00039804436
C,2024-01-19,2024-01-19 11:18:00,-0.0008787346221441616,-0.0008787346221441616,6.574489e-05
C,2024-01-19,2024-01-19 11:19:00,0.0,0.0,-9.533124e-06
C,2024-01-19,2024-01-19 11:20:00,-9.772305286825933e-05,-9.772305286825933e-05,7.268946e-05
C,2024-01-19,2024-01-19 11:21:00,-0.0004886630179826712,-0.0004886630179826712,3.514446e-05
C,2024-01-19,2024-01-19 11:22:00,0.0,0.0,8.494865e-05
C,2024-01-19,2024-01-19 11:23:00,0.0003911215410188351,0.0003911215410188351,0.00010393683
C,2024-01-19,2024-01-19 11:24:00,9.7742156191849e-05,9.7742156191849e-05,-2.779048e-05
C,2024-01-19,2024-01-19 11:25:00,-0.0004886630179826712,-0.0004886630179826712,2.3123419e-05
C,2024-01-19,2024-01-19 11:26:00,-0.0011733646230566164,-0.0011733646230566164,4.5043635e-05
C,2024-01-19,2024-01-19 11:27:00,0.0007831620166420805,0.0007831620166420805,9.370972e-05
C,2024-01-19,2024-01-19 11:28:00,0.0002934559327008035,0.0002934559327008035,-0.00011827953
C,2024-01-19,2024-01-19 11:29:00,-9.778994719333856e-05,-9.778994719333856e-05,-4.6265293e-05
C,2024-01-19,2024-01-19 11:30:00,0.0003911980440096663,0.0003911980440096663,-1.7634977e-05
C,2024-01-19,2024-01-19 11:31:00,9.776126698612941e-05,9.776126698612941e-05,-5.3379404e-06
C,2024-01-19,2024-01-19 11:32:00,-0.0002932551319646537,-0.0002932551319646537,4.325038e-05
C,2024-01-19,2024-01-19 11:33:00,-0.00039112154101905716,-0.00039112154101905716,5.974143e-06
C,2024-01-19,2024-01-19 11:34:00,-0.0001956372884670543,-0.0001956372884670543,4.6581597e-05
C,2024-01-19,2024-01-19 11:35:00,-0.00136972898933585,-0.00136972898933585,6.536485e-05
C,2024-01-19,2024-01-19 11:36:00,0.0004898599000686676,0.0004898599000686676,0.00035197038
C,2024-01-19,2024-01-19 11:37:00,0.00029377203290237297,0.00029377203290237297,6.0038972e-05
C,2024-01-19,2024-01-19 11:38:00,0.0,0.0,-1.3385403e-05
C,2024-01-19,2024-01-19 11:39:00,-0.0008810572687224516,-0.0008810572687224516,-9.27579e-05
C,2024-01-19,2024-01-19 11:40:00,-0.0010777973740938585,-0.0010777973740938585,1.0394321e-05
C,2024-01-19,2024-01-19 11:41:00,0.00019617459539000848,0.00019617459539000848,4.5742338e-05
C,2024-01-19,2024-01-19 11:42:00,0.0010787486515642097,0.0010787486515642097,4.8688733e-05
C,2024-01-19,2024-01-19 11:43:00,-0.000489811912225635,-0.000489811912225635,-0.00023037323
C,2024-01-19,2024-01-19 11:44:00,0.0002940311673036433,0.0002940311673036433,-1.9966159e-05
C,2024-01-19,2024-01-19 11:45:00,0.0,0.0,-9.711996e-06
C,2024-01-19,2024-01-19 11:46:00,-0.00029394473838917357,-0.00029394473838917357,-4.2933327e-05
C,2024-01-19,2024-01-19 11:47:00,0.0001960207782025769,0.0001960207782025769,-3.0741357e-05
C,2024-01-19,2024-01-19 11:48:00,0.0,0.0,-2.9910538e-05
C,2024-01-19,2024-01-19 11:49:00,0.0,0.0,-1.8538942e-06
C,2024-01-19,2024-01-19 11:50:00,0.00039196472317493125,0.00039196472317493125,-8.734456e-06
C,2024-01-19,2024-01-19 11:51:00,-0.0002938583602704048,-0.0002938583602704048,-2.7389991e-05
C,2024-01-19,2024-01-19 11:52:00,9.798157946305786e-05,9.798157946305786e-05,-3.078051e-05
C,2024-01-19,2024-01-19 11:53:00,-0.0001959439600272006,-0.0001959439600272006,-2.654078e-05
C,2024-01-19,2024-01-19 11:54:00,-0.00029397354238114293,-0.00029397354238114293,-3.7738402e-05
C,2024-01-19,2024-01-19 11:55:00,9.801999607916834e-05,9.801999607916834e-05,-1.9829155e-05
C,2024-01-19,2024-01-19 11:56:00,0.000882093501911152,0.000882093501911152,-1.1766393e-05
C,2024-01-19,2024-01-19 11:57:00,-0.000293772032902484,-0.000293772032902484,-0.00010747688
C,2024-01-19,2024-01-19 11:58:00,-9.79527867568386e-05,-9.79527867568386e-05,1.1167841e-06
C,2024-01-19,2024-01-19 11:59:00,9.79623824450826e-05,9.79623824450826e-05,-1.2717816e-05
C,2024-01-19,2024-01-19 12:00:00,0.0003918111470271324,0.0003918111470271324,-1.2751019e-05
C,2024-01-19,2024-01-19 12:01:00,0.001077058650739371,0.001077058650739371,7.385935e-06
C,2024-01-19,2024-01-19 12:02:00,-0.0002934272300469942,-0.0002934272300469942,-0.00021568479
C,2024-01-19,2024-01-19 12:03:00,0.0001956755699048518,0.0001956755699048518,-3.1766234e-05
C,2024-01-19,2024-01-19 12:04:00,0.0003912745769345527,0.0003912745769345527,-3.0542335e-05
C,2024-01-19,2024-01-19 12:05:00,0.00019556077050930654,0.00019556077050930654,-3.8420836e-05
C,2024-01-19,2024-01-19 12:06:00,-0.00019552253397181474,-0.00019552253397181474,-2.3182085e-05
C,2024-01-19,2024-01-19 12:07:00,0.0005866823115281417,0.0005866823115281417,-1.45855365e-05
C,2024-01-19,2024-01-19 12:08:00,-0.00039089221147270425,-0.00039089221147270425,-0.00010454326
C,2024-01-19,2024-01-19 12:09:00,0.000488806334930203,0.000488806334930203,-2.7711174e-05
C,2024-01-19,2024-01-19 12:10:00,0.00019542700801244983,0.00019542700801244983,-4.2719337e-05
C,2024-01-19,2024-01-19 12:11:00,-0.00019538882375924604,-0.00019538882375924604,1.4873681e-05
C,2024-01-19,2024-01-19 12:12:00,-0.0005862810240375715,-0.0005862810240375715,-4.571548e-05
C,2024-01-19,2024-01-19 12:13:00,0.00019554165037138915,0.00019554165037138915,2.302134e-05
C,2024-01-19,2024-01-19 12:14:00,0.0002932551319647647,0.0002932551319647647,-1.9684292e-06
C,2024-01-19,2024-01-19 12:15:00,0.0003908922114728153,0.0003908922114728153,-3.308912e-05
C,2024-01-19,2024-01-19 12:16:00,-0.0002930546058416139,-0.0002930546058416139,-5.835403e-05
C,2024-01-19,2024-01-19 12:17:00,0.00019542700801244983,0.00019542700801244983,-4.2959065e-05
C,2024-01-19,2024-01-19 12:18:00,0.0,0.0,-2.2664666e-05
C,2024-01-19,2024-01-19 12:19:00,-0.0004884720593981706,-0.0004884720593981706,-1.2453817e-05
C,2024-01-19,2024-01-19 12:20:00,9.7742156191849e-05,9.7742156191849e-05,7.06696e-06
C,2024-01-19,2024-01-19 12:21:00,9.773260359668967e-05,9.773260359668967e-05,-3.9978164e-05
C,2024-01-19,2024-01-19 12:22:00,9.772305286825933e-05,9.772305286825933e-05,-1.2289574e-05
C,2024-01-19,2024-01-19 12:23:00,9.77135040061139e-05,9.77135040061139e-05,5.403526e-06
C,2024-01-19,2024-01-19 12:24:00,0.00019540791402072877,0.00019540791402072877,-3.5518195e-05
C,2024-01-19,2024-01-19 12:25:00,-0.0003907394744554482,-0.0003907394744554482,-4.566407e-05
C,2024-01-19,2024-01-19 12:26:00,0.0003908922114728153,0.0003908922114728153,-2.7930393e-05
C,2024-01-19,2024-01-19 12:27:00,0.0003907394744553372,0.0003907394744553372,-6.151276e-06
C,2024-01-19,2024-01-19 12:28:00,-0.00019529342837609764,-0.00019529342837609764,4.5017605e-06
C,2024-01-19,2024-01-19 12:29:00,0.0,0.0,-2.7666852e-05
C,2024-01-19,2024-01-19 12:30:00,0.001171989452094735,0.001171989452094735,-1.0786533e-05
C,2024-01-19,2024-01-19 12:31:00,-0.00019510291678848102,-0.00019510291678848102,-0.00021150066
C,2024-01-19,2024-01-19 12:32:00,-0.0005854229680944956,-0.0005854229680944956,-2.4160865e-05
C,2024-01-19,2024-01-19 12:33:00,0.0,0.0,7.008536e-05
C,2024-01-19,2024-01-19 12:34:00,0.0003905105925996466,0.0003905105925996466,-3.4965095e-05
C,2024-01-19,2024-01-19 12:35:00,-0.00039035815360588533,-0.00039035815360588533,-3.6401514e-05
C,2024-01-19,2024-01-19 12:36:00,0.0005857658888996919,0.0005857658888996919,-1.6287804e-05
C,2024-01-19,2024-01-19 12:37:00,0.0007805639574591794,0.0007805639574591794,-5.1442563e-05
C,2024-01-19,2024-01-19 12:38:00,-0.0008774495466511434,-0.0008774495466511434,-3.993538e-05
C,2024-01-19,2024-01-19 12:39:00,0.0,0.0,2.5993077e-05
C,2024-01-19,2024-01-19 12:40:00,9.758001561288587e-05,9.758001561288587e-05,4.200803e-05
C,2024-01-19,2024-01-19 12:41:00,0.0001951409893645728,0.0001951409893645728,-4.6292744e-06
C,2024-01-19,2024-01-19 12:42:00,-0.0004877572919713691,-0.0004877572919713691,2.5266974e-05
C,2024-01-19,2024-01-19 12:43:00,0.00048799531524479356,0.00048799531524479356,6.545933e-05
C,2024-01-19,2024-01-19 12:44:00,-0.00019510291678848102,-0.00019510291678848102,1.819125e-06
C,2024-01-19,2024-01-19 12:45:00,0.0008781344521415768,0.0008781344521415768,-2.0862812e-05
C,2024-01-19,2024-01-19 12:46:00,-0.00048742444921034966,-0.00048742444921034966,-0.00012111907
C,2024-01-19,2024-01-19 12:47:00,0.000975324295328095,0.000975324295328095,2.1355856e-05
C,2024-01-19,2024-01-19 12:48:00,0.0,0.0,-5.8360143e-05
C,2024-01-19,2024-01-19 12:49:00,0.0,0.0,-2.990459e-05
C,2024-01-19,2024-01-19 12:50:00,0.00019487479294566512,0.00019487479294566512,6.0040908e-05
C,2024-01-19,2024-01-19 12:51:00,9.7418412079886e-05,9.7418412079886e-05,2.8213099e-05
C,2024-01-19,2024-01-19 12:52:00,-0.0002922267679719148,-0.0002922267679719148,-7.7010045e-06
C,2024-01-19,2024-01-19 12:53:00,0.00019487479294566512,0.00019487479294566512,8.7150265e-06
C,2024-01-19,2024-01-19 12:54:00,0.000681928884559202,0.000681928884559202,-4.8893355e-07
C,2024-01-19,2024-01-19 12:55:00,0.0008761682242990343,0.0008761682242990343,-3.7422018e-05
C,2024-01-19,2024-01-19 12:56:00,9.726680284005695e-05,9.726680284005695e-05,-7.60041e-05
C,2024-01-19,2024-01-19 12:57:00,-9.725734292931332e-05,-9.725734292931332e-05,4.767813e-05
C,2024-01-19,2024-01-19 12:58:00,0.0003890672113606719,0.0003890672113606719,-3.268024e-05
C,2024-01-19,2024-01-19 12:59:00,0.0,0.0,-1.0444538e-05
C,2024-01-19,2024-01-19 13:00:00,-0.0001944579484686182,-0.0001944579484686182,-4.2272513e-06
C,2024-01-19,2024-01-19 13:01:00,0.00019449576971686255,0.00019449576971686255,-2.4842444e-05
C,2024-01-19,2024-01-19 13:02:00,-0.0003889158969372364,-0.0003889158969372364,3.0549927e-05
C,2024-01-19,2024-01-19 13:03:00,0.00029180040852061495,0.00029180040852061495,3.9610604e-05
C,2024-01-19,2024-01-19 13:04:00,-0.0005834305717620225,-0.0005834305717620225,5.8545793e-06
C,2024-01-19,2024-01-19 13:05:00,-0.00048647596808726323,-0.00048647596808726323,2.0712176e-05
C,2024-01-19,2024-01-19 13:06:00,0.0008760829358513966,0.0008760829358513966,0.00012238862
C,2024-01-19,2024-01-19 13:07:00,-9.725734292931332e-05,-9.725734292931332e-05,-9.478641e-05
C,2024-01-19,2024-01-19 13:08:00,-9.7266802840279e-05,-9.7266802840279e-05,7.2507966e-05
C,2024-01-19,2024-01-19 13:09:00,9.727626459143934e-05,9.727626459143934e-05,6.384341e-05
C,2024-01-19,2024-01-19 13:10:00,0.0,0.0,2.0237416e-05
C,2024-01-19,2024-01-19 13:11:00,-0.0003890672113606719,-0.0003890672113606719,-8.042602e-06
C,2024-01-19,2024-01-19 13:12:00,0.0003892186435729972,0.0003892186435729972,3.9854895e-05
C,2024-01-19,2024-01-19 13:13:00,-0.0003890672113606719,-0.0003890672113606719,2.7931492e-06
C,2024-01-19,2024-01-19 13:14:00,0.0003892186435729972,0.0003892186435729972,-1.2291154e-05
C,2024-01-19,2024-01-19 13:15:00,0.0,0.0,-2.9164487e-06
C,2024-01-19,2024-01-19 13:16:00,0.0009726680284019018,0.0009726680284019018,-3.0627427e-05
C,2024-01-19,2024-01-19 13:17:00,-0.0009717228646389797,-0.0009717228646389797,-0.00017617844
C,2024-01-19,2024-01-19 13:18:00,0.0005836008170412299,0.0005836008170412299,6.424179e-05
C,2024-01-19,2024-01-19 13:19:00,-9.721007096341605e-05,-9.721007096341605e-05,-4.7849528e-05
C,2024-01-19,2024-01-19 13:20:00,9.721952167995873e-05,9.721952167995873e-05,-3.4365083e-05
C,2024-01-19,2024-01-19 13:21:00,0.0003888402838532201,0.0003888402838532201,-1.140978e-05
C,2024-01-19,2024-01-19 13:22:00,-9.717228646377585e-05,-9.717228646377585e-05,-1.15974035e-05
C,2024-01-19,2024-01-19 13:23:00,-9.718172983486095e-05,-9.718172983486095e-05,-3.820334e-05
C,2024-01-19,2024-01-19 13:24:00,0.00019438235008251148,0.00019438235008251148,2.323075e-05
C,2024-01-19,2024-01-19 13:25:00,0.00019434457292799578,0.00019434457292799578,-1.6189888e-05
C,2024-01-19,2024-01-19 13:26:00,0.0,0.0,-1.9607962e-05
C,2024-01-19,2024-01-19 13:27:00,0.0005829204313612113,0.0005829204313612113,-3.0627427e-05
C,2024-01-19,2024-01-19 13:28:00,-0.0001941936110303466,-0.0001941936110303466,-0.00012784547
C,2024-01-19,2024-01-19 13:29:00,9.71156647566751e-05,9.71156647566751e-05,-4.7116813e-05
C,2024-01-19,2024-01-19 13:30:00,-9.710623422010123e-05,-9.710623422010123e-05,-2.121867e-05
C,2024-01-19,2024-01-19 13:31:00,9.71156647566751e-05,9.71156647566751e-05,-1.0259172e-05
C,2024-01-19,2024-01-19 13:32:00,0.0,0.0,-2.58708e-05
C,2024-01-19,2024-01-19 13:33:00,-0.0002913187026607478,-0.0002913187026607478,-2.4842444e-05
C,2024-01-19,2024-01-19 13:34:00,0.0003885381253037057,0.0003885381253037057,-1.6724858e-05
C,2024-01-19,2024-01-19 13:35:00,0.0,0.0,5.8545793e-06
C,2024-01-19,2024-01-19 13:36:00,-0.0010680648606662402,-0.0010680648606662402,-2.1959106e-05
C,2024-01-19,2024-01-19 13:37:00,-0.0006804043545878269,-0.0006804043545878269,6.6709516e-05
C,2024-01-19,2024-01-19 13:38:00,0.0,0.0,8.464395e-05
C,2024-01-19,2024-01-19 13:39:00,-0.0005836008170411189,-0.0005836008170411189,7.6139084e-05
C,2024-01-19,2024-01-19 13:40:00,0.0001946472019465073,0.0001946472019465073,-2.5135896e-05
C,2024-01-19,2024-01-19 13:41:00,-0.0003892186435732192,-0.0003892186435732192,-5.3648793e-05
C,2024-01-19,2024-01-19 13:42:00,2.220446049250313e-16,2.220446049250313e-16,0.00013350387
C,2024-01-19,2024-01-19 13:43:00,-1.1102230246251565e-16,-1.1102230246251565e-16,1.2467997e-05
C,2024-01-19,2024-01-19 13:44:00,-0.00019468509685560687,-0.00019468509685560687,-2.7144224e-05
C,2024-01-19,2024-01-19 13:45:00,0.0,0.0,-2.7996219e-05
C,2024-01-19,2024-01-19 13:46:00,0.00019472300652312313,0.00019472300652312313,-1.693564e-05
C,2024-01-19,2024-01-19 13:47:00,0.00038937019371187986,0.00038937019371187986,1.4191598e-05
C,2024-01-19,2024-01-19 13:48:00,0.00048652330446619096,0.00048652330446619096,-2.6965505e-05
C,2024-01-19,2024-01-19 13:49:00,-0.000291772028788162,-0.000291772028788162,-5.4185926e-05
C,2024-01-19,2024-01-19 13:50:00,-0.0003891429127346191,-0.0003891429127346191,-2.3424185e-05
C,2024-01-19,2024-01-19 13:51:00,0.00029197080291964994,0.00029197080291964994,-3.7636303e-06
C,2024-01-19,2024-01-19 13:52:00,-9.729519361734162e-05,-9.729519361734162e-05,-2.888903e-05
C,2024-01-19,2024-01-19 13:53:00,9.730466089319378e-05,9.730466089319378e-05,-1.3821575e-05
C,2024-01-19,2024-01-19 13:54:00,0.001070247129791868,0.001070247129791868,-2.3384366e-05
C,2024-01-19,2024-01-19 13:55:00,0.0,0.0,-0.00031185432
C,2024-01-19,2024-01-19 13:56:00,0.0,0.0,-3.1779156e-05
C,2024-01-19,2024-01-19 13:57:00,-0.0005831470502478675,-0.0005831470502478675,-2.1212098e-05
C,2024-01-19,2024-01-19 13:58:00,-0.0007779830788680053,-0.0007779830788680053,-1.42958315e-05
C,2024-01-19,2024-01-19 13:59:00,0.0001946472019465073,0.0001946472019465073,2.4490007e-05
C,2024-01-19,2024-01-19 14:00:00,-0.0001946093217866096,-0.0001946093217866096,3.2506305e-06
C,2024-01-19,2024-01-19 14:01:00,0.00048661800486615725,0.00048661800486615725,4.718514e-06
C,2024-01-19,2024-01-19 14:02:00,0.0006809338521400754,0.0006809338521400754,5.775746e-05
C,2024-01-19,2024-01-19 14:03:00,-0.0005832604257801632,-0.0005832604257801632,-1.5760577e-05
C,2024-01-19,2024-01-19 14:04:00,-0.00019453360568044697,-0.00019453360568044697,7.153794e-05
C,2024-01-19,2024-01-19 14:05:00,-9.728572818357151e-05,-9.728572818357151e-05,3.9356226e-05
C,2024-01-19,2024-01-19 14:06:00,0.0001945903872349053,0.0001945903872349053,-2.3276678e-05
C,2024-01-19,2024-01-19 14:07:00,0.00029182879377431803,0.00029182879377431803,-1.4602113e-05
C,2024-01-19,2024-01-19 14:08:00,0.0003889915394341692,0.0003889915394341692,-3.3282122e-05
C,2024-01-19,2024-01-19 14:09:00,0.00019442014192661006,0.00019442014192661006,-1.4079326e-05
C,2024-01-19,2024-01-19 14:10:00,-0.0001943823500826225,-0.0001943823500826225,-2.045493e-05
C,2024-01-19,2024-01-19 14:11:00,-0.0002916302128900261,-0.0002916302128900261,-2.1544274e-06
C,2024-01-19,2024-01-19 14:12:00,0.00029171528588101125,0.00029171528588101125,4.52259e-06
C,2024-01-19,2024-01-19 14:13:00,0.0,0.0,3.9302267e-06
C,2024-01-19,2024-01-19 14:14:00,0.0007776805677066623,0.0007776805677066623,-2.3585862e-05
C,2024-01-19,2024-01-19 14:15:00,-0.0002914035939775017,-0.0002914035939775017,-8.594834e-05
C,2024-01-19,2024-01-19 14:16:00,0.0005829770695684466,0.0005829770695684466,-2.0711565e-05
C,2024-01-19,2024-01-19 14:17:00,-0.00048553117110106125,-0.00048553117110106125,-6.82351e-05
C,2024-01-19,2024-01-19 14:18:00,-0.0003886136209074742,-0.0003886136209074742,-2.9886445e-05
C,2024-01-19,2024-01-19 14:19:00,9.719117504136676e-05,9.719117504136676e-05,3.5655885e-05
C,2024-01-19,2024-01-19 14:20:00,9.718172983474993e-05,9.718172983474993e-05,1.1571804e-05
C,2024-01-19,2024-01-19 14:21:00,9.717228646399789e-05,9.717228646399789e-05,-2.2863078e-05
C,2024-01-19,2024-01-19 14:22:00,-9.716284492811145e-05,-9.716284492811145e-05,-1.8101404e-05
C,2024-01-19,2024-01-19 14:23:00,0.00019434457292799578,0.00019434457292799578,-4.4776974e-05
C,2024-01-19,2024-01-19 14:24:00,0.00019430681045351506,0.00019430681045351506,-1.6254184e-05
C,2024-01-19,2024-01-19 14:25:00,-9.713453132575989e-05,-9.713453132575989e-05,-5.1729177e-05
C,2024-01-19,2024-01-19 14:26:00,0.00019428793471942818,0.00019428793471942818,-1.935229e-05
C,2024-01-19,2024-01-19 14:27:00,9.712509712511697e-05,9.712509712511697e-05,-3.770539e-05
C,2024-01-19,2024-01-19 14:28:00,-0.0015538506361075788,-0.0015538506361075788,-3.4403052e-05
C,2024-01-19,2024-01-19 14:29:00,-0.0005836008170411189,-0.0005836008170411189,0.0004932667
C,2024-01-19,2024-01-19 14:30:00,0.0,0.0,0.00020087168
C,2024-01-19,2024-01-19 14:31:00,0.0008759124087591719,0.0008759124087591719,0.00015631836
C,2024-01-19,2024-01-19 14:32:00,0.000777907429015734,0.000777907429015734,-7.444869e-05
C,2024-01-19,2024-01-19 14:33:00,-0.0004858142246403352,-0.0004858142246403352,-0.0001346088
C,2024-01-19,2024-01-19 14:34:00,-0.0006804704967435793,-0.0006804704967435793,-6.1709484e-06
C,2024-01-19,2024-01-19 14:35:00,0.0010700389105058328,0.0010700389105058328,1.6644437e-05
C,2024-01-19,2024-01-19 14:36:00,-0.00048586143231943435,-0.00048586143231943435,-0.0002036778
C,2024-01-19,2024-01-19 14:37:00,0.001069414738479546,0.001069414738479546,-2.4943189e-05
C,2024-01-19,2024-01-19 14:38:00,0.0005826939885402727,0.0005826939885402727,-6.1966624e-05
C,2024-01-19,2024-01-19 14:39:00,0.000776472871979017,0.000776472871979017,7.618358e-05
C,2024-01-19,2024-01-19 14:40:00,0.0007758704296383367,0.0007758704296383367,-5.3125368e-05
C,2024-01-19,2024-01-19 14:41:00,-0.0003876344607034454,-0.0003876344607034454,-3.957847e-05
C,2024-01-19,2024-01-19 14:42:00,9.6946194861669e-05,9.6946194861669e-05,-1.2437394e-07
C,2024-01-19,2024-01-19 14:43:00,9.69367972083468e-05,9.69367972083468e-05,-8.147212e-06
C,2024-01-19,2024-01-19 14:44:00,0.00038770960550560396,0.00038770960550560396,-8.036622e-06
C,2024-01-19,2024-01-19 14:45:00,0.0,0.0,4.6334303e-06
C,2024-01-19,2024-01-19 14:46:00,-0.0003875593450247683,-0.0003875593450247683,-4.834356e-05
C,2024-01-19,2024-01-19 14:47:00,0.0015508384220219718,0.0015508384220219718,-4.7137597e-05
C,2024-01-19,2024-01-19 14:48:00,0.0001935546307945124,0.0001935546307945124,-0.00033824274
C,2024-01-19,2024-01-19 14:49:00,-0.0007740686985968637,-0.0007740686985968637,-4.517676e-05
C,2024-01-19,2024-01-19 14:50:00,-0.0011620025176721782,-0.0011620025176721782,7.802913e-06
C,2024-01-19,2024-01-19 14:51:00,-0.0007755695588949063,-0.0007755695588949063,7.9608304e-05
C,2024-01-19,2024-01-19 14:52:00,0.0005821286504317236,0.0005821286504317236,0.00012475124
C,2024-01-19,2024-01-19 14:53:00,-0.00038785998254620146,-0.00038785998254620146,-9.392572e-06
C,2024-01-19,2024-01-19 14:54:00,0.0010670288097778258,0.0010670288097778258,8.049671e-05
C,2024-01-19,2024-01-19 14:55:00,-0.00029069767441858296,-0.00029069767441858296,-0.00016732207
C,2024-01-19,2024-01-19 14:56:00,-0.0007754192110109859,-0.0007754192110109859,-6.615062e-06
C,2024-01-19,2024-01-19 14:57:00,0.0,0.0,4.7831072e-05
C,2024-01-19,2024-01-19 14:58:00,9.700261907052976e-05,9.700261907052976e-05,1.4494619e-05
C,2024-01-19,2024-01-19 14:59:00,-9.69932104751825e-05,-9.69932104751825e-05,-8.723997e-06
C,2024-01-19,2024-01-19 15:00:00,0.0006790183334950406,0.0006790183334950406,-4.306622e-05
C,2024-01-19,2024-01-19 15:01:00,0.0002908103916245963,0.0002908103916245963,-0.00010600302
C,2024-01-19,2024-01-19 15:02:00,0.00048454307587952883,0.00048454307587952883,-3.2225584e-05
C,2024-01-19,2024-01-19 15:03:00,-0.0010654784967067954,-0.0010654784967067954,1.664067e-05
C,2024-01-19,2024-01-19 15:04:00,9.696499563660588e-05,9.696499563660588e-05,1.670077e-05
C,2024-01-19,2024-01-19 15:05:00,-0.0004847779716888878,-0.0004847779716888878,1.8084558e-05
C,2024-01-19,2024-01-19 15:06:00,0.00019400523814128157,0.00019400523814128157,-2.094931e-05
C,2024-01-19,2024-01-19 15:07:00,-0.00038793521481916837,-0.00038793521481916837,1.6400168e-06
C,2024-01-19,2024-01-19 15:08:00,0.0001940428834772412,0.0001940428834772412,8.035878e-05
C,2024-01-19,2024-01-19 15:09:00,0.0,0.0,-1.6787091e-05
C,2024-01-19,2024-01-19 15:10:00,0.0003880104762827852,0.0003880104762827852,-1.0437948e-05
C,2024-01-19,2024-01-19 15:11:00,-0.00019392999127310073,-0.00019392999127310073,-1.5754384e-05
C,2024-01-19,2024-01-19 15:12:00,-0.0002909514111143485,-0.0002909514111143485,-3.1920856e-05
C,2024-01-19,2024-01-19 15:13:00,-0.00029103608847480533,-0.00029103608847480533,-1.0652363e-05
C,2024-01-19,2024-01-19 15:14:00,0.0005822416302765365,0.0005822416302765365,-7.1960835e-06
C,2024-01-19,2024-01-19 15:15:00,-0.00038793521481916837,-0.00038793521481916837,-4.4112687e-05
C,2024-01-19,2024-01-19 15:16:00,-0.0002910643252158618,-0.0002910643252158618,-3.1800304e-05
C,2024-01-19,2024-01-19 15:17:00,-0.0004852484472047669,-0.0004852484472047669,-2.663582e-06
C,2024-01-19,2024-01-19 15:18:00,0.00019419361103012456,0.00019419361103012456,-2.608398e-06
C,2024-01-19,2024-01-19 15:19:00,0.00029123386079032976,0.00029123386079032976,3.365821e-05
C,2024-01-19,2024-01-19 15:20:00,-0.0008734472049689579,-0.0008734472049689579,5.9385777e-05
C,2024-01-19,2024-01-19 15:21:00,0.0003885381253037057,0.0003885381253037057,9.3827206e-05
C,2024-01-19,2024-01-19 15:22:00,-0.0001941936110303466,-0.0001941936110303466,-2.684059e-07
C,2024-01-19,2024-01-19 15:23:00,-0.00019423132951357225,-0.00019423132951357225,-2.2198763e-05
C,2024-01-19,2024-01-19 15:24:00,0.00019426906265196386,0.00019426906265196386,-2.488791e-05
C,2024-01-19,2024-01-19 15:25:00,9.71156647566751e-05,9.71156647566751e-05,5.250203e-05
C,2024-01-19,2024-01-19 15:26:00,0.00019421246844064655,0.00019421246844064655,-3.1584157e-05
C,2024-01-19,2024-01-19 15:27:00,9.70873786407811e-05,9.70873786407811e-05,6.1485534e-06
C,2024-01-19,2024-01-19 15:28:00,0.00019415590719362719,0.00019415590719362719,-3.495785e-05
C,2024-01-19,2024-01-19 15:29:00,-0.0004852955449869967,-0.0004852955449869967,-5.095598e-05
C,2024-01-19,2024-01-19 15:30:00,0.0,0.0,2.0074287e-05
C,2024-01-19,2024-01-19 15:31:00,0.0002913187026607478,0.0002913187026607478,1.01647365e-05
C,2024-01-19,2024-01-19 15:32:00,0.0,0.0,-1.6786546e-05
C,2024-01-19,2024-01-19 15:33:00,9.707795359692462e-05,9.707795359692462e-05,2.105158e-06
C,2024-01-19,2024-01-19 15:34:00,-0.0002912055911473699,-0.0002912055911473699,-4.8011658e-05
C,2024-01-19,2024-01-19 15:35:00,9.709680551495126e-05,9.709680551495126e-05,-3.0290428e-05
C,2024-01-19,2024-01-19 15:36:00,9.70873786407811e-05,9.70873786407811e-05,-3.8243765e-05
C,2024-01-19,2024-01-19 15:37:00,-0.00019415590719340514,-0.00019415590719340514,-6.419348e-05
C,2024-01-19,2024-01-19 15:38:00,-0.00019419361103012456,-0.00019419361103012456,-3.892803e-05
C,2024-01-19,2024-01-19 15:39:00,-0.0005826939885403837,-0.0005826939885403837,2.0943628e-05
C,2024-01-19,2024-01-19 15:40:00,0.00029151685939177163,0.00029151685939177163,4.099679e-05
C,2024-01-19,2024-01-19 15:41:00,-9.714396735949204e-05,-9.714396735949204e-05,-9.439034e-06
C,2024-01-19,2024-01-19 15:42:00,-0.0003886136209074742,-0.0003886136209074742,-6.601575e-06
C,2024-01-19,2024-01-19 15:43:00,-0.00029157352512387824,-0.00029157352512387824,4.6621215e-05
C,2024-01-19,2024-01-19 15:44:00,0.00048609760839979366,0.00048609760839979366,2.8166407e-05
C,2024-01-19,2024-01-19 15:45:00,0.0005830337187833212,0.0005830337187833212,-1.5701613e-05
C,2024-01-19,2024-01-19 15:46:00,-0.0005826939885403837,-0.0005826939885403837,-5.1141662e-05
C,2024-01-19,2024-01-19 15:47:00,0.00019434457292799578,0.00019434457292799578,6.02835e-05
C,2024-01-19,2024-01-19 15:48:00,-0.006412124744972325,-0.0031269438185226373,1.569221e-06
C,2024-01-19,2024-01-19 15:49:00,0.00684462696783017,0.0030976230814392094,0.00078056543
C,2024-01-19,2024-01-19 15:50:00,9.71156647566751e-05,9.71156647566751e-05,-0.00034528555
C,2024-01-19,2024-01-19 15:51:00,-9.710623422010123e-05,-9.710623422010123e-05,2.7862507e-05
C,2024-01-19,2024-01-19 15:52:00,0.00019423132951357225,0.00019423132951357225,6.386803e-05
C,2024-01-19,2024-01-19 15:53:00,0.00029129041654529786,0.00029129041654529786,8.973293e-05
C,2024-01-19,2024-01-19 15:54:00,-0.0002912055911473699,-0.0002912055911473699,2.8267097e-05
C,2024-01-19,2024-01-19 15:55:00,0.0,0.0,4.2960473e-05
C,2024-01-19,2024-01-19 15:56:00,0.009806777357024954,0.0030976230814392094,2.6128144e-05
C,2024-01-19,2024-01-19 15:57:00,-0.009326923076923066,-0.0031269438185226373,-0.000394681
C,2024-01-19,2024-01-19 15:58:00,0.0003882364359895085,0.0003882364359895085,0.0002373107
C,2024-01-22,2024-01-22 09:40:00,0.0019965772960637285,0.0019965772960637285,0.00011413963
C,2024-01-22,2024-01-22 09:41:00,-0.000569313976658159,-0.000569313976658159,-0.0006399509
C,2024-01-22,2024-01-22 09:42:00,-0.00066457799297448,-0.00066457799297448,6.9548085e-05
C,2024-01-22,2024-01-22 09:43:00,0.0012350370511116093,0.0012350370511116093,5.152941e-05
C,2024-01-22,2024-01-22 09:44:00,-0.002372141569409014,-0.002372141569409014,-0.0002039057
C,2024-01-22,2024-01-22 09:45:00,0.002568004565341564,0.002568004565341564,0.00046077603
C,2024-01-22,2024-01-22 09:46:00,-0.0017076178730671687,-0.0017076178730671687,-0.00038060316
C,2024-01-22,2024-01-22 09:47:00,-0.0007602394754345765,-0.0007602394754345765,0.00054390077
C,2024-01-22,2024-01-22 09:48:00,0.0005706134094152215,0.0005706134094152215,0.0001645686
C,2024-01-22,2024-01-22 09:49:00,0.0008554319931564081,0.0008554319931564081,6.0568505e-05
C,2024-01-22,2024-01-22 09:50:00,-0.001044634377967757,-0.001044634377967757,-0.000113733935
C,2024-01-22,2024-01-22 09:51:00,0.0020914535602243323,0.0020914535602243323,5.1221192e-05
C,2024-01-22,2024-01-22 09:52:00,0.0003794706384592228,0.0003794706384592228,-0.00045089144
C,2024-01-22,2024-01-22 09:53:00,0.000948316737790611,0.000948316737790611,8.256752e-05
C,2024-01-22,2024-01-22 09:54:00,0.0008526764566554323,0.0008526764566554323,-0.00014275352
C,2024-01-22,2024-01-22 09:55:00,-0.0004733055660733898,-0.0004733055660733898,-0.00019150587
C,2024-01-22,2024-01-22 09:56:00,0.00018941187612453447,0.00018941187612453447,0.00010514894
C,2024-01-22,2024-01-22 09:57:00,-0.0010415680333302202,-0.0010415680333302202,6.696365e-05
C,2024-01-22,2024-01-22 09:58:00,-0.0007582938388625005,-0.0007582938388625005,0.0002106979
C,2024-01-22,2024-01-22 09:59:00,0.0023714665148928393,0.0023714665148928393,0.00025442158
C,2024-01-22,2024-01-22 10:00:00,-0.0017980505346835152,-0.0017980505346835152,-0.0003584921
C,2024-01-22,2024-01-22 10:01:00,0.0006636329161928689,0.0006636329161928689,0.00072286226
C,2024-01-22,2024-01-22 10:02:00,-0.001894836570345948,-0.001894836570345948,0.00010451874
C,2024-01-22,2024-01-22 10:03:00,-0.001328903654484903,-0.001328903654484903,0.0006103321
C,2024-01-22,2024-01-22 10:04:00,-0.001235623990115009,-0.001235623990115009,0.00032278444
C,2024-01-22,2024-01-22 10:05:00,0.0011419870574800317,0.0011419870574800317,0.00047823295
C,2024-01-22,2024-01-22 10:06:00,9.505703422063583e-05,9.505703422063583e-05,-0.00012312963
C,2024-01-22,2024-01-22 10:07:00,0.0011405759908753588,0.0011405759908753588,0.00031302863
C,2024-01-22,2024-01-22 10:08:00,0.00037975885312824254,0.00037975885312824254,-8.26582e-05
C,2024-01-22,2024-01-22 10:09:00,0.000569422036632794,0.000569422036632794,7.914861e-05
C,2024-01-22,2024-01-22 10:10:00,0.0008536469695532567,0.0008536469695532567,-1.5186407e-05
C,2024-01-22,2024-01-22 10:11:00,-9.476876421554703e-05,-9.476876421554703e-05,-7.766583e-05
C,2024-01-22,2024-01-22 10:12:00,-0.00018955549237020808,-0.00018955549237020808,4.658834e-05
C,2024-01-22,2024-01-22 10:13:00,0.0001895914304672619,0.0001895914304672619,0.00014919587
C,2024-01-22,2024-01-22 10:14:00,0.0011373329542223587,0.0011373329542223587,9.3387505e-05
C,2024-01-22,2024-01-22 10:15:00,9.467007478947131e-05,9.467007478947131e-05,-2.3823784e-05
C,2024-01-22,2024-01-22 10:16:00,-0.0004733055660733898,-0.0004733055660733898,0.000112601556
C,2024-01-22,2024-01-22 10:17:00,-0.0008523534425608492,-0.0008523534425608492,0.00012957011
C,2024-01-22,2024-01-22 10:18:00,0.0006635071090046463,0.0006635071090046463,0.0002867082
C,2024-01-22,2024-01-22 10:19:00,0.0006630671592309234,0.0006630671592309234,4.881511e-05
C,2024-01-22,2024-01-22 10:20:00,-9.466111321476678e-05,-9.466111321476678e-05,-8.834501e-05
C,2024-01-22,2024-01-22 10:21:00,0.00018934014957872058,0.00018934014957872058,0.00014292271
C,2024-01-22,2024-01-22 10:22:00,9.465215333648302e-05,9.465215333648302e-05,0.00013391285
C,2024-01-22,2024-01-22 10:23:00,0.0009464319515426478,0.0009464319515426478,0.00013106446
C,2024-01-22,2024-01-22 10:24:00,0.0012291981845689026,0.0012291981845689026,-8.253778e-05
C,2024-01-22,2024-01-22 10:25:00,-0.00018887524789867882,-0.00018887524789867882,-1.6729748e-05
C,2024-01-22,2024-01-22 10:26:00,-0.0008500991782375289,-0.0008500991782375289,8.0371494e-05
C,2024-01-22,2024-01-22 10:27:00,-0.0005672149744753163,-0.0005672149744753163,0.0001704352
C,2024-01-22,2024-01-22 10:28:00,0.00028376844494903963,0.00028376844494903963,0.0001323657
C,2024-01-22,2024-01-22 10:29:00,0.0,0.0,5.2617128e-05
C,2024-01-22,2024-01-22 10:30:00,-0.00047281323877068626,-0.00047281323877068626,5.832124e-05
C,2024-01-22,2024-01-22 10:31:00,-0.0016083254493850507,-0.0016083254493850507,3.5090274e-05
C,2024-01-22,2024-01-22 10:32:00,0.00047379891973853283,0.00047379891973853283,0.000351382
C,2024-01-22,2024-01-22 10:33:00,-0.0006630043568858213,-0.0006630043568858213,3.5126053e-05
C,2024-01-22,2024-01-22 10:34:00,-0.0014216661927778373,-0.0014216661927778373,3.624903e-05
C,2024-01-22,2024-01-22 10:35:00,0.0004745634016705136,0.0004745634016705136,0.00050075696
C,2024-01-22,2024-01-22 10:36:00,-9.486765961475019e-05,-9.486765961475019e-05,7.09442e-05
C,2024-01-22,2024-01-22 10:37:00,-9.487666034158071e-05,-9.487666034158071e-05,2.0729469e-05
C,2024-01-22,2024-01-22 10:38:00,-0.0009488566277636723,-0.0009488566277636723,6.5287063e-06
C,2024-01-22,2024-01-22 10:39:00,9.497578117589889e-05,9.497578117589889e-05,0.000114004186
C,2024-01-22,2024-01-22 10:40:00,0.00018993352326690527,0.00018993352326690527,1.4541963e-05
C,2024-01-22,2024-01-22 10:41:00,0.0008545385491833812,0.0008545385491833812,-4.7583744e-06
C,2024-01-22,2024-01-22 10:42:00,0.0007589412769188897,0.0007589412769188897,-8.678846e-05
C,2024-01-22,2024-01-22 10:43:00,-0.0007583657218694917,-0.0007583657218694917,-0.00012769237
C,2024-01-22,2024-01-22 10:44:00,0.00018973531922972242,0.00018973531922972242,4.3255506e-05
C,2024-01-22,2024-01-22 10:45:00,0.0,0.0,5.144635e-05
C,2024-01-22,2024-01-22 10:46:00,-0.0006639476429859403,-0.0006639476429859403,3.395615e-05
C,2024-01-22,2024-01-22 10:47:00,0.00028473804100226374,0.00028473804100226374,-8.060912e-05
C,2024-01-22,2024-01-22 10:48:00,-0.001138627953316207,-0.001138627953316207,1.8196819e-05
C,2024-01-22,2024-01-22 10:49:00,9.499382540134604e-05,9.499382540134604e-05,8.320292e-05
C,2024-01-22,2024-01-22 10:50:00,0.001234802431610893,0.001234802431610893,2.6245507e-06
C,2024-01-22,2024-01-22 10:51:00,-0.0011384119153781125,-0.0011384119153781125,-0.0002191174
C,2024-01-22,2024-01-22 10:52:00,-0.0005698546870548382,-0.0005698546870548382,0.00011650994
C,2024-01-22,2024-01-22 10:53:00,0.0,0.0,0.00013119621
C,2024-01-22,2024-01-22 10:54:00,-0.00019005986885856085,-0.00019005986885856085,2.1939615e-05
C,2024-01-22,2024-01-22 10:55:00,-0.0005702879954376794,-0.0005702879954376794,-2.2197203e-06
C,2024-01-22,2024-01-22 10:56:00,0.0,0.0,3.7064143e-05
C,2024-01-22,2024-01-22 10:57:00,-0.0007608178792203324,-0.0007608178792203324,1.4006422e-05
C,2024-01-22,2024-01-22 10:58:00,0.0001903492909489657,0.0001903492909489657,2.7933533e-05
C,2024-01-22,2024-01-22 10:59:00,-0.0011418783899515006,-0.0011418783899515006,3.8450016e-05
C,2024-01-22,2024-01-22 11:00:00,-0.00019053062779850194,-0.00019053062779850194,0.00022266182
C,2024-01-22,2024-01-22 11:01:00,9.528346831833012e-05,9.528346831833012e-05,-0.000107371365
C,2024-01-22,2024-01-22 11:02:00,-0.00019054878048785362,-0.00019054878048785362,8.898947e-06
C,2024-01-22,2024-01-22 11:03:00,-0.00038117019249084283,-0.00038117019249084283,-1.3497908e-05
C,2024-01-22,2024-01-22 11:04:00,0.0008579599618685485,0.0008579599618685485,4.321967e-06
C,2024-01-22,2024-01-22 11:05:00,0.0009524716639679465,0.0009524716639679465,-0.00010274466
C,2024-01-22,2024-01-22 11:06:00,0.0,0.0,-0.00023891185
C,2024-01-22,2024-01-22 11:07:00,-0.00028546959748787515,-0.00028546959748787515,-3.771113e-05
C,2024-01-22,2024-01-22 11:08:00,0.0002855511136492517,0.0002855511136492517,-3.4045665e-05
C,2024-01-22,2024-01-22 11:09:00,0.0006660957274715607,0.0006660957274715607,1.4019668e-05
C,2024-01-22,2024-01-22 11:10:00,-0.0002852795739824998,-0.0002852795739824998,-0.000105078325
C,2024-01-22,2024-01-22 11:11:00,0.00019024065442785343,0.00019024065442785343,-3.0407244e-05
C,2024-01-22,2024-01-22 11:12:00,0.00038040893960999966,0.00038040893960999966,-2.2242904e-05
C,2024-01-22,2024-01-22 11:13:00,9.506607091935848e-05,9.506607091935848e-05,-2.01604e-05
C,2024-01-22,2024-01-22 11:14:00,0.0002851711026614634,0.0002851711026614634,3.6962683e-05
C,2024-01-22,2024-01-22 11:15:00,0.0009502993442935814,0.0009502993442935814,-1.0302578e-05
C,2024-01-22,2024-01-22 11:16:00,-0.0005696382796922528,-0.0005696382796922528,-0.00014419567
C,2024-01-22,2024-01-22 11:17:00,9.499382540134604e-05,9.499382540134604e-05,2.0847332e-05
C,2024-01-22,2024-01-22 11:18:00,9.498480243141927e-05,9.498480243141927e-05,5.12354e-05
C,2024-01-22,2024-01-22 11:19:00,-0.0007598062494063029,-0.0007598062494063029,2.5469268e-05
C,2024-01-22,2024-01-22 11:20:00,-0.0009504799923962803,-0.0009504799923962803,1.6040527e-05
C,2024-01-22,2024-01-22 11:21:00,-0.0013319379697459555,-0.0013319379697459555,3.288266e-05
C,2024-01-22,2024-01-22 11:22:00,0.00028579594169753086,0.00028579594169753086,0.00024982681
C,2024-01-22,2024-01-22 11:23:00,0.00019047619047629638,0.00019047619047629638,2.2873379e-05
C,2024-01-22,2024-01-22 11:24:00,0.0009521995810322093,0.0009521995810322093,4.404695e-06
C,2024-01-22,2024-01-22 11:25:00,0.001046423135464103,0.001046423135464103,-0.00022254328
C,2024-01-22,2024-01-22 11:26:00,-0.00047514967214656867,-0.00047514967214656867,-0.00015910958
C,2024-01-22,2024-01-22 11:27:00,0.00028522532800923095,0.00028522532800923095,1.5127283e-05
C,2024-01-22,2024-01-22 11:28:00,-0.00019009599847930048,-0.00019009599847930048,-4.8515917e-06
C,2024-01-22,2024-01-22 11:29:00,0.0,0.0,-2.651482e-05
C,2024-01-22,2024-01-22 11:30:00,-0.0002851982127578534,-0.0002851982127578534,-3.772053e-06
C,2024-01-22,2024-01-22 11:31:00,0.0005705591479649996,0.0005705591479649996,1.3925767e-06
C,2024-01-22,2024-01-22 11:32:00,0.0002851168979280949,0.0002851168979280949,-5.7304358e-05
C,2024-01-22,2024-01-22 11:33:00,-0.00019002375296917062,-0.00019002375296917062,-2.169822e-05
C,2024-01-22,2024-01-22 11:34:00,0.0010453292787229174,0.0010453292787229174,-3.361455e-05
C,2024-01-22,2024-01-22 11:35:00,0.0008543763052970554,0.0008543763052970554,-0.000110516296
C,2024-01-22,2024-01-22 11:36:00,0.0005690979797021711,0.0005690979797021711,-0.00021603271
C,2024-01-22,2024-01-22 11:37:00,0.0001895914304672619,0.0001895914304672619,-8.705279e-05
C,2024-01-22,2024-01-22 11:38:00,-0.0003791109847407492,-0.0003791109847407492,-1.8793451e-05
C,2024-01-22,2024-01-22 11:39:00,-0.0005688821465820171,-0.0005688821465820171,3.5862482e-05
C,2024-01-22,2024-01-22 11:40:00,-0.000948676596148279,-0.000948676596148279,1.1713109e-05
C,2024-01-22,2024-01-22 11:41:00,0.000569746462824039,0.000569746462824039,4.3338485e-05
C,2024-01-22,2024-01-22 11:42:00,-0.0016133624371262867,-0.0016133624371262867,-7.5930966e-06
C,2024-01-22,2024-01-22 11:43:00,0.0,0.0,0.0005400897
C,2024-01-22,2024-01-22 11:44:00,0.0012357414448669335,0.0012357414448669335,1.668212e-05
C,2024-01-22,2024-01-22 11:45:00,-0.0002848191398462374,-0.0002848191398462374,-0.00020165468
C,2024-01-22,2024-01-22 11:46:00,0.0002849002849003579,0.0002849002849003579,-3.0421063e-05
C,2024-01-22,2024-01-22 11:47:00,0.0002848191398461264,0.0002848191398461264,-9.7045395e-06
C,2024-01-22,2024-01-22 11:48:00,0.00028473804100226374,0.00028473804100226374,-3.1509873e-05
C,2024-01-22,2024-01-22 11:49:00,-1.1102230246251565e-16,-1.1102230246251565e-16,7.624786e-05
C,2024-01-22,2024-01-22 11:50:00,0.0012335136160928073,0.0012335136160928073,3.8820267e-06
C,2024-01-22,2024-01-22 11:51:00,0.00018953752843042793,0.00018953752843042793,-0.00014629707
C,2024-01-22,2024-01-22 11:52:00,0.0002842524161454918,0.0002842524161454918,4.3310207e-05
C,2024-01-22,2024-01-22 11:53:00,0.0008525149190110604,0.0008525149190110604,-1.318919e-05
C,2024-01-22,2024-01-22 11:54:00,-0.0006625023660797869,-0.0006625023660797869,-0.00014687939
C,2024-01-22,2024-01-22 11:55:00,0.0009470593806231165,0.0009470593806231165,1.0883924e-05
C,2024-01-22,2024-01-22 11:56:00,-0.0018923266155737029,-0.0018923266155737029,-0.00017999085
C,2024-01-22,2024-01-22 11:57:00,0.0008531614371030116,0.0008531614371030116,0.00039594778
C,2024-01-22,2024-01-22 11:58:00,-0.0008524341731387386,-0.0008524341731387386,-0.00012475888
C,2024-01-22,2024-01-22 11:59:00,0.0005687742914020077,0.0005687742914020077,2.8338185e-05
C,2024-01-22,2024-01-22 12:00:00,0.0006631927996210152,0.0006631927996210152,7.231298e-05
C,2024-01-22,2024-01-22 12:01:00,-0.00047339519030498156,-0.00047339519030498156,-9.4981195e-05
C,2024-01-22,2024-01-22 12:02:00,0.0005683432793406329,0.0005683432793406329,-2.0153871e-05
C,2024-01-22,2024-01-22 12:03:00,0.0,0.0,1.0844966e-06
C,2024-01-22,2024-01-22 12:04:00,-0.0002840102243680809,-0.0002840102243680809,3.6200578e-05
C,2024-01-22,2024-01-22 12:05:00,9.469696969710562e-05,9.469696969710562e-05,-5.9589685e-05
C,2024-01-22,2024-01-22 12:06:00,-0.00047344001515003953,-0.00047344001515003953,5.7624173e-05
C,2024-01-22,2024-01-22 12:07:00,0.0,0.0,0.00013587238
C,2024-01-22,2024-01-22 12:08:00,-0.00018946570670719254,-0.00018946570670719254,1.7820872e-05
C,2024-01-22,2024-01-22 12:09:00,9.475080538212666e-05,9.475080538212666e-05,-3.891974e-06
C,2024-01-22,2024-01-22 12:10:00,9.474182851709756e-05,9.474182851709756e-05,3.1359739e-06
C,2024-01-22,2024-01-22 12:11:00,0.00028419856006056676,0.00028419856006056676,1.640434e-08
C,2024-01-22,2024-01-22 12:12:00,9.470593806226724e-05,9.470593806226724e-05,-2.7774868e-05
C,2024-01-22,2024-01-22 12:13:00,0.00028409090909087276,0.00028409090909087276,-1.0719184e-05
C,2024-01-22,2024-01-22 12:14:00,-0.00018934014957872058,-0.00018934014957872058,-4.403385e-05
C,2024-01-22,2024-01-22 12:15:00,-0.0001893760060599492,-0.0001893760060599492,-9.1038724e-05
C,2024-01-22,2024-01-22 12:16:00,0.00018941187612453447,0.00018941187612453447,-4.934729e-06
C,2024-01-22,2024-01-22 12:17:00,0.0,0.0,-7.3456226e-07
C,2024-01-22,2024-01-22 12:18:00,0.0007575040242400188,0.0007575040242400188,4.5382544e-06
C,2024-01-22,2024-01-22 12:19:00,9.461633077867404e-05,9.461633077867404e-05,-0.00012107864
C,2024-01-22,2024-01-22 12:20:00,0.0002838221381267214,0.0002838221381267214,-2.0611731e-05
C,2024-01-22,2024-01-22 12:21:00,0.00037832214130362196,0.00037832214130362196,-3.0468702e-05
C,2024-01-22,2024-01-22 12:22:00,0.0005672686016828798,0.0005672686016828798,-2.3316034e-05
C,2024-01-22,2024-01-22 12:23:00,9.449116507620481e-05,9.449116507620481e-05,-4.2616422e-05
C,2024-01-22,2024-01-22 12:24:00,-0.00028344671201818716,-0.00028344671201818716,0.00012868925
C,2024-01-22,2024-01-22 12:25:00,0.0,0.0,-3.5305738e-06
C,2024-01-22,2024-01-22 12:26:00,0.0003780361024476875,0.0003780361024476875,2.6218957e-05
C,2024-01-22,2024-01-22 12:27:00,9.447331128953351e-05,9.447331128953351e-05,-1.7124195e-05
C,2024-01-22,2024-01-22 12:28:00,-0.0004723219346306484,-0.0004723219346306484,-1.1055238e-05
C,2024-01-22,2024-01-22 12:29:00,-0.0005670541536716422,-0.0005670541536716422,-9.151873e-06
C,2024-01-22,2024-01-22 12:30:00,-0.00018912529550840773,-0.00018912529550840773,2.9688566e-05
C,2024-01-22,2024-01-22 12:31:00,0.0,0.0,1.0496825e-05
C,2024-01-22,2024-01-22 12:32:00,0.0005674832119550999,0.0005674832119550999,1.1677421e-05
C,2024-01-22,2024-01-22 12:33:00,-0.00047263446450507285,-0.00047263446450507285,-5.2154683e-05
C,2024-01-22,2024-01-22 12:34:00,-0.00018914318138840702,-0.00018914318138840702,-2.704353e-06
C,2024-01-22,2024-01-22 12:35:00,0.0004729474082483254,0.0004729474082483254,-3.901888e-06
C,2024-01-22,2024-01-22 12:36:00,0.00018908953389429328,0.00018908953389429328,1.6433096e-06
C,2024-01-22,2024-01-22 12:37:00,9.452689290090355e-05,9.452689290090355e-05,-8.519909e-06
C,2024-01-22,2024-01-22 12:38:00,0.0002835538752363753,0.0002835538752363753,2.9108754e-05
C,2024-01-22,2024-01-22 12:39:00,9.449116507620481e-05,9.449116507620481e-05,-1.751636e-05
C,2024-01-22,2024-01-22 12:40:00,0.00028344671201807614,0.00028344671201807614,1.8952534e-05
C,2024-01-22,2024-01-22 12:41:00,-0.0008500991782375289,-0.0008500991782375289,-1.1551958e-05
C,2024-01-22,2024-01-22 12:42:00,-0.00028360748723765816,-0.00028360748723765816,0.00016752683
C,2024-01-22,2024-01-22 12:43:00,9.456264775398182e-05,9.456264775398182e-05,6.2941646e-05
C,2024-01-22,2024-01-22 12:44:00,-0.00018910741301036982,-0.00018910741301036982,1.4917399e-05
C,2024-01-22,2024-01-22 12:45:00,0.0,0.0,-1.4401148e-05
C,2024-01-22,2024-01-22 12:46:00,-9.457159069425902e-05,-9.457159069425902e-05,1.8251352e-05
C,2024-01-22,2024-01-22 12:47:00,-0.00018916107065158894,-0.00018916107065158894,-2.8309372e-05
C,2024-01-22,2024-01-22 12:48:00,0.0006621890076623504,0.0006621890076623504,8.7253665e-07
C,2024-01-22,2024-01-22 12:49:00,-0.00047267914539617095,-0.00047267914539617095,-0.000105225685
C,2024-01-22,2024-01-22 12:50:00,-0.00018916107065147791,-0.00018916107065147791,1.0502065e-06
C,2024-01-22,2024-01-22 12:51:00,9.459842966608178e-05,9.459842966608178e-05,1.2297729e-05
C,2024-01-22,2024-01-22 12:52:00,9.458948164953185e-05,9.458948164953185e-05,-8.804679e-06
C,2024-01-22,2024-01-22 12:53:00,0.0,0.0,-1.1861603e-05
C,2024-01-22,2024-01-22 12:54:00,0.00018916107065169996,0.00018916107065169996,-7.1199297e-06
C,2024-01-22,2024-01-22 12:55:00,-0.00018912529550840773,-0.00018912529550840773,-2.9960413e-05
C,2024-01-22,2024-01-22 12:56:00,0.00018916107065169996,0.00018916107065169996,-4.2881043e-06
C,2024-01-22,2024-01-22 12:57:00,0.0,0.0,-1.6339443e-05
C,2024-01-22,2024-01-22 12:58:00,0.0003782505910163714,0.0003782505910163714,-4.6882473e-05
C,2024-01-22,2024-01-22 12:59:00,-0.00018905378580202914,-0.00018905378580202914,-4.734544e-05
C,2024-01-22,2024-01-22 13:00:00,-0.00018908953389429328,-0.00018908953389429328,-4.7918006e-06
C,2024-01-22,2024-01-22 13:01:00,9.456264775398182e-05,9.456264775398182e-05,1.755476e-05
C,2024-01-22,2024-01-22 13:02:00,0.0002836611195158323,0.0002836611195158323,3.0751027e-05
C,2024-01-22,2024-01-22 13:03:00,0.0,0.0,-1.7986795e-05
C,2024-01-22,2024-01-22 13:04:00,0.0003781075716042803,0.0003781075716042803,4.9848795e-06
C,2024-01-22,2024-01-22 13:05:00,-0.00028347349522817034,-0.00028347349522817034,-1.1748535e-05
C,2024-01-22,2024-01-22 13:06:00,0.000945179584121103,0.000945179584121103,2.3291288e-05
C,2024-01-22,2024-01-22 13:07:00,0.00018885741265339817,0.00018885741265339817,-0.00013866692
C,2024-01-22,2024-01-22 13:08:00,0.0006608761329305324,0.0006608761329305324,2.0948673e-05
C,2024-01-22,2024-01-22 13:09:00,0.0002830455703368706,0.0002830455703368706,-8.337943e-05
C,2024-01-22,2024-01-22 13:10:00,0.0001886436521409962,0.0001886436521409962,-2.7299007e-05
C,2024-01-22,2024-01-22 13:11:00,0.0,0.0,-1.0291282e-05
C,2024-01-22,2024-01-22 13:12:00,0.0008487363259148673,0.0008487363259148673,1.2331609e-06
C,2024-01-22,2024-01-22 13:13:00,0.0,0.0,-0.00010907002
C,2024-01-22,2024-01-22 13:14:00,0.0,0.0,3.9561586e-05
C,2024-01-22,2024-01-22 13:15:00,-0.0007537925186090755,-0.0007537925186090755,-2.9605097e-05
C,2024-01-22,2024-01-22 13:16:00,0.00018859028759998786,0.00018859028759998786,2.100035e-05
C,2024-01-22,2024-01-22 13:17:00,-0.00037710945601954204,-0.00037710945601954204,4.5067686e-06
C,2024-01-22,2024-01-22 13:18:00,-0.0009431293030274235,-0.0009431293030274235,-4.189642e-06
C,2024-01-22,2024-01-22 13:19:00,0.00018880392712161687,0.00018880392712161687,3.2908447e-05
C,2024-01-22,2024-01-22 13:20:00,-0.0009438414346388813,-0.0009438414346388813,5.192344e-06
C,2024-01-22,2024-01-22 13:21:00,-9.447331128942249e-05,-9.447331128942249e-05,9.529164e-07
C,2024-01-22,2024-01-22 13:22:00,0.000661375661375585,0.000661375661375585,-1.2518691e-05
C,2024-01-22,2024-01-22 13:23:00,-0.0009441979038805615,-0.0009441979038805615,-7.906478e-05
C,2024-01-22,2024-01-22 13:24:00,-0.00018901805122395476,-0.00018901805122395476,1.1587525e-05
C,2024-01-22,2024-01-22 13:25:00,-0.0007562151432081166,-0.0007562151432081166,1.1055657e-05
C,2024-01-22,2024-01-22 13:26:00,-0.0009459842966607068,-0.0009459842966607068,5.532295e-05
C,2024-01-22,2024-01-22 13:27:00,-0.000852192027270049,-0.000852192027270049,2.9604606e-05
C,2024-01-22,2024-01-22 13:28:00,-0.00028430629264597496,-0.00028430629264597496,0.00017768373
C,2024-01-22,2024-01-22 13:29:00,-0.0006635700066357497,-0.0006635700066357497,0.00015114465
C,2024-01-22,2024-01-22 13:30:00,0.0006640106241699861,0.0006640106241699861,0.00019068006
C,2024-01-22,2024-01-22 13:31:00,0.0001895914304672619,0.0001895914304672619,-0.00010202855
C,2024-01-22,2024-01-22 13:32:00,0.003032887877926438,0.003032887877926438,4.9760096e-05
C,2024-01-22,2024-01-22 13:33:00,-0.0023622791269017895,-0.0023622791269017895,-0.000663392
C,2024-01-22,2024-01-22 13:34:00,9.471490812651417e-05,9.471490812651417e-05,0.00047933243
C,2024-01-22,2024-01-22 13:35:00,0.000378823752249291,0.000378823752249291,2.1491403e-05
C,2024-01-22,2024-01-22 13:36:00,0.0,0.0,-9.763537e-06
C,2024-01-22,2024-01-22 13:37:00,-0.0002840102243680809,-0.0002840102243680809,-3.305339e-05
C,2024-01-22,2024-01-22 13:38:00,0.00047348484848486194,0.00047348484848486194,9.334633e-05
C,2024-01-22,2024-01-22 13:39:00,-0.0005679129200188981,-0.0005679129200188981,-8.149044e-06
C,2024-01-22,2024-01-22 13:40:00,9.470593806226724e-05,9.470593806226724e-05,9.238891e-06
C,2024-01-22,2024-01-22 13:41:00,0.00047348484848486194,0.00047348484848486194,-1.7337237e-06
C,2024-01-22,2024-01-22 13:42:00,0.0002839564600094491,0.0002839564600094491,-6.1094775e-06
C,2024-01-22,2024-01-22 13:43:00,-0.00037850113550341735,-0.00037850113550341735,-2.928842e-05
C,2024-01-22,2024-01-22 13:44:00,9.466111321465576e-05,9.466111321465576e-05,-1.62979e-05
C,2024-01-22,2024-01-22 13:45:00,0.0002839564600094491,0.0002839564600094491,-2.0171543e-05
C,2024-01-22,2024-01-22 13:46:00,0.00028387585162747975,0.00028387585162747975,-1.823624e-05
C,2024-01-22,2024-01-22 13:47:00,-0.0001891968593322746,-0.0001891968593322746,-3.140149e-05
C,2024-01-22,2024-01-22 13:48:00,-9.461633077856302e-05,-9.461633077856302e-05,-2.797031e-05
C,2024-01-22,2024-01-22 13:49:00,-0.0001892505677517642,-0.0001892505677517642,-7.666544e-06
C,2024-01-22,2024-01-22 13:50:00,0.00018928639030857397,0.00018928639030857397,3.3428662e-06
C,2024-01-22,2024-01-22 13:51:00,0.0006623769871307861,0.0006623769871307861,-1.3998794e-05
C,2024-01-22,2024-01-22 13:52:00,0.0,0.0,-0.00017580824
C,2024-01-22,2024-01-22 13:53:00,0.0003782505910163714,0.0003782505910163714,-4.41731e-05
C,2024-01-22,2024-01-22 13:54:00,-0.00028358067870315473,-0.00028358067870315473,-1.6298369e-05
C,2024-01-22,2024-01-22 13:55:00,0.000661875945537238,0.000661875945537238,-3.3599033e-05
C,2024-01-22,2024-01-22 13:56:00,-0.0007559293206085282,-0.0007559293206085282,-8.7437526e-05
C,2024-01-22,2024-01-22 13:57:00,-0.00018912529550840773,-0.00018912529550840773,1.4031148e-05
C,2024-01-22,2024-01-22 13:58:00,-0.00018916107065147791,-0.00018916107065147791,1.6222813e-05
C,2024-01-22,2024-01-22 13:59:00,0.0003783937186641051,0.0003783937186641051,-8.804679e-06
C,2024-01-22,2024-01-22 14:00:00,-0.0003782505910164824,-0.0003782505910164824,-5.472646e-07
C,2024-01-22,2024-01-22 14:01:00,0.0005675905779964907,0.0005675905779964907,-1.740485e-06
C,2024-01-22,2024-01-22 14:02:00,0.0007563581355769511,0.0007563581355769511,8.611018e-07
C,2024-01-22,2024-01-22 14:03:00,0.0,0.0,-0.00014269758
C,2024-01-22,2024-01-22 14:04:00,0.0,0.0,-6.64164e-07
C,2024-01-22,2024-01-22 14:05:00,0.0,0.0,-3.524519e-05
C,2024-01-22,2024-01-22 14:06:00,-0.00018894662257906703,-0.00018894662257906703,-2.4442408e-05
C,2024-01-22,2024-01-22 14:07:00,0.0,0.0,-3.7067417e-05
C,2024-01-22,2024-01-22 14:08:00,-0.00018898233015207655,-0.00018898233015207655,1.4339103e-05
C,2024-01-22,2024-01-22 14:09:00,0.00018901805122384374,0.00018901805122384374,-1.0651802e-05
C,2024-01-22,2024-01-22 14:10:00,0.00018898233015218757,0.00018898233015218757,-1.19283895e-05
C,2024-01-22,2024-01-22 14:11:00,0.0005668398677374231,0.0005668398677374231,-1.7176724e-05
C,2024-01-22,2024-01-22 14:12:00,-0.0001888395807760901,-0.0001888395807760901,-6.472162e-05
C,2024-01-22,2024-01-22 14:13:00,-9.443762394945043e-05,-9.443762394945043e-05,-2.8529927e-05
C,2024-01-22,2024-01-22 14:14:00,-9.444654325641011e-05,-9.444654325641011e-05,-1.6871869e-05
C,2024-01-22,2024-01-22 14:15:00,-0.00018891092849726565,-0.00018891092849726565,1.180439e-05
C,2024-01-22,2024-01-22 14:16:00,0.0,0.0,-9.564528e-06
C,2024-01-22,2024-01-22 14:17:00,-0.0005668398677374231,-0.0005668398677374231,-9.209143e-06
C,2024-01-22,2024-01-22 14:18:00,0.0,0.0,1.1860637e-05
C,2024-01-22,2024-01-22 14:19:00,-0.0009452689290102567,-0.0009452689290102567,1.959816e-05
C,2024-01-22,2024-01-22 14:20:00,-0.00018923266155734808,-0.00018923266155734808,1.9260397e-05
C,2024-01-22,2024-01-22 14:21:00,-0.0007570739093404333,-0.0007570739093404333,9.988547e-05
C,2024-01-22,2024-01-22 14:22:00,0.00018941187612453447,0.00018941187612453447,4.6365152e-05
C,2024-01-22,2024-01-22 14:23:00,0.0006628160212100997,0.0006628160212100997,-8.58184e-06
C,2024-01-22,2024-01-22 14:24:00,-0.00037850113550341735,-0.00037850113550341735,-1.26715495e-05
C,2024-01-22,2024-01-22 14:25:00,-0.0006626277925029234,-0.0006626277925029234,-2.2632008e-05
C,2024-01-22,2024-01-22 14:26:00,-0.00018944775978024797,-0.00018944775978024797,5.5196233e-05
C,2024-01-22,2024-01-22 14:27:00,2.220446049250313e-16,2.220446049250313e-16,1.6332931e-05
C,2024-01-22,2024-01-22 14:28:00,0.00018948365703441716,0.00018948365703441716,1.9160296e-05
C,2024-01-22,2024-01-22 14:29:00,-0.0003788955195603849,-0.0003788955195603849,-8.028983e-06
C,2024-01-22,2024-01-22 14:30:00,-0.00018951956789547975,-0.00018951956789547975,0.00011614128
C,2024-01-22,2024-01-22 14:31:00,-0.0005686664771111793,-0.0005686664771111793,3.2700995e-05
C,2024-01-22,2024-01-22 14:32:00,0.000568990042674189,0.000568990042674189,0.00015218744
C,2024-01-22,2024-01-22 14:33:00,-0.0003791109847407492,-0.0003791109847407492,-1.1603852e-05
C,2024-01-22,2024-01-22 14:34:00,0.00028444107329095303,0.00028444107329095303,0.00010438553
C,2024-01-22,2024-01-22 14:35:00,0.0006635071090046463,0.0006635071090046463,2.4068635e-05
C,2024-01-22,2024-01-22 14:36:00,0.00037889551956049594,0.00037889551956049594,-8.7666565e-05
C,2024-01-22,2024-01-22 14:37:00,0.0,0.0,-2.6919347e-06
C,2024-01-22,2024-01-22 14:38:00,0.0,0.0,-1.4682396e-05
C,2024-01-22,2024-01-22 14:39:00,-0.0006628160212102108,-0.0006628160212102108,1.2194197e-05
C,2024-01-22,2024-01-22 14:40:00,9.475080538212666e-05,9.475080538212666e-05,-1.4513688e-06
C,2024-01-22,2024-01-22 14:41:00,-0.0001894836570346392,-0.0001894836570346392,-5.704341e-06
C,2024-01-22,2024-01-22 14:42:00,-9.475978394757334e-05,-9.475978394757334e-05,-2.8309372e-05
C,2024-01-22,2024-01-22 14:43:00,-9.476876421554703e-05,-9.476876421554703e-05,-5.8386736e-06
C,2024-01-22,2024-01-22 14:44:00,0.0009477774618520396,0.0009477774618520396,0.00010825739
C,2024-01-22,2024-01-22 14:45:00,9.468800303014113e-05,9.468800303014113e-05,-0.00011585429
C,2024-01-22,2024-01-22 14:46:00,-0.0002840371141829001,-0.0002840371141829001,-1.997081e-06
C,2024-01-22,2024-01-22 14:47:00,0.0,0.0,-1.3212282e-06
C,2024-01-22,2024-01-22 14:48:00,0.000757647504498582,0.000757647504498582,1.2253107e-05
C,2024-01-22,2024-01-22 14:49:00,0.0,0.0,-7.87196e-05
C,2024-01-22,2024-01-22 14:50:00,-0.00018926847733502505,-0.00018926847733502505,-1.997061e-05
C,2024-01-22,2024-01-22 14:51:00,-0.00018930430667307707,-0.00018930430667307707,-2.5503085e-05
C,2024-01-22,2024-01-22 14:52:00,0.0,0.0,-1.151778e-05
C,2024-01-22,2024-01-22 14:53:00,-0.00018934014957872058,-0.00018934014957872058,-6.6734165e-06
C,2024-01-22,2024-01-22 14:54:00,0.0,0.0,-2.7182678e-05
C,2024-01-22,2024-01-22 14:55:00,-0.0001893760060599492,-0.0001893760060599492,4.2258873e-07
C,2024-01-22,2024-01-22 14:56:00,-0.00037882375224917997,-0.00037882375224917997,-2.1227565e-05
C,2024-01-22,2024-01-22 14:57:00,0.00018948365703441716,0.00018948365703441716,1.2408708e-05
C,2024-01-22,2024-01-22 14:58:00,-0.00018944775978002593,-0.00018944775978002593,-2.1915088e-05
C,2024-01-22,2024-01-22 14:59:00,-0.0007579346281384458,-0.0007579346281384458,-2.546114e-05
C,2024-01-22,2024-01-22 15:00:00,0.0005688821465819061,0.0005688821465819061,6.7664245e-05
C,2024-01-22,2024-01-22 15:01:00,0.0012318771913200077,0.0012318771913200077,-1.4051625e-05
C,2024-01-22,2024-01-22 15:02:00,9.464319515428699e-05,9.464319515428699e-05,-0.00026814966
C,2024-01-22,2024-01-22 15:03:00,-9.463423866762355e-05,-9.463423866762355e-05,-3.42244e-05
C,2024-01-22,2024-01-22 15:04:00,-0.0003785727806170369,-0.0003785727806170369,-2.8070524e-05
C,2024-01-22,2024-01-22 15:05:00,0.00028403711418301114,0.00028403711418301114,-1.1396265e-05
C,2024-01-22,2024-01-22 15:06:00,0.0003786086133459321,0.0003786086133459321,-1.6684355e-05
C,2024-01-22,2024-01-22 15:07:00,0.00037846532311469616,0.00037846532311469616,-1.2530917e-05
C,2024-01-22,2024-01-22 15:08:00,0.00037832214130362196,0.00037832214130362196,-1.0913301e-05
C,2024-01-22,2024-01-22 15:09:00,-0.0001890895338944043,-0.0001890895338944043,-1.5254417e-05
C,2024-01-22,2024-01-22 15:10:00,0.0005673758865247791,0.0005673758865247791,-2.2820554e-06
C,2024-01-22,2024-01-22 15:11:00,-0.0011341083073433955,-0.0011341083073433955,-7.0010365e-06
C,2024-01-22,2024-01-22 15:12:00,0.0,0.0,7.900258e-05
C,2024-01-22,2024-01-22 15:13:00,0.0,0.0,1.0566469e-05
C,2024-01-22,2024-01-22 15:14:00,0.0,0.0,-8.270712e-05
C,2024-01-22,2024-01-22 15:15:00,0.0,0.0,-3.2393258e-05
C,2024-01-22,2024-01-22 15:16:00,-0.00018923266155734808,-0.00018923266155734808,-7.918111e-06
C,2024-01-22,2024-01-22 15:17:00,-0.00018926847733502505,-0.00018926847733502505,3.3052568e-06
C,2024-01-22,2024-01-22 15:18:00,0.00018930430667296605,0.00018930430667296605,1.949636e-05
C,2024-01-22,2024-01-22 15:19:00,0.0,0.0,5.268058e-05
C,2024-01-22,2024-01-22 15:20:00,0.001230245102677996,0.001230245102677996,1.26921595e-05
C,2024-01-22,2024-01-22 15:21:00,-0.0002835538752361533,-0.0002835538752361533,-0.00022542894
C,2024-01-22,2024-01-22 15:22:00,-0.0001890895338944043,-0.0001890895338944043,-1.047168e-05
C,2024-01-22,2024-01-22 15:23:00,-9.456264775409284e-05,-9.456264775409284e-05,1.0263598e-06
C,2024-01-22,2024-01-22 15:24:00,0.000283714772082444,0.000283714772082444,-1.3784513e-05
C,2024-01-22,2024-01-22 15:25:00,-0.0001890895338944043,-0.0001890895338944043,-5.1248194e-06
C,2024-01-22,2024-01-22 15:26:00,0.00018912529550840773,0.00018912529550840773,3.1296286e-06
C,2024-01-22,2024-01-22 15:27:00,-9.454476694736869e-05,-9.454476694736869e-05,2.0748414e-05
C,2024-01-22,2024-01-22 15:28:00,-9.455370650524042e-05,-9.455370650524042e-05,4.0924173e-05
C,2024-01-22,2024-01-22 15:29:00,0.0003782505910163714,0.0003782505910163714,6.0707844e-05
C,2024-01-22,2024-01-22 15:30:00,0.00018905378580225118,0.00018905378580225118,5.2666623e-05
C,2024-01-22,2024-01-22 15:31:00,0.00018901805122384374,0.00018901805122384374,2.2677617e-05
C,2024-01-22,2024-01-22 15:32:00,0.0005669469904563407,0.0005669469904563407,-1.1748535e-05
C,2024-01-22,2024-01-22 15:33:00,0.0003777504957975797,0.0003777504957975797,1.8154102e-05
C,2024-01-22,2024-01-22 15:34:00,0.0005664117813650726,0.0005664117813650726,2.6776797e-06
C,2024-01-22,2024-01-22 15:35:00,-0.0011321822813473714,-0.0011321822813473714,1.755214e-05
C,2024-01-22,2024-01-22 15:36:00,0.0005667327854916859,0.0005667327854916859,0.00022988723
C,2024-01-22,2024-01-22 15:37:00,0.00018880392712161687,0.00018880392712161687,4.2062045e-05
C,2024-01-22,2024-01-22 15:38:00,-0.0003775365738555303,-0.0003775365738555303,2.7814007e-05
C,2024-01-22,2024-01-22 15:39:00,9.441979038804504e-05,9.441979038804504e-05,-1.185173e-05
C,2024-01-22,2024-01-22 15:40:00,-0.0008496978851963988,-0.0008496978851963988,1.8684757e-05
C,2024-01-22,2024-01-22 15:41:00,-0.0007559293206085282,-0.0007559293206085282,2.9889536e-05
C,2024-01-22,2024-01-22 15:42:00,-0.0003782505910164824,-0.0003782505910164824,5.0722414e-05
C,2024-01-22,2024-01-22 15:43:00,-0.0001891968593322746,-0.0001891968593322746,1.720304e-05
C,2024-01-22,2024-01-22 15:44:00,0.002270791938688621,0.002270791938688621,1.408716e-05
C,2024-01-22,2024-01-22 15:45:00,-0.00151043141697349,-0.00151043141697349,-0.0004637981
C,2024-01-22,2024-01-22 15:46:00,-0.0005672686016828798,-0.0005672686016828798,0.00059762294
C,2024-01-22,2024-01-22 15:47:00,0.0004729921483301869,0.0004729921483301869,2.1698354e-05
C,2024-01-22,2024-01-22 15:48:00,-0.0003782148260210727,-0.0003782148260210727,0.00010879058
C,2024-01-22,2024-01-22 15:49:00,0.0012296632614452463,0.0012296632614452463,0.00013017222
C,2024-01-22,2024-01-22 15:50:00,0.0014170996693434468,0.0014170996693434468,-0.0002980914
C,2024-01-22,2024-01-22 15:51:00,-9.433962264138174e-05,-9.433962264138174e-05,-0.0002693774
C,2024-01-22,2024-01-22 15:52:00,-0.0018869704689122857,-0.0018869704689122857,-3.928008e-05
C,2024-01-22,2024-01-22 15:53:00,-0.0003781075716040583,-0.0003781075716040583,0.0003395987
C,2024-01-22,2024-01-22 15:54:00,0.0003782505910163714,0.0003782505910163714,-7.007358e-05
C,2024-01-22,2024-01-22 15:55:00,0.00018905378580225118,0.00018905378580225118,-7.899401e-05
C,2024-01-22,2024-01-22 15:56:00,0.0,0.0,-0.0001001927
C,2024-01-22,2024-01-22 15:57:00,-0.00018901805122395476,-0.00018901805122395476,-8.882646e-05
C,2024-01-22,2024-01-22 15:58:00,-0.0011343227148122859,-0.0011343227148122859,-8.875824e-05
C,2024-01-23,2024-01-23 09:40:00,-0.0003780361024476875,-0.0003780361024476875,-1.3903743e-05
C,2024-01-23,2024-01-23 09:41:00,0.001039992436418613,0.001039992436418613,-4.7823454e-05
C,2024-01-23,2024-01-23 09:42:00,0.00018889308651304226,0.00018889308651304226,-0.00015318401
C,2024-01-23,2024-01-23 09:43:00,-0.0012275731822473102,-0.0012275731822473102,-7.339196e-05
C,2024-01-23,2024-01-23 09:44:00,-0.0011345372033658707,-0.0011345372033658707,-1.3769935e-05
C,2024-01-23,2024-01-23 09:45:00,0.0010411736867013133,0.0010411736867013133,-1.7653307e-05
C,2024-01-23,2024-01-23 09:46:00,0.00018910741301070289,0.00018910741301070289,-0.00024492145
C,2024-01-23,2024-01-23 09:47:00,-0.0011344299489507437,-0.0011344299489507437,-7.5196054e-05
C,2024-01-23,2024-01-23 09:48:00,0.0021767934885481566,0.0021767934885481566,-7.416371e-05
C,2024-01-23,2024-01-23 09:49:00,-0.0046274435735196295,-0.0031269438185226373,-0.0006024179
C,2024-01-23,2024-01-23 09:50:00,-0.0012333965844402162,-0.0012333965844402162,0.00022697808
C,2024-01-23,2024-01-23 09:51:00,0.0011399259048161525,0.0011399259048161525,8.088338e-05
C,2024-01-23,2024-01-23 09:52:00,0.0015181706044218313,0.0015181706044218313,-0.00015541025
C,2024-01-23,2024-01-23 09:53:00,-0.001421127427759461,-0.001421127427759461,-0.00038114248
C,2024-01-23,2024-01-23 09:54:00,0.0003795066413661008,0.0003795066413661008,0.0003226011
C,2024-01-23,2024-01-23 09:55:00,0.0009484066767828647,0.0009484066767828647,-5.3932035e-07
C,2024-01-23,2024-01-23 09:56:00,0.000473754026909301,0.000473754026909301,-0.00016093785
C,2024-01-23,2024-01-23 09:57:00,0.0005682356283738255,0.0005682356283738255,2.3698989e-05
C,2024-01-23,2024-01-23 09:58:00,-0.0005679129200188981,-0.0005679129200188981,1.9763835e-05
C,2024-01-23,2024-01-23 09:59:00,0.001515295008996942,0.001515295008996942,4.976928e-05
C,2024-01-23,2024-01-23 10:00:00,0.00028368794326238955,0.00028368794326238955,-0.00043336092
C,2024-01-23,2024-01-23 10:01:00,0.0001890716581585128,0.0001890716581585128,-3.4499228e-06
C,2024-01-23,2024-01-23 10:02:00,9.451795841219912e-05,9.451795841219912e-05,1.4055973e-05
C,2024-01-23,2024-01-23 10:03:00,-0.0005670541536716422,-0.0005670541536716422,3.5096826e-05
C,2024-01-23,2024-01-23 10:04:00,0.00018912529550840773,0.00018912529550840773,3.7371203e-05
C,2024-01-23,2024-01-23 10:05:00,-0.0009454476694715774,-0.0009454476694715774,5.4194803e-05
C,2024-01-23,2024-01-23 10:06:00,0.0009463423866755694,0.0009463423866755694,0.00020594323
C,2024-01-23,2024-01-23 10:07:00,-0.0037817906778860877,-0.0031269438185226373,-0.00015628911
C,2024-01-23,2024-01-23 10:08:00,0.0020878808009869854,0.0020878808009869854,0.00060400885
C,2024-01-23,2024-01-23 10:09:00,0.0010417653186853837,0.0010417653186853837,-0.00049812166
C,2024-01-23,2024-01-23 10:10:00,-0.00037842951750244325,-0.00037842951750244325,-9.859693e-05
C,2024-01-23,2024-01-23 10:11:00,0.00018928639030857397,0.00018928639030857397,9.225803e-06
C,2024-01-23,2024-01-23 10:12:00,-0.00028387585162759077,-0.00028387585162759077,3.952897e-05
C,2024-01-23,2024-01-23 10:13:00,-0.0012304779933742793,-0.0012304779933742793,3.2706055e-06
C,2024-01-23,2024-01-23 10:14:00,0.0015163002274449777,0.0015163002274449777,0.00016606106
C,2024-01-23,2024-01-23 10:15:00,0.00037850113550330633,0.00037850113550330633,-0.00041343813
C,2024-01-23,2024-01-23 10:16:00,-0.0005675368898978572,-0.0005675368898978572,7.945907e-05
C,2024-01-23,2024-01-23 10:17:00,9.464319515428699e-05,9.464319515428699e-05,9.589173e-05
C,2024-01-23,2024-01-23 10:18:00,0.00018926847733502505,0.00018926847733502505,7.547552e-05
C,2024-01-23,2024-01-23 10:19:00,-0.0006623143154508293,-0.0006623143154508293,5.3704913e-05
C,2024-01-23,2024-01-23 10:20:00,0.0003787161522437188,0.0003787161522437188,0.00012417925
C,2024-01-23,2024-01-23 10:21:00,-0.00018928639030846295,-0.00018928639030846295,7.756026e-05
C,2024-01-23,2024-01-23 10:22:00,-0.0007572889057174681,-0.0007572889057174681,8.006236e-05
C,2024-01-23,2024-01-23 10:23:00,-0.0002841985600606778,-0.0002841985600606778,0.00023610782
C,2024-01-23,2024-01-23 10:24:00,0.00047379891973853283,0.00047379891973853283,3.92887e-05
C,2024-01-23,2024-01-23 10:25:00,-0.0004735745406326819,-0.0004735745406326819,7.1713606e-05
C,2024-01-23,2024-01-23 10:26:00,-0.0005685587036862172,-0.0005685587036862172,4.033514e-05
C,2024-01-23,2024-01-23 10:27:00,0.0,0.0,5.3574215e-05
C,2024-01-23,2024-01-23 10:28:00,0.0,0.0,1.3343897e-05
C,2024-01-23,2024-01-23 10:29:00,-0.0009481369109698434,-0.0009481369109698434,-1.2400153e-05
C,2024-01-23,2024-01-23 10:30:00,0.00047451836386058766,0.00047451836386058766,1.2516901e-05
C,2024-01-23,2024-01-23 10:31:00,9.485866059577575e-05,9.485866059577575e-05,2.0825224e-05
C,2024-01-23,2024-01-23 10:32:00,-9.48496632837692e-05,-9.48496632837692e-05,1.0175405e-05
C,2024-01-23,2024-01-23 10:33:00,-0.0005691519635743214,-0.0005691519635743214,7.171472e-06
C,2024-01-23,2024-01-23 10:34:00,-0.0007593014426727773,-0.0007593014426727773,5.9556653e-05
C,2024-01-23,2024-01-23 10:35:00,0.0,0.0,5.3612584e-05
C,2024-01-23,2024-01-23 10:36:00,0.0011398176291794737,0.0011398176291794737,4.2088774e-05
C,2024-01-23,2024-01-23 10:37:00,-0.0002846299810246311,-0.0002846299810246311,-0.00017286799
C,2024-01-23,2024-01-23 10:38:00,0.000284711018316397,0.000284711018316397,3.6846646e-05
C,2024-01-23,2024-01-23 10:39:00,-0.0005692599620493732,-0.0005692599620493732,3.6297064e-05
C,2024-01-23,2024-01-23 10:40:00,-0.0011391684070628516,-0.0011391684070628516,5.6051784e-05
C,2024-01-23,2024-01-23 10:41:00,0.0005702337958564119,0.0005702337958564119,8.127631e-05
C,2024-01-23,2024-01-23 10:42:00,-0.0006648936170212671,-0.0006648936170212671,8.409303e-05
C,2024-01-23,2024-01-23 10:43:00,0.0004752399961978071,0.0004752399961978071,6.78591e-06
C,2024-01-23,2024-01-23 10:44:00,-9.500285008545717e-05,-9.500285008545717e-05,5.772414e-06
C,2024-01-23,2024-01-23 10:45:00,0.00047505938242276,0.00047505938242276,7.00814e-05
C,2024-01-23,2024-01-23 10:46:00,-0.00037986704653381054,-0.00037986704653381054,3.6035977e-05
C,2024-01-23,2024-01-23 10:47:00,0.0005700171005129651,0.0005700171005129651,5.081241e-05
C,2024-01-23,2024-01-23 10:48:00,0.001044436004557614,0.001044436004557614,-1.8219467e-05
C,2024-01-23,2024-01-23 10:49:00,-0.0013278952859718807,-0.0013278952859718807,-0.00022519004
C,2024-01-23,2024-01-23 10:50:00,-0.00037990312470315146,-0.00037990312470315146,0.00010203253
C,2024-01-23,2024-01-23 10:51:00,0.0002850356294537004,0.0002850356294537004,-1.3092288e-05
C,2024-01-23,2024-01-23 10:52:00,-0.0003799392097263432,-0.0003799392097263432,-1.2678599e-05
C,2024-01-23,2024-01-23 10:53:00,0.0002850627137971351,0.0002850627137971351,-1.8253373e-05
C,2024-01-23,2024-01-23 10:54:00,-0.00047496912700684124,-0.00047496912700684124,1.2463663e-06
C,2024-01-23,2024-01-23 10:55:00,0.0007603117278083271,0.0007603117278083271,3.1538533e-05
C,2024-01-23,2024-01-23 10:56:00,9.496676163345263e-05,9.496676163345263e-05,-0.00012415892
C,2024-01-23,2024-01-23 10:57:00,-0.000569746462824039,-0.000569746462824039,1.7517952e-05
C,2024-01-23,2024-01-23 10:58:00,0.0002850356294537004,0.0002850356294537004,2.3510845e-05
C,2024-01-23,2024-01-23 10:59:00,0.0006648936170212671,0.0006648936170212671,4.5389348e-05
C,2024-01-23,2024-01-23 11:00:00,-0.00018984337921212902,-0.00018984337921212902,-0.00010661726
C,2024-01-23,2024-01-23 11:01:00,9.493971328211614e-05,9.493971328211614e-05,-4.5766632e-05
C,2024-01-23,2024-01-23 11:02:00,-0.0004746535029429566,-0.0004746535029429566,-2.7324986e-05
C,2024-01-23,2024-01-23 11:03:00,0.00037990312470315146,0.00037990312470315146,2.9150224e-05
C,2024-01-23,2024-01-23 11:04:00,0.0004746985664103587,0.0004746985664103587,3.5220797e-05
C,2024-01-23,2024-01-23 11:05:00,0.0,0.0,1.0230543e-05
C,2024-01-23,2024-01-23 11:06:00,0.0007591573353578074,0.0007591573353578074,-2.3783938e-05
C,2024-01-23,2024-01-23 11:07:00,0.0040773753081735364,0.003050251772255605,-9.008798e-05
C,2024-01-23,2024-01-23 11:08:00,-0.004910756445367759,-0.0031269438185226373,-0.0005901958
C,2024-01-23,2024-01-23 11:09:00,0.001138844073265588,0.001138844073265588,0.00031789756
C,2024-01-23,2024-01-23 11:10:00,0.0,0.0,-0.00019802025
C,2024-01-23,2024-01-23 11:11:00,0.0005687742914020077,0.0005687742914020077,-4.058496e-06
C,2024-01-23,2024-01-23 11:12:00,0.0032212221695877563,0.003050251772255605,-1.4207037e-05
C,2024-01-23,2024-01-23 11:13:00,-0.003116441590329533,-0.003116441590329533,-0.00047660858
C,2024-01-23,2024-01-23 11:14:00,-0.0006631299734747298,-0.0006631299734747298,0.00035612364
C,2024-01-23,2024-01-23 11:15:00,-0.00018959143046748395,-0.00018959143046748395,7.176217e-05
C,2024-01-23,2024-01-23 11:16:00,0.0006636958376788904,0.0006636958376788904,5.2735566e-05
C,2024-01-23,2024-01-23 11:17:00,0.003316278188364663,0.003050251772255605,-8.27348e-05
C,2024-01-23,2024-01-23 11:18:00,-0.0037775049579751308,-0.0031269438185226373,-0.00047166838
C,2024-01-23,2024-01-23 11:19:00,0.0002843871457010039,0.0002843871457010039,0.00038279878
C,2024-01-23,2024-01-23 11:20:00,0.00028430629264586393,0.00028430629264586393,1.7724671e-05
C,2024-01-23,2024-01-23 11:21:00,0.0022738038844147823,0.0022738038844147823,1.8861658e-05
C,2024-01-23,2024-01-23 11:22:00,0.00018905378580225118,0.00018905378580225118,-0.0004618965
C,2024-01-23,2024-01-23 11:23:00,-0.0004725451280598314,-0.0004725451280598314,8.059069e-05
C,2024-01-23,2024-01-23 11:24:00,-9.455370650524042e-05,-9.455370650524042e-05,3.5028264e-05
C,2024-01-23,2024-01-23 11:25:00,0.00028368794326238955,0.00028368794326238955,2.5125488e-05
C,2024-01-23,2024-01-23 11:26:00,-0.0006617508035544617,-0.0006617508035544617,2.1740922e-05
C,2024-01-23,2024-01-23 11:27:00,-0.0005675905779963797,-0.0005675905779963797,3.260737e-05
C,2024-01-23,2024-01-23 11:28:00,0.0002839564600094491,0.0002839564600094491,8.087879e-05
C,2024-01-23,2024-01-23 11:29:00,-9.46252838759376e-05,-9.46252838759376e-05,6.507928e-06
C,2024-01-23,2024-01-23 11:30:00,-0.00018926847733502505,-0.00018926847733502505,8.732376e-06
C,2024-01-23,2024-01-23 11:31:00,0.0006625650733553812,0.0006625650733553812,0.00010373912
C,2024-01-23,2024-01-23 11:32:00,-0.0005675368898978572,-0.0005675368898978572,-4.2813488e-05
C,2024-01-23,2024-01-23 11:33:00,-0.0004732159757713239,-0.0004732159757713239,7.279092e-05
C,2024-01-23,2024-01-23 11:34:00,0.00085219202727016,0.00085219202727016,7.8773024e-05
C,2024-01-23,2024-01-23 11:35:00,9.460737937572183e-05,9.460737937572183e-05,-0.00013239324
C,2024-01-23,2024-01-23 11:36:00,0.0007567874373284322,0.0007567874373284322,2.9974213e-05
C,2024-01-23,2024-01-23 11:37:00,0.00018905378580225118,0.00018905378580225118,-0.00011393027
C,2024-01-23,2024-01-23 11:38:00,-0.0003780361024476875,-0.0003780361024476875,2.3773178e-05
C,2024-01-23,2024-01-23 11:39:00,9.454476694714664e-05,9.454476694714664e-05,6.21818e-05
C,2024-01-23,2024-01-23 11:40:00,-0.00047267914539617095,-0.00047267914539617095,4.7772017e-05
C,2024-01-23,2024-01-23 11:41:00,0.0005674832119550999,0.0005674832119550999,6.368139e-05
C,2024-01-23,2024-01-23 11:42:00,0.0009452689290103677,0.0009452689290103677,2.0922846e-05
C,2024-01-23,2024-01-23 11:43:00,-0.001133251487392517,-0.001133251487392517,-0.00015956955
C,2024-01-23,2024-01-23 11:44:00,0.00037817906778858656,0.00037817906778858656,9.057175e-05
C,2024-01-23,2024-01-23 11:45:00,-0.0009450902561194408,-0.0009450902561194408,6.0764294e-05
C,2024-01-23,2024-01-23 11:46:00,9.459842966608178e-05,9.459842966608178e-05,4.9299895e-05
C,2024-01-23,2024-01-23 11:47:00,-0.0002837684449489286,-0.0002837684449489286,2.6034326e-05
C,2024-01-23,2024-01-23 11:48:00,-0.0005676979846721553,-0.0005676979846721553,3.0093903e-05
C,2024-01-23,2024-01-23 11:49:00,9.467007478947131e-05,9.467007478947131e-05,5.193923e-05
C,2024-01-23,2024-01-23 11:50:00,-0.0005679666792881566,-0.0005679666792881566,5.0879575e-05
C,2024-01-23,2024-01-23 11:51:00,-9.47149081266252e-05,-9.47149081266252e-05,6.0999744e-05
C,2024-01-23,2024-01-23 11:52:00,0.00047361939945078646,0.00047361939945078646,8.397748e-05
C,2024-01-23,2024-01-23 11:53:00,0.0006627532664267299,0.0006627532664267299,3.837186e-05
C,2024-01-23,2024-01-23 11:54:00,0.00018923266155757013,0.00018923266155757013,-9.666731e-05
C,2024-01-23,2024-01-23 11:55:00,0.00018919685933194152,0.00018919685933194152,1.4453153e-05
C,2024-01-23,2024-01-23 11:56:00,-0.0003783221413032889,-0.0003783221413032889,7.2945318e-06
C,2024-01-23,2024-01-23 11:57:00,9.461633077867404e-05,9.461633077867404e-05,2.1427082e-05
C,2024-01-23,2024-01-23 11:58:00,0.00018921475875122162,0.00018921475875122162,3.7050155e-05
C,2024-01-23,2024-01-23 11:59:00,-9.458948164953185e-05,-9.458948164953185e-05,3.155791e-05
C,2024-01-23,2024-01-23 12:00:00,0.00018919685933216357,0.00018919685933216357,4.559326e-05
C,2024-01-23,2024-01-23 12:01:00,-0.00018916107065158894,-0.00018916107065158894,5.3553907e-05
C,2024-01-23,2024-01-23 12:02:00,-0.00037839371866432714,-0.00037839371866432714,1.8959252e-05
C,2024-01-23,2024-01-23 12:03:00,-0.00018926847733502505,-0.00018926847733502505,5.7294863e-05
C,2024-01-23,2024-01-23 12:04:00,0.0004732607666824151,0.0004732607666824151,1.4725419e-05
C,2024-01-23,2024-01-23 12:05:00,-0.00028382213812683244,-0.00028382213812683244,1.5434141e-05
C,2024-01-23,2024-01-23 12:06:00,-0.0007570739093404333,-0.0007570739093404333,2.4665815e-05
C,2024-01-23,2024-01-23 12:07:00,-9.470593806237826e-05,-9.470593806237826e-05,9.217962e-05
C,2024-01-23,2024-01-23 12:08:00,0.0002841447243795425,0.0002841447243795425,2.8237406e-05
C,2024-01-23,2024-01-23 12:09:00,0.0002840640090899793,0.0002840640090899793,2.3852723e-05
C,2024-01-23,2024-01-23 12:10:00,-0.0001893222264293115,-0.0001893222264293115,2.874907e-05
C,2024-01-23,2024-01-23 12:11:00,-0.0002840371141829001,-0.0002840371141829001,1.8569284e-05
C,2024-01-23,2024-01-23 12:12:00,0.00018941187612453447,0.00018941187612453447,3.3668995e-05
C,2024-01-23,2024-01-23 12:13:00,0.0,0.0,4.5570545e-05
C,2024-01-23,2024-01-23 12:14:00,0.0,0.0,8.605412e-06
C,2024-01-23,2024-01-23 12:15:00,0.00018937600606006022,0.00018937600606006022,-6.487365e-06
C,2024-01-23,2024-01-23 12:16:00,0.0005680204487361618,0.0005680204487361618,1.5200016e-05
C,2024-01-23,2024-01-23 12:17:00,0.00018923266155757013,0.00018923266155757013,-3.2843338e-05
C,2024-01-23,2024-01-23 12:18:00,0.00018919685933194152,0.00018919685933194152,-2.2342705e-07
C,2024-01-23,2024-01-23 12:19:00,0.0005674832119550999,0.0005674832119550999,-6.091206e-06
C,2024-01-23,2024-01-23 12:20:00,-0.0003781075716040583,-0.0003781075716040583,-2.470565e-05
C,2024-01-23,2024-01-23 12:21:00,-0.0003782505910164824,-0.0003782505910164824,1.3917385e-05
C,2024-01-23,2024-01-23 12:22:00,0.00028379528899824535,0.00028379528899824535,2.1951362e-05
C,2024-01-23,2024-01-23 12:23:00,0.00141857386041222,0.00141857386041222,-2.057281e-06
C,2024-01-23,2024-01-23 12:24:00,-0.0009443762394939492,-0.0009443762394939492,-0.0002048546
C,2024-01-23,2024-01-23 12:25:00,0.0,0.0,2.8970317e-05
C,2024-01-23,2024-01-23 12:26:00,0.0003781075716042803,0.0003781075716042803,3.541417e-05
C,2024-01-23,2024-01-23 12:27:00,-0.00037796466030437514,-0.00037796466030437514,-1.32196765e-05
C,2024-01-23,2024-01-23 12:28:00,0.0,0.0,3.2853754e-05
C,2024-01-23,2024-01-23 12:29:00,0.0007562151432083386,0.0007562151432083386,0.00014389762
C,2024-01-23,2024-01-23 12:30:00,-0.0003778218569945313,-0.0003778218569945313,-8.9537636e-05
C,2024-01-23,2024-01-23 12:31:00,0.0007559293206085282,0.0007559293206085282,3.1370415e-05
C,2024-01-23,2024-01-23 12:32:00,-0.0001888395807760901,-0.0001888395807760901,-9.261161e-05
C,2024-01-23,2024-01-23 12:33:00,0.0,0.0,-2.812718e-06
C,2024-01-23,2024-01-23 12:34:00,-0.00018887524789867882,-0.00018887524789867882,3.479214e-06
C,2024-01-23,2024-01-23 12:35:00,0.0,0.0,6.6972502e-06
C,2024-01-23,2024-01-23 12:36:00,0.0,0.0,1.4195847e-05
C,2024-01-23,2024-01-23 12:37:00,0.0005667327854916859,0.0005667327854916859,1.63092e-05
C,2024-01-23,2024-01-23 12:38:00,-0.0003776078542434558,-0.0003776078542434558,-9.556559e-06
C,2024-01-23,2024-01-23 12:39:00,0.0,0.0,-4.7713434e-06
C,2024-01-23,2024-01-23 12:40:00,0.0009443762394938382,0.0009443762394938382,1.5084228e-05
C,2024-01-23,2024-01-23 12:41:00,0.00018869704689095101,0.00018869704689095101,-0.00017724854
C,2024-01-23,2024-01-23 12:42:00,-0.0001886614470331116,-0.0001886614470331116,1.6486469e-05
C,2024-01-23,2024-01-23 12:43:00,0.0011321822813472604,0.0011321822813472604,1.2176896e-05
C,2024-01-23,2024-01-23 12:44:00,0.0,0.0,-0.00010165983
C,2024-01-23,2024-01-23 12:45:00,0.0,0.0,1.3563054e-05
C,2024-01-23,2024-01-23 12:46:00,0.0,0.0,-4.6349687e-06
C,2024-01-23,2024-01-23 12:47:00,-0.00018848364904344717,-0.00018848364904344717,2.3324294e-05
C,2024-01-23,2024-01-23 12:48:00,-0.0013196342727873622,-0.0013196342727873622,-2.6329467e-06
C,2024-01-23,2024-01-23 12:49:00,0.00047192071731960716,0.00047192071731960716,0.00021873081
C,2024-01-23,2024-01-23 12:50:00,-0.00047169811320768584,-0.00047169811320768584,0.000107037595
C,2024-01-23,2024-01-23 12:51:00,0.0006606890042475388,0.0006606890042475388,0.00015038255
C,2024-01-23,2024-01-23 12:52:00,-0.00018864365214121825,-0.00018864365214121825,-2.981459e-05
C,2024-01-23,2024-01-23 12:53:00,0.0005660377358491786,0.0005660377358491786,1.4024332e-05
C,2024-01-23,2024-01-23 12:54:00,-0.00018857250612869247,-0.00018857250612869247,-1.2271754e-05
C,2024-01-23,2024-01-23 12:55:00,0.0,0.0,1.9322892e-05
C,2024-01-23,2024-01-23 12:56:00,-9.430403621268901e-05,-9.430403621268901e-05,1.4718346e-05
C,2024-01-23,2024-01-23 12:57:00,0.0,0.0,2.6140779e-05
C,2024-01-23,2024-01-23 12:58:00,-9.431293030270904e-05,-9.431293030270904e-05,2.4948025e-05
C,2024-01-23,2024-01-23 12:59:00,-0.00018864365214121825,-0.00018864365214121825,2.3857587e-05
C,2024-01-23,2024-01-23 13:00:00,-0.00018867924528309654,-0.00018867924528309654,3.6306126e-05
C,2024-01-23,2024-01-23 13:01:00,-9.435742592933671e-05,-9.435742592933671e-05,-2.0103819e-06
C,2024-01-23,2024-01-23 13:02:00,-9.436633009329842e-05,-9.436633009329842e-05,8.981353e-07
C,2024-01-23,2024-01-23 13:03:00,-0.00028312570781430235,-0.00028312570781430235,1.5430085e-05
C,2024-01-23,2024-01-23 13:04:00,0.0005664117813650726,0.0005664117813650726,2.8628472e-05
C,2024-01-23,2024-01-23 13:05:00,0.00018869704689095101,0.00018869704689095101,1.621068e-05
C,2024-01-23,2024-01-23 13:06:00,0.0,0.0,2.050819e-05
C,2024-01-23,2024-01-23 13:07:00,0.0,0.0,1.5239126e-05
C,2024-01-23,2024-01-23 13:08:00,0.00037732289406688935,0.00037732289406688935,1.9474492e-05
C,2024-01-23,2024-01-23 13:09:00,-0.00018859028760032093,-0.00018859028760032093,-2.3742266e-06
C,2024-01-23,2024-01-23 13:10:00,0.00037725172121083617,0.00037725172121083617,2.7130181e-05
C,2024-01-23,2024-01-23 13:11:00,0.0002828320920147398,0.0002828320920147398,3.0622057e-05
C,2024-01-23,2024-01-23 13:12:00,9.425070688040549e-05,9.425070688040549e-05,1.4516473e-05
C,2024-01-23,2024-01-23 13:13:00,0.0,0.0,9.73708e-06
C,2024-01-23,2024-01-23 13:14:00,-0.00037696729808700535,-0.00037696729808700535,3.18405e-06
C,2024-01-23,2024-01-23 13:15:00,0.00037710945601965307,0.00037710945601965307,2.2313034e-05
C,2024-01-23,2024-01-23 13:16:00,9.42418245217791e-05,9.42418245217791e-05,2.8994295e-05
C,2024-01-23,2024-01-23 13:17:00,0.00018846588767429395,0.00018846588767429395,2.542342e-05
C,2024-01-23,2024-01-23 13:18:00,-0.0006595063124176237,-0.0006595063124176237,6.971059e-06
C,2024-01-23,2024-01-23 13:19:00,-0.0002828320920147398,-0.0002828320920147398,2.7138236e-05
C,2024-01-23,2024-01-23 13:20:00,0.0005658242172765782,0.0005658242172765782,1.9518984e-05
C,2024-01-23,2024-01-23 13:21:00,9.425070688040549e-05,9.425070688040549e-05,1.2796169e-06
C,2024-01-23,2024-01-23 13:22:00,-0.0005654509471302305,-0.0005654509471302305,2.2698026e-05
C,2024-01-23,2024-01-23 13:23:00,0.00018859028759998786,0.00018859028759998786,1.0746449e-05
C,2024-01-23,2024-01-23 13:24:00,0.00018855472800982653,0.00018855472800982653,2.4898682e-05
C,2024-01-23,2024-01-23 13:25:00,0.0003770383636534369,0.0003770383636534369,1.0184921e-05
C,2024-01-23,2024-01-23 13:26:00,-0.0002826721944785282,-0.0002826721944785282,1.286785e-05
C,2024-01-23,2024-01-23 13:27:00,9.425070688040549e-05,9.425070688040549e-05,1.6531945e-05
C,2024-01-23,2024-01-23 13:28:00,-0.00018848364904344717,-0.00018848364904344717,1.1539421e-05
C,2024-01-23,2024-01-23 13:29:00,0.0,0.0,1.2091672e-05
C,2024-01-23,2024-01-23 13:30:00,-0.0003770383636534369,-0.0003770383636534369,4.4124554e-05
C,2024-01-23,2024-01-23 13:31:00,0.0,0.0,2.6861355e-05
C,2024-01-23,2024-01-23 13:32:00,0.00018859028759998786,0.00018859028759998786,-4.6070663e-06
C,2024-01-23,2024-01-23 13:33:00,0.0002828320920147398,0.0002828320920147398,-1.7698485e-05
C,2024-01-23,2024-01-23 13:34:00,0.0002827521206409944,0.0002827521206409944,-5.8072906e-06
C,2024-01-23,2024-01-23 13:35:00,-9.422406482606505e-05,-9.422406482606505e-05,-1.5624742e-05
C,2024-01-23,2024-01-23 13:36:00,0.0013192612137202797,0.0013192612137202797,1.3302668e-05
C,2024-01-23,2024-01-23 13:37:00,0.00028232636928282595,0.00028232636928282595,-0.00018539948
C,2024-01-23,2024-01-23 13:38:00,0.0013171511901404198,0.0013171511901404198,4.6255256e-05
C,2024-01-23,2024-01-23 13:39:00,-0.0013154185849856281,-0.0013154185849856281,-0.00029885076
C,2024-01-23,2024-01-23 13:40:00,-0.0037632891146861525,-0.0031269438185226373,8.841466e-05
C,2024-01-23,2024-01-23 13:41:00,0.004060817829823371,0.003050251772255605,0.00045852317
C,2024-01-23,2024-01-23 13:42:00,0.0003762227238526261,0.0003762227238526261,-0.00038834647
C,2024-01-23,2024-01-23 13:43:00,-0.0002820609251598105,-0.0002820609251598105,-4.865436e-06
C,2024-01-23,2024-01-23 13:44:00,0.00028214050597208384,0.00028214050597208384,0.00011640274
C,2024-01-23,2024-01-23 13:45:00,0.00037608123354648804,0.00037608123354648804,3.1662792e-05
C,2024-01-23,2024-01-23 13:46:00,9.398496240597964e-05,9.398496240597964e-05,-1.3103546e-05
C,2024-01-23,2024-01-23 13:47:00,0.0003759045202518241,0.0003759045202518241,3.4652578e-05
C,2024-01-23,2024-01-23 13:48:00,0.00018788163457039708,0.00018788163457039708,7.63603e-06
C,2024-01-23,2024-01-23 13:49:00,-0.00028176951253877647,-0.00028176951253877647,1.9334673e-05
C,2024-01-23,2024-01-23 13:50:00,9.394964299125341e-05,9.394964299125341e-05,4.6154064e-06
C,2024-01-23,2024-01-23 13:51:00,0.0003757632691405721,0.0003757632691405721,3.5859048e-05
C,2024-01-23,2024-01-23 13:52:00,0.0,0.0,-3.3693243e-07
C,2024-01-23,2024-01-23 13:53:00,-0.00037562212414332663,-0.00037562212414332663,2.0843712e-05
C,2024-01-23,2024-01-23 13:54:00,-9.39408172849765e-05,-9.39408172849765e-05,2.4532064e-05
C,2024-01-23,2024-01-23 13:55:00,-0.0003757985719653467,-0.0003757985719653467,4.1032716e-05
C,2024-01-23,2024-01-23 13:56:00,9.398496240597964e-05,9.398496240597964e-05,3.301585e-05
C,2024-01-23,2024-01-23 13:57:00,0.0003759045202518241,0.0003759045202518241,4.9783797e-05
C,2024-01-23,2024-01-23 13:58:00,0.0003757632691405721,0.0003757632691405721,2.7961843e-05
C,2024-01-23,2024-01-23 13:59:00,-0.00018781106207166332,-0.00018781106207166332,4.6686746e-05
C,2024-01-23,2024-01-23 14:00:00,0.0,0.0,1.7350483e-05
C,2024-01-23,2024-01-23 14:01:00,0.00018784634169266567,0.00018784634169266567,9.574898e-06
C,2024-01-23,2024-01-23 14:02:00,0.0006573387172503775,0.0006573387172503775,7.3025635e-06
C,2024-01-23,2024-01-23 14:03:00,-0.006287537537537524,-0.0031269438185226373,-0.00010883539
C,2024-01-23,2024-01-23 14:04:00,0.0,0.0,0.0006448747
C,2024-01-23,2024-01-23 14:05:00,0.0,0.0,0.00024503094
C,2024-01-23,2024-01-23 14:06:00,0.005194069317215888,0.003050251772255605,0.0001422899
C,2024-01-23,2024-01-23 14:07:00,0.00065764750093944,0.00065764750093944,-0.00043275175
C,2024-01-23,2024-01-23 14:08:00,-0.0005633273870997435,-0.0005633273870997435,-4.5827623e-05
C,2024-01-23,2024-01-23 14:09:00,-0.0011272898074213833,-0.0011272898074213833,6.195059e-05
C,2024-01-23,2024-01-23 14:10:00,0.00018809367064798188,0.00018809367064798188,8.725986e-05
C,2024-01-23,2024-01-23 14:11:00,-0.0003761165961447821,-0.0003761165961447821,-6.706045e-07
C,2024-01-23,2024-01-23 14:12:00,0.000470322641331844,0.000470322641331844,6.4220985e-05
C,2024-01-23,2024-01-23 14:13:00,-0.00047010154193305453,-0.00047010154193305453,4.557643e-05
C,2024-01-23,2024-01-23 14:14:00,0.0,0.0,4.129231e-05
C,2024-01-23,2024-01-23 14:15:00,-0.0003762581130655196,-0.0003762581130655196,1.7279728e-05
C,2024-01-23,2024-01-23 14:16:00,0.00018819986826001944,0.00018819986826001944,2.2057693e-05
C,2024-01-23,2024-01-23 14:17:00,0.00018816445573444085,0.00018816445573444085,4.942111e-05
C,2024-01-23,2024-01-23 14:18:00,-0.00018812905653287082,-0.00018812905653287082,5.121233e-06
C,2024-01-23,2024-01-23 14:19:00,0.0,0.0,1.443563e-05
C,2024-01-23,2024-01-23 14:20:00,-9.40822278671094e-05,-9.40822278671094e-05,3.9742976e-05
C,2024-01-23,2024-01-23 14:21:00,9.40910801654482e-05,9.40910801654482e-05,2.098471e-05
C,2024-01-23,2024-01-23 14:22:00,0.0007526578229373193,0.0007526578229373193,3.3268185e-05
C,2024-01-23,2024-01-23 14:23:00,0.0,0.0,-7.433727e-05
C,2024-01-23,2024-01-23 14:24:00,-0.004512550531164838,-0.0031269438185226373,6.496597e-06
C,2024-01-23,2024-01-23 14:25:00,0.003966380205874032,0.003050251772255605,0.00059902656
C,2024-01-23,2024-01-23 14:26:00,0.00018812905653264878,0.00018812905653264878,-0.00041422123
C,2024-01-23,2024-01-23 14:27:00,0.0007523746825919275,0.0007523746825919275,-1.0269525e-05
C,2024-01-23,2024-01-23 14:28:00,-0.0003759045202518241,-0.0003759045202518241,-0.00011467943
C,2024-01-23,2024-01-23 14:29:00,-0.0004700573469964553,-0.0004700573469964553,2.4969264e-05
C,2024-01-23,2024-01-23 14:30:00,0.00047027840481583816,0.00047027840481583816,2.669266e-06
C,2024-01-23,2024-01-23 14:31:00,9.401146939924665e-05,9.401146939924665e-05,2.3128625e-05
C,2024-01-23,2024-01-23 14:32:00,-0.0006580184245158494,-0.0006580184245158494,7.549701e-06
C,2024-01-23,2024-01-23 14:33:00,0.0002821935847991952,0.0002821935847991952,0.00018999187
C,2024-01-23,2024-01-23 14:34:00,-0.00037615196539408924,-0.00037615196539408924,4.397555e-05
C,2024-01-23,2024-01-23 14:35:00,0.0004703668861711918,0.0004703668861711918,4.7236223e-05
C,2024-01-23,2024-01-23 14:36:00,0.0005641748942173397,0.0005641748942173397,4.8306953e-05
C,2024-01-23,2024-01-23 14:37:00,-9.397613006290051e-05,-9.397613006290051e-05,6.3891844e-06
C,2024-01-23,2024-01-23 14:38:00,-0.00028195488721804995,-0.00028195488721804995,2.235974e-05
C,2024-01-23,2024-01-23 14:39:00,0.0,0.0,5.0859967e-06
C,2024-01-23,2024-01-23 14:40:00,0.0001880229387984933,0.0001880229387984933,4.0110957e-05
C,2024-01-23,2024-01-23 14:41:00,0.0,0.0,2.6036101e-05
C,2024-01-23,2024-01-23 14:42:00,-9.399379640950833e-05,-9.399379640950833e-05,2.4924308e-05
C,2024-01-23,2024-01-23 14:43:00,-9.40026320735976e-05,-9.40026320735976e-05,3.3011667e-05
C,2024-01-23,2024-01-23 14:44:00,0.0005640688163957019,0.0005640688163957019,3.0786927e-05
C,2024-01-23,2024-01-23 14:45:00,0.0,0.0,-4.1393123e-05
C,2024-01-23,2024-01-23 14:46:00,9.39584703560925e-05,9.39584703560925e-05,1.3173901e-05
C,2024-01-23,2024-01-23 14:47:00,-9.394964299125341e-05,-9.394964299125341e-05,8.765794e-06
C,2024-01-23,2024-01-23 14:48:00,-9.395847035620353e-05,-9.395847035620353e-05,9.665195e-06
C,2024-01-23,2024-01-23 14:49:00,-9.396729937982684e-05,-9.396729937982684e-05,1.5924903e-05
C,2024-01-23,2024-01-23 14:50:00,0.0005638567803778471,0.0005638567803778471,2.3475453e-05
C,2024-01-23,2024-01-23 14:51:00,0.00037569268338488726,0.00037569268338488726,1.5540165e-05
C,2024-01-23,2024-01-23 14:52:00,-0.00018777579569972946,-0.00018777579569972946,5.569874e-06
C,2024-01-23,2024-01-23 14:53:00,0.00018781106207144127,0.00018781106207144127,9.048858e-07
C,2024-01-23,2024-01-23 14:54:00,0.00018777579570006253,0.00018777579570006253,4.453554e-05
C,2024-01-23,2024-01-23 14:55:00,-0.0001877405425703138,-0.0001877405425703138,5.060425e-06
C,2024-01-23,2024-01-23 14:56:00,-9.388789784992024e-05,-9.388789784992024e-05,3.4160385e-05
C,2024-01-23,2024-01-23 14:57:00,-9.389671361492713e-05,-9.389671361492713e-05,5.3537326e-05
C,2024-01-23,2024-01-23 14:58:00,0.0003756221241431046,0.0003756221241431046,4.2517717e-05
C,2024-01-23,2024-01-23 14:59:00,0.0001877405425703138,0.0001877405425703138,7.345428e-05
C,2024-01-23,2024-01-23 15:00:00,0.0007508212106990264,0.0007508212106990264,2.5849518e-05
C,2024-01-23,2024-01-23 15:01:00,0.0,0.0,-0.0001079079
C,2024-01-23,2024-01-23 15:02:00,-0.0003751289505766753,-0.0003751289505766753,6.8641195e-05
C,2024-01-23,2024-01-23 15:03:00,0.0,0.0,3.8383547e-05
C,2024-01-23,2024-01-23 15:04:00,-0.000187634862557573,-0.000187634862557573,2.3259843e-05
C,2024-01-23,2024-01-23 15:05:00,0.0001876700760063965,0.0001876700760063965,1.5322224e-06
C,2024-01-23,2024-01-23 15:06:00,0.00018763486255735096,0.00018763486255735096,1.2924655e-05
C,2024-01-23,2024-01-23 15:07:00,-0.00018759966232062553,-0.00018759966232062553,-5.3699014e-06
C,2024-01-23,2024-01-23 15:08:00,0.0,0.0,-1.2163413e-05
C,2024-01-23,2024-01-23 15:09:00,0.00028145229383613746,0.00028145229383613746,1.1441378e-05
C,2024-01-23,2024-01-23 15:10:00,0.0002813731007316189,0.0002813731007316189,-1.0875655e-05
C,2024-01-23,2024-01-23 15:11:00,0.0005625879043600346,0.0005625879043600346,1.5908734e-05
C,2024-01-23,2024-01-23 15:12:00,0.0002811357885859067,0.0002811357885859067,1.3389739e-05
C,2024-01-23,2024-01-23 15:13:00,0.00046842795578028174,0.00046842795578028174,5.311685e-07
C,2024-01-23,2024-01-23 15:14:00,-9.364172675330185e-05,-9.364172675330185e-05,3.0708405e-05
C,2024-01-23,2024-01-23 15:15:00,-0.0006555534744333569,-0.0006555534744333569,1.1596998e-05
C,2024-01-23,2024-01-23 15:16:00,0.0,0.0,7.235606e-05
C,2024-01-23,2024-01-23 15:17:00,-0.0003748477181145793,-0.0003748477181145793,2.8657576e-05
C,2024-01-23,2024-01-23 15:18:00,0.0004687353520202997,0.0004687353520202997,3.0180845e-05
C,2024-01-23,2024-01-23 15:19:00,-0.000655922038980461,-0.000655922038980461,4.6276775e-05
C,2024-01-23,2024-01-23 15:20:00,0.00018752930145327085,0.00018752930145327085,0.00014747577
C,2024-01-23,2024-01-23 15:21:00,-9.374707040410435e-05,-9.374707040410435e-05,-9.468604e-07
C,2024-01-23,2024-01-23 15:22:00,-9.375585974114031e-05,-9.375585974114031e-05,-5.8723745e-06
C,2024-01-23,2024-01-23 15:23:00,-0.0001875293014534929,-0.0001875293014534929,2.5408854e-06
C,2024-01-23,2024-01-23 15:24:00,-0.00028134671293256197,-0.00028134671293256197,9.385078e-06
C,2024-01-23,2024-01-23 15:25:00,0.0,0.0,1.2051812e-05
C,2024-01-23,2024-01-23 15:26:00,-9.380863039387677e-05,-9.380863039387677e-05,-5.2649752e-06
C,2024-01-23,2024-01-23 15:27:00,0.0,0.0,-1.0555137e-05
C,2024-01-23,2024-01-23 15:28:00,-0.000187634862557573,-0.000187634862557573,-6.839963e-06
C,2024-01-23,2024-01-23 15:29:00,-0.000375340152012682,-0.000375340152012682,-1.8759807e-05
C,2024-01-23,2024-01-23 15:30:00,0.0003754810851401835,0.0003754810851401835,4.9869986e-06
C,2024-01-23,2024-01-23 15:31:00,-0.000375340152012682,-0.000375340152012682,5.6751796e-06
C,2024-01-23,2024-01-23 15:32:00,-0.00037548108514029455,-0.00037548108514029455,-8.552923e-06
C,2024-01-23,2024-01-23 15:33:00,9.390553103560961e-05,9.390553103560961e-05,6.185862e-05
C,2024-01-23,2024-01-23 15:34:00,-0.00018779342723018733,-0.00018779342723018733,3.1114691e-06
C,2024-01-23,2024-01-23 15:35:00,0.0004695717505636132,0.0004695717505636132,-1.5617781e-05
C,2024-01-23,2024-01-23 15:36:00,0.0005632216277104973,0.0005632216277104973,-2.5992535e-06
C,2024-01-23,2024-01-23 15:37:00,0.00037526972511492396,0.00037526972511492396,-1.0386248e-05
C,2024-01-23,2024-01-23 15:38:00,0.00046891118822101063,0.00046891118822101063,5.899953e-06
C,2024-01-23,2024-01-23 15:39:00,-9.373828271475038e-05,-9.373828271475038e-05,1.849442e-05
C,2024-01-23,2024-01-23 15:40:00,-0.00018749414080809768,-0.00018749414080809768,1.6198013e-05
C,2024-01-23,2024-01-23 15:41:00,0.0,0.0,8.413822e-06
C,2024-01-23,2024-01-23 15:42:00,0.00018752930145327085,0.00018752930145327085,-8.577042e-06
C,2024-01-23,2024-01-23 15:43:00,-0.0006562294928283974,-0.0006562294928283974,2.3107497e-05
C,2024-01-23,2024-01-23 15:44:00,0.0002814258911820744,0.0002814258911820744,6.549094e-05
C,2024-01-23,2024-01-23 15:45:00,0.0005626934258651239,0.0005626934258651239,4.7546193e-05
C,2024-01-23,2024-01-23 15:46:00,-0.0004686474833629495,-0.0004686474833629495,3.038803e-08
C,2024-01-23,2024-01-23 15:47:00,-0.00037509377344346895,-0.00037509377344346895,1.5207553e-05
C,2024-01-23,2024-01-23 15:48:00,-9.380863039387677e-05,-9.380863039387677e-05,2.2121001e-05
C,2024-01-23,2024-01-23 15:49:00,0.0,0.0,6.386326e-05
C,2024-01-23,2024-01-23 15:50:00,-0.000187634862557573,-0.000187634862557573,-1.5013316e-05
C,2024-01-23,2024-01-23 15:51:00,0.000375340152012793,0.000375340152012793,-8.7488415e-06
C,2024-01-23,2024-01-23 15:52:00,-0.00037519932464125105,-0.00037519932464125105,2.7714737e-05
C,2024-01-23,2024-01-23 15:53:00,0.0001876700760063965,0.0001876700760063965,1.06874095e-05
C,2024-01-23,2024-01-23 15:54:00,0.00018763486255735096,0.00018763486255735096,6.353385e-05
C,2024-01-23,2024-01-23 15:55:00,-0.00018759966232062553,-0.00018759966232062553,-2.3185761e-05
C,2024-01-23,2024-01-23 15:56:00,0.000562904587672497,0.000562904587672497,-2.6407957e-05
C,2024-01-23,2024-01-23 15:57:00,-0.001312705110173451,-0.001312705110173451,-2.5231555e-05
C,2024-01-23,2024-01-23 15:58:00,0.000751103182799806,0.000751103182799806,7.5268355e-05
C,2024-01-24,2024-01-24 09:40:00,-0.0006549401197604166,-0.0006549401197604166,4.591459e-05
C,2024-01-24,2024-01-24 09:41:00,-0.0001872483849827411,-0.0001872483849827411,4.5621186e-05
C,2024-01-24,2024-01-24 09:42:00,-0.00018728345350671471,-0.00018728345350671471,3.6877107e-05
C,2024-01-24,2024-01-24 09:43:00,0.00018731853516884556,0.00018731853516884556,0.00015013137
C,2024-01-24,2024-01-24 09:44:00,-0.001404625901301526,-0.001404625901301526,3.103818e-05
C,2024-01-24,2024-01-24 09:45:00,-0.0006564141035259041,-0.0006564141035259041,0.0006271414
C,2024-01-24,2024-01-24 09:46:00,-9.383503800308723e-05,-9.383503800308723e-05,0.00017909518
C,2024-01-24,2024-01-24 09:47:00,-0.0007507507507508171,-0.0007507507507508171,0.00015874355
C,2024-01-24,2024-01-24 09:48:00,0.0008452291510143706,0.0008452291510143706,0.00020571236
C,2024-01-24,2024-01-24 09:49:00,-0.0008445153420287843,-0.0008445153420287843,-0.00011068162
C,2024-01-24,2024-01-24 09:50:00,-0.0008452291510141485,-0.0008452291510141485,0.000114688824
C,2024-01-24,2024-01-24 09:51:00,0.0005639627784566059,0.0005639627784566059,8.584569e-05
C,2024-01-24,2024-01-24 09:52:00,0.0012212306247065818,0.0012212306247065818,3.0973275e-05
C,2024-01-24,2024-01-24 09:53:00,-0.0002814787014447928,-0.0002814787014447928,-0.0003619587
C,2024-01-24,2024-01-24 09:54:00,-0.00018770530267486762,-0.00018770530267486762,-5.1880015e-05
C,2024-01-24,2024-01-24 09:55:00,-0.00028161081385524867,-0.00028161081385524867,7.471142e-05
C,2024-01-24,2024-01-24 09:56:00,0.0001877934272300763,0.0001877934272300763,1.0293921e-05
C,2024-01-24,2024-01-24 09:57:00,0.00018775816748006768,0.00018775816748006768,0.00010255375
C,2024-01-24,2024-01-24 09:58:00,-9.386146048429023e-05,-9.386146048429023e-05,-3.1475935e-05
C,2024-01-24,2024-01-24 09:59:00,-0.00028161081385524867,-0.00028161081385524867,1.8436422e-05
C,2024-01-24,2024-01-24 10:00:00,-0.0003755868544600416,-0.0003755868544600416,1.3917143e-05
C,2024-01-24,2024-01-24 10:01:00,-0.0006575239526583898,-0.0006575239526583898,3.222321e-05
C,2024-01-24,2024-01-24 10:02:00,9.399379640950833e-05,9.399379640950833e-05,-4.4905184e-05
C,2024-01-24,2024-01-24 10:03:00,-0.0004699248120302313,-0.0004699248120302313,9.152662e-06
C,2024-01-24,2024-01-24 10:04:00,0.0,0.0,-2.7843187e-05
C,2024-01-24,2024-01-24 10:05:00,0.0003761165961448931,0.0003761165961448931,-5.9996913e-05
C,2024-01-24,2024-01-24 10:06:00,0.0005639627784566059,0.0005639627784566059,0.00013157948
C,2024-01-24,2024-01-24 10:07:00,0.0006575857209960567,0.0006575857209960567,7.6110635e-05
C,2024-01-24,2024-01-24 10:08:00,-0.0003755163349608015,-0.0003755163349608015,-8.550223e-05
C,2024-01-24,2024-01-24 10:09:00,-0.0014087152516903956,-0.0014087152516903956,2.882682e-05
C,2024-01-24,2024-01-24 10:10:00,9.404683532410196e-05,9.404683532410196e-05,0.00050387083
C,2024-01-24,2024-01-24 10:11:00,0.0004701899567425283,0.0004701899567425283,-4.083425e-05
C,2024-01-24,2024-01-24 10:12:00,0.0008459441676849089,0.0008459441676849089,-1.060959e-07
C,2024-01-24,2024-01-24 10:13:00,-0.00046957175056328015,-0.00046957175056328015,-0.00028740408
C,2024-01-24,2024-01-24 10:14:00,0.0,0.0,-6.539811e-05
C,2024-01-24,2024-01-24 10:15:00,-0.0006577092924927586,-0.0006577092924927586,-3.127699e-05
C,2024-01-24,2024-01-24 10:16:00,-0.000188040616773133,-0.000188040616773133,4.021406e-06
C,2024-01-24,2024-01-24 10:17:00,-0.0002821139740455392,-0.0002821139740455392,4.7280496e-06
C,2024-01-24,2024-01-24 10:18:00,-0.0007525162261312612,-0.0007525162261312612,4.5202243e-05
C,2024-01-24,2024-01-24 10:19:00,-0.0005648121999434208,-0.0005648121999434208,5.6439287e-05
C,2024-01-24,2024-01-24 10:20:00,-0.0005651313930489232,-0.0005651313930489232,6.301562e-05
C,2024-01-24,2024-01-24 10:21:00,-0.0007539345961737887,-0.0007539345961737887,-6.8276913e-06
C,2024-01-24,2024-01-24 10:22:00,9.431293030259802e-05,9.431293030259802e-05,0.00024061279
C,2024-01-24,2024-01-24 10:23:00,-0.0002829121086382891,-0.0002829121086382891,4.304941e-05
C,2024-01-24,2024-01-24 10:24:00,0.0008489765116499459,0.0008489765116499459,1.2477216e-05
C,2024-01-24,2024-01-24 10:25:00,-0.00018850141376058893,-0.00018850141376058893,-0.00023925988
C,2024-01-24,2024-01-24 10:26:00,0.0002828054298642524,0.0002828054298642524,-8.790356e-05
C,2024-01-24,2024-01-24 10:27:00,0.0009424182452173469,0.0009424182452173469,2.9180792e-05
C,2024-01-24,2024-01-24 10:28:00,-0.0009415309292910568,-0.0009415309292910568,-0.0001120555
C,2024-01-24,2024-01-24 10:29:00,0.00018848364904333614,0.00018848364904333614,-1.1028713e-05
C,2024-01-24,2024-01-24 10:30:00,0.0002826721944784172,0.0002826721944784172,7.4984423e-06
C,2024-01-24,2024-01-24 10:31:00,0.0008477769404673374,0.0008477769404673374,-8.167404e-06
C,2024-01-24,2024-01-24 10:32:00,-0.0001882352941176002,-0.0001882352941176002,-0.00022152103
C,2024-01-24,2024-01-24 10:33:00,0.0001882707333145106,0.0001882707333145106,-8.4909414e-05
C,2024-01-24,2024-01-24 10:34:00,0.0005647058823530227,0.0005647058823530227,-7.131276e-05
C,2024-01-24,2024-01-24 10:35:00,0.0017872260370614956,0.0017872260370614956,8.9971276e-05
C,2024-01-24,2024-01-24 10:36:00,0.0021596244131456555,0.0021596244131456555,-0.00063561066
C,2024-01-24,2024-01-24 10:37:00,-0.0024360535931791105,-0.0024360535931791105,-0.00094035064
C,2024-01-24,2024-01-24 10:38:00,0.0005635390250775529,0.0005635390250775529,0.00030365423
C,2024-01-24,2024-01-24 10:39:00,0.0003754810851401835,0.0003754810851401835,-9.129543e-05
C,2024-01-24,2024-01-24 10:40:00,0.0005630102280191895,0.0005630102280191895,-4.9124144e-05
C,2024-01-24,2024-01-24 10:41:00,0.00028134671293256197,0.00028134671293256197,-0.00013919652
C,2024-01-24,2024-01-24 10:42:00,0.0,0.0,-5.0638915e-05
C,2024-01-24,2024-01-24 10:43:00,0.0010313144571536537,0.0010313144571536537,-9.207855e-05
C,2024-01-24,2024-01-24 10:44:00,-0.0003746370703382462,-0.0003746370703382462,-0.00014663144
C,2024-01-24,2024-01-24 10:45:00,0.0002810831069053332,0.0002810831069053332,-9.552668e-05
C,2024-01-24,2024-01-24 10:46:00,-0.00018733608092902365,-0.00018733608092902365,3.5283345e-05
C,2024-01-24,2024-01-24 10:47:00,9.368559115596753e-05,9.368559115596753e-05,-5.428947e-05
C,2024-01-24,2024-01-24 10:48:00,0.0002810304449649692,0.0002810304449649692,-3.3871565e-05
C,2024-01-24,2024-01-24 10:49:00,-0.0009365049634763034,-0.0009365049634763034,6.15103e-05
C,2024-01-24,2024-01-24 10:50:00,0.00028121484814391806,0.00028121484814391806,-0.00011409887
C,2024-01-24,2024-01-24 10:51:00,0.000655983506700375,0.000655983506700375,-7.184867e-05
C,2024-01-24,2024-01-24 10:52:00,0.0006555534744332459,0.0006555534744332459,-0.00020457244
C,2024-01-24,2024-01-24 10:53:00,0.00018717828731884545,0.00018717828731884545,-0.00014876429
C,2024-01-24,2024-01-24 10:54:00,0.00065500140357444,0.00065500140357444,-4.594446e-05
C,2024-01-24,2024-01-24 10:55:00,-0.00046755189826064303,-0.00046755189826064303,-0.00013443558
C,2024-01-24,2024-01-24 10:56:00,-0.0004677706052951258,-0.0004677706052951258,-7.09157e-05
C,2024-01-24,2024-01-24 10:57:00,-0.0004679895170349724,-0.0004679895170349724,-1.3524857e-05
C,2024-01-24,2024-01-24 10:58:00,0.00018728345350704778,0.00018728345350704778,-0.00013562579
C,2024-01-24,2024-01-24 10:59:00,0.0011234903098962246,0.0011234903098962246,-1.0739012e-05
C,2024-01-24,2024-01-24 11:00:00,0.0,0.0,-0.00016245674
C,2024-01-24,2024-01-24 11:01:00,0.0001870382493218692,0.0001870382493218692,-0.0001503306
C,2024-01-24,2024-01-24 11:02:00,-0.0009350163627864783,-0.0009350163627864783,0.000105569685
C,2024-01-24,2024-01-24 11:03:00,0.00018717828731884545,0.00018717828731884545,-1.3423983e-05
C,2024-01-24,2024-01-24 11:04:00,0.0,0.0,0.00014360547
C,2024-01-24,2024-01-24 11:05:00,0.00037428651632809284,0.00037428651632809284,1.049131e-05
C,2024-01-24,2024-01-24 11:06:00,-0.0001870732391731078,-0.0001870732391731078,6.869655e-05
C,2024-01-24,2024-01-24 11:07:00,0.0007484329684721569,0.0007484329684721569,9.850751e-06
C,2024-01-24,2024-01-24 11:08:00,-0.0003739366177432091,-0.0003739366177432091,-3.4968514e-06
C,2024-01-24,2024-01-24 11:09:00,-0.0002805573739830258,-0.0002805573739830258,-7.580815e-05
C,2024-01-24,2024-01-24 11:10:00,0.00046772684752083293,0.00046772684752083293,-2.789918e-05
C,2024-01-24,2024-01-24 11:11:00,-0.0007480130902289828,-0.0007480130902289828,3.7134905e-05
C,2024-01-24,2024-01-24 11:12:00,0.002339290727051635,0.002339290727051635,5.5733753e-06
C,2024-01-24,2024-01-24 11:13:00,-0.0015870052277821012,-0.0015870052277821012,-0.0006970704
C,2024-01-24,2024-01-24 11:14:00,-0.0005610098176718203,-0.0005610098176718203,0.00029230467
C,2024-01-24,2024-01-24 11:15:00,0.0005613247263542842,0.0005613247263542842,-1.1808587e-05
C,2024-01-24,2024-01-24 11:16:00,0.0008415147265077305,0.0008415147265077305,-2.392728e-05
C,2024-01-24,2024-01-24 11:17:00,0.001961883408071907,0.001961883408071907,-1.4724539e-05
C,2024-01-24,2024-01-24 11:18:00,-0.00037296037296030704,-0.00037296037296030704,-0.0005701333
C,2024-01-24,2024-01-24 11:19:00,-0.00018654976214915742,-0.00018654976214915742,-5.2102547e-05
C,2024-01-24,2024-01-24 11:20:00,9.329228472809703e-05,9.329228472809703e-05,3.939484e-05
C,2024-01-24,2024-01-24 11:21:00,0.0,0.0,1.8861767e-05
C,2024-01-24,2024-01-24 11:22:00,-0.0005597014925373678,-0.0005597014925373678,-6.3351115e-05
C,2024-01-24,2024-01-24 11:23:00,-0.00046667911144293583,-0.00046667911144293583,-5.742414e-05
C,2024-01-24,2024-01-24 11:24:00,0.0,0.0,-5.6461045e-06
C,2024-01-24,2024-01-24 11:25:00,-0.0005602764030254725,-0.0005602764030254725,8.9542824e-05
C,2024-01-24,2024-01-24 11:26:00,0.0011211809772961878,0.0011211809772961878,-4.9268724e-06
C,2024-01-24,2024-01-24 11:27:00,-0.00037330844610361513,-0.00037330844610361513,-0.00012626938
C,2024-01-24,2024-01-24 11:28:00,-0.0001867239286714728,-0.0001867239286714728,-0.00012664145
C,2024-01-24,2024-01-24 11:29:00,9.337940050424542e-05,9.337940050424542e-05,-1.2499559e-05
C,2024-01-24,2024-01-24 11:30:00,0.0002801120448179262,0.0002801120448179262,3.9038074e-05
C,2024-01-24,2024-01-24 11:31:00,-0.00028003360403250355,-0.00028003360403250355,0.00010637958
C,2024-01-24,2024-01-24 11:32:00,-9.337068160586437e-05,-9.337068160586437e-05,-5.696975e-06
C,2024-01-24,2024-01-24 11:33:00,0.0,0.0,1.1460698e-05
C,2024-01-24,2024-01-24 11:34:00,0.0016808292090766397,0.0016808292090766397,1.4911123e-05
C,2024-01-24,2024-01-24 11:35:00,-0.0007457816724155686,-0.0007457816724155686,-0.0006705691
C,2024-01-24,2024-01-24 11:36:00,0.0012127997014645953,0.0012127997014645953,-0.00018071117
C,2024-01-24,2024-01-24 11:37:00,-0.000559075661572872,-0.000559075661572872,1.5239898e-06
C,2024-01-24,2024-01-24 11:38:00,-0.0002796942010069303,-0.0002796942010069303,-0.00019559213
C,2024-01-24,2024-01-24 11:39:00,-0.00046628741956522557,-0.00046628741956522557,-3.692403e-06
C,2024-01-24,2024-01-24 11:40:00,-0.00046650494495248385,-0.00046650494495248385,-5.611831e-06
C,2024-01-24,2024-01-24 11:41:00,0.0007467562774201575,0.0007467562774201575,1.3940933e-05
C,2024-01-24,2024-01-24 11:42:00,-0.00018654976214915742,-0.00018654976214915742,4.4294007e-05
C,2024-01-24,2024-01-24 11:43:00,-0.0005597537083683601,-0.0005597537083683601,-4.1043844e-05
C,2024-01-24,2024-01-24 11:44:00,0.00028003360403250355,0.00028003360403250355,0.0001867689
C,2024-01-24,2024-01-24 11:45:00,0.00027995520716683764,0.00027995520716683764,-2.3053148e-05
C,2024-01-24,2024-01-24 11:46:00,-0.00027987685418418007,-0.00027987685418418007,1.4394659e-05
C,2024-01-24,2024-01-24 11:47:00,-0.0005599104143336753,-0.0005599104143336753,-5.224562e-05
C,2024-01-24,2024-01-24 11:48:00,0.0,0.0,-1.6555277e-05
C,2024-01-24,2024-01-24 11:49:00,0.0006535947712418277,0.0006535947712418277,9.0265365e-07
C,2024-01-24,2024-01-24 11:50:00,-0.0003732387795092329,-0.0003732387795092329,-0.00016153633
C,2024-01-24,2024-01-24 11:51:00,0.0001866890693551504,0.0001866890693551504,-7.566808e-05
C,2024-01-24,2024-01-24 11:52:00,-0.00018665422305186308,-0.00018665422305186308,5.5296973e-06
C,2024-01-24,2024-01-24 11:53:00,-0.00018668906935492835,-0.00018668906935492835,-3.4175864e-05
C,2024-01-24,2024-01-24 11:54:00,-9.33619643357364e-05,-9.33619643357364e-05,-9.8130995e-06
C,2024-01-24,2024-01-24 11:55:00,0.0,0.0,-3.4718254e-05
C,2024-01-24,2024-01-24 11:56:00,0.0008403361344537785,0.0008403361344537785,1.9159832e-05
C,2024-01-24,2024-01-24 11:57:00,-0.00027987685418418007,-0.00027987685418418007,-0.00017756473
C,2024-01-24,2024-01-24 11:58:00,-0.00018663680477781774,-0.00018663680477781774,-8.063465e-05
C,2024-01-24,2024-01-24 11:59:00,-0.00046667911144293583,-0.00046667911144293583,-2.5816089e-05
C,2024-01-24,2024-01-24 12:00:00,0.0003735176020169817,0.0003735176020169817,-2.9384655e-06
C,2024-01-24,2024-01-24 12:01:00,-0.0008401008120975106,-0.0008401008120975106,1.7494976e-05
C,2024-01-24,2024-01-24 12:02:00,-0.00046711509715979815,-0.00046711509715979815,-2.2818509e-05
C,2024-01-24,2024-01-24 12:03:00,-9.34666791290173e-05,-9.34666791290173e-05,4.1610987e-05
C,2024-01-24,2024-01-24 12:04:00,-0.0005608524957935179,-0.0005608524957935179,0.00010411475
C,2024-01-24,2024-01-24 12:05:00,-9.352787130567641e-05,-9.352787130567641e-05,2.713728e-07
C,2024-01-24,2024-01-24 12:06:00,0.00018707323917332985,0.00018707323917332985,1.4592953e-05
C,2024-01-24,2024-01-24 12:07:00,0.0001870382493218692,0.0001870382493218692,2.3761318e-06
C,2024-01-24,2024-01-24 12:08:00,0.00037400654511476894,0.00037400654511476894,-5.3546893e-05
C,2024-01-24,2024-01-24 12:09:00,9.346667912879525e-05,9.346667912879525e-05,-3.3161352e-06
C,2024-01-24,2024-01-24 12:10:00,9.345794392512374e-05,9.345794392512374e-05,3.93507e-05
C,2024-01-24,2024-01-24 12:11:00,0.0,0.0,3.6031244e-07
C,2024-01-24,2024-01-24 12:12:00,-0.0005606952621250993,-0.0005606952621250993,9.1856346e-05
C,2024-01-24,2024-01-24 12:13:00,0.0005610098176718203,0.0005610098176718203,-1.7569315e-05
C,2024-01-24,2024-01-24 12:14:00,-0.0001868984207081814,-0.0001868984207081814,8.777136e-05
C,2024-01-24,2024-01-24 12:15:00,-0.00018693335825792357,-0.00018693335825792357,1.9588764e-07
C,2024-01-24,2024-01-24 12:16:00,-0.00018696830887177107,-0.00018696830887177107,-1.716108e-05
C,2024-01-24,2024-01-24 12:17:00,-0.0003740065451144359,-0.0003740065451144359,1.8414266e-05
C,2024-01-24,2024-01-24 12:18:00,-0.0002806098587596617,-0.0002806098587596617,-6.074232e-06
C,2024-01-24,2024-01-24 12:19:00,-0.00046781437125742453,-0.00046781437125742453,-4.8387774e-06
C,2024-01-24,2024-01-24 12:20:00,0.0,0.0,2.6896616e-05
C,2024-01-24,2024-01-24 12:21:00,0.0002808199943835632,0.0002808199943835632,1.6331074e-05
C,2024-01-24,2024-01-24 12:22:00,9.358038555129511e-05,9.358038555129511e-05,-8.88997e-06
C,2024-01-24,2024-01-24 12:23:00,0.0004678581454102826,0.0004678581454102826,1.554005e-05
C,2024-01-24,2024-01-24 12:24:00,-0.0005611672278339475,-0.0005611672278339475,2.5286616e-05
C,2024-01-24,2024-01-24 12:25:00,9.358038555129511e-05,9.358038555129511e-05,2.9219987e-05
C,2024-01-24,2024-01-24 12:26:00,-0.0003742865163283149,-0.0003742865163283149,2.6318354e-05
C,2024-01-24,2024-01-24 12:27:00,-0.0006552466535617585,-0.0006552466535617585,3.9151888e-05
C,2024-01-24,2024-01-24 12:28:00,0.0006556762832521379,0.0006556762832521379,3.0008632e-05
C,2024-01-24,2024-01-24 12:29:00,-0.00046803332397260533,-0.00046803332397260533,-3.4052307e-05
C,2024-01-24,2024-01-24 12:30:00,-0.0006555534744333569,-0.0006555534744333569,-7.819426e-05
C,2024-01-24,2024-01-24 12:31:00,-0.000655983506700486,-0.000655983506700486,7.927116e-05
C,2024-01-24,2024-01-24 12:32:00,9.377344336081173e-05,9.377344336081173e-05,3.79832e-05
C,2024-01-24,2024-01-24 12:33:00,0.0007501172058133054,0.0007501172058133054,7.387656e-06
C,2024-01-24,2024-01-24 12:34:00,-0.0001873887379367778,-0.0001873887379367778,-9.230675e-05
C,2024-01-24,2024-01-24 12:35:00,-0.00018742385905734515,-0.00018742385905734515,-3.520557e-05
C,2024-01-24,2024-01-24 12:36:00,0.0003749179866903152,0.0003749179866903152,-3.254741e-05
C,2024-01-24,2024-01-24 12:37:00,-0.0003747774758736666,-0.0003747774758736666,5.571534e-05
C,2024-01-24,2024-01-24 12:38:00,0.0003749179866903152,0.0003749179866903152,1.991331e-06
C,2024-01-24,2024-01-24 12:39:00,-0.000936943689684222,-0.000936943689684222,-3.1115414e-05
C,2024-01-24,2024-01-24 12:40:00,0.0006564756635094593,0.0006564756635094593,-2.72435e-05
C,2024-01-24,2024-01-24 12:41:00,-9.372071227742307e-05,-9.372071227742307e-05,-0.00011123924
C,2024-01-24,2024-01-24 12:42:00,0.0001874589933452686,0.0001874589933452686,-9.257069e-05
C,2024-01-24,2024-01-24 12:43:00,-0.00018742385905734515,-0.00018742385905734515,2.0036763e-05
C,2024-01-24,2024-01-24 12:44:00,-0.0003749179866903152,-0.0003749179866903152,-8.945549e-06
C,2024-01-24,2024-01-24 12:45:00,0.0,0.0,2.6271946e-05
C,2024-01-24,2024-01-24 12:46:00,0.0005625879043600346,0.0005625879043600346,2.1927633e-05
C,2024-01-24,2024-01-24 12:47:00,-0.00018742385905734515,-0.00018742385905734515,1.7368506e-05
C,2024-01-24,2024-01-24 12:48:00,0.0003749179866903152,0.0003749179866903152,3.392931e-05
C,2024-01-24,2024-01-24 12:49:00,9.369436896866645e-05,9.369436896866645e-05,3.0018875e-05
C,2024-01-24,2024-01-24 12:50:00,-9.36855911563006e-05,-9.36855911563006e-05,-1.15016555e-05
C,2024-01-24,2024-01-24 12:51:00,0.00018738873793688882,0.00018738873793688882,-5.0223043e-06
C,2024-01-24,2024-01-24 12:52:00,0.0002810304449649692,0.0002810304449649692,3.328534e-05
C,2024-01-24,2024-01-24 12:53:00,-0.00037460198539041034,-0.00037460198539041034,-2.3875496e-05
C,2024-01-24,2024-01-24 12:54:00,0.0002810567734683467,0.0002810567734683467,9.153036e-06
C,2024-01-24,2024-01-24 12:55:00,0.0,0.0,0.00011960617
C,2024-01-24,2024-01-24 12:56:00,0.000468296337922558,0.000468296337922558,1.9565427e-05
C,2024-01-24,2024-01-24 12:57:00,9.361542782260202e-05,9.361542782260202e-05,0.000110674846
C,2024-01-24,2024-01-24 12:58:00,0.0007488533183561685,0.0007488533183561685,4.611826e-05
C,2024-01-24,2024-01-24 12:59:00,9.353661958666493e-05,9.353661958666493e-05,-4.165928e-05
C,2024-01-24,2024-01-24 13:00:00,-0.009352787130564866,-0.0035327054446708393,-6.370742e-05
C,2024-01-24,2024-01-24 13:01:00,0.008685800604229632,0.0032316783316532283,0.0010207581
C,2024-01-24,2024-01-24 13:02:00,-0.0003743916136279557,-0.0003743916136279557,-0.0004413204
C,2024-01-24,2024-01-24 13:03:00,0.0007490636704119424,0.0007490636704119424,0.00017269407
C,2024-01-24,2024-01-24 13:04:00,-0.0008420658682635196,-0.0008420658682635196,0.00012827523
C,2024-01-24,2024-01-24 13:05:00,0.00018728345350704778,0.00018728345350704778,0.0003098533
C,2024-01-24,2024-01-24 13:06:00,-0.0005617451549481123,-0.0005617451549481123,6.834904e-05
C,2024-01-24,2024-01-24 13:07:00,0.00037470725995314424,0.00037470725995314424,0.0002654873
C,2024-01-24,2024-01-24 13:08:00,0.0004682086337672864,0.0004682086337672864,0.0002364619
C,2024-01-24,2024-01-24 13:09:00,-9.359790340701668e-05,-9.359790340701668e-05,0.00021931375
C,2024-01-24,2024-01-24 13:10:00,9.360666479452107e-05,9.360666479452107e-05,0.00023589337
C,2024-01-24,2024-01-24 13:11:00,9.359790340690566e-05,9.359790340690566e-05,0.0002501316
C,2024-01-24,2024-01-24 13:12:00,-0.0005615348619559812,-0.0005615348619559812,0.00014802256
C,2024-01-24,2024-01-24 13:13:00,-9.364172675330185e-05,-9.364172675330185e-05,0.00021026003
C,2024-01-24,2024-01-24 13:14:00,0.0005619029780858931,0.0005619029780858931,0.00027417752
C,2024-01-24,2024-01-24 13:15:00,-9.359790340701668e-05,-9.359790340701668e-05,0.00017150436
C,2024-01-24,2024-01-24 13:16:00,-0.0002808199943835632,-0.0002808199943835632,0.00018869554
C,2024-01-24,2024-01-24 13:17:00,-0.00037453183520608224,-0.00037453183520608224,0.0001907374
C,2024-01-24,2024-01-24 13:18:00,0.00028100412139386854,0.00028100412139386854,0.00023848069
C,2024-01-24,2024-01-24 13:19:00,0.0003745669070138735,0.0003745669070138735,0.00018990517
C,2024-01-24,2024-01-24 13:20:00,-0.0003744266591781953,-0.0003744266591781953,0.00018342592
C,2024-01-24,2024-01-24 13:21:00,0.0,0.0,0.00014009488
C,2024-01-24,2024-01-24 13:22:00,0.0002809251802602386,0.0002809251802602386,0.00016565404
C,2024-01-24,2024-01-24 13:23:00,0.00074892342258015,0.00074892342258015,0.00020622202
C,2024-01-24,2024-01-24 13:24:00,-9.35453695042332e-05,-9.35453695042332e-05,2.9685139e-06
C,2024-01-24,2024-01-24 13:25:00,0.0,0.0,0.00022234287
C,2024-01-24,2024-01-24 13:26:00,0.00037421648423618947,0.00037421648423618947,0.00020025081
C,2024-01-24,2024-01-24 13:27:00,-0.00018703824932209123,-0.00018703824932209123,0.00021282723
C,2024-01-24,2024-01-24 13:28:00,9.353661958666493e-05,9.353661958666493e-05,0.00014470085
C,2024-01-24,2024-01-24 13:29:00,-0.00046763935652827104,-0.00046763935652827104,0.00021439484
C,2024-01-24,2024-01-24 13:30:00,-0.00018714325816426847,-0.00018714325816426847,0.00018620714
C,2024-01-24,2024-01-24 13:31:00,-0.0003743565746372468,-0.0003743565746372468,0.00021554189
C,2024-01-24,2024-01-24 13:32:00,-0.0001872483849827411,-0.0001872483849827411,0.00018837937
C,2024-01-24,2024-01-24 13:33:00,0.00018728345350704778,0.00018728345350704778,0.000159103
C,2024-01-24,2024-01-24 13:34:00,-0.0001872483849827411,-0.0001872483849827411,0.00026759162
C,2024-01-24,2024-01-24 13:35:00,0.0,0.0,0.00015352057
C,2024-01-24,2024-01-24 13:36:00,0.0,0.0,0.00021676529
C,2024-01-24,2024-01-24 13:37:00,-0.0003745669070136515,-0.0003745669070136515,0.00016443692
C,2024-01-24,2024-01-24 13:38:00,9.367681498817504e-05,9.367681498817504e-05,0.00013221531
C,2024-01-24,2024-01-24 13:39:00,0.00046834020232311424,0.00046834020232311424,0.00019397562
C,2024-01-24,2024-01-24 13:40:00,0.00037449676996526016,0.00037449676996526016,0.0003738929
C,2024-01-24,2024-01-24 13:41:00,0.0,0.0,0.00024079897
C,2024-01-24,2024-01-24 13:42:00,-0.0001871782873186234,-0.0001871782873186234,0.00020067973
C,2024-01-24,2024-01-24 13:43:00,-0.00018721332958904213,-0.00018721332958904213,0.00018562857
C,2024-01-24,2024-01-24 13:44:00,-0.0001872483849827411,-0.0001872483849827411,0.00015190124
C,2024-01-24,2024-01-24 13:45:00,0.0004682086337672864,0.0004682086337672864,0.00015377025
C,2024-01-24,2024-01-24 13:46:00,9.359790340690566e-05,9.359790340690566e-05,0.00020460451
C,2024-01-24,2024-01-24 13:47:00,9.35891436593117e-05,9.35891436593117e-05,0.00020244643
C,2024-01-24,2024-01-24 13:48:00,-0.0013101253977166882,-0.0013101253977166882,0.00016840818
C,2024-01-24,2024-01-24 13:49:00,0.00065592203898035,0.00065592203898035,0.00040755258
C,2024-01-24,2024-01-24 13:50:00,0.0,0.0,8.3597304e-05
C,2024-01-24,2024-01-24 13:51:00,9.364172675341287e-05,9.364172675341287e-05,0.00018074042
C,2024-01-24,2024-01-24 13:52:00,9.36329588014928e-05,9.36329588014928e-05,0.00017037784
C,2024-01-24,2024-01-24 13:53:00,-9.362419249137055e-05,-9.362419249137055e-05,0.00023633265
C,2024-01-24,2024-01-24 13:54:00,-0.000468164794007464,-0.000468164794007464,0.00016563176
C,2024-01-24,2024-01-24 13:55:00,0.0005620608899297164,0.0005620608899297164,0.0002043682
C,2024-01-24,2024-01-24 13:56:00,0.0,0.0,0.00019246443
C,2024-01-24,2024-01-24 13:57:00,0.0,0.0,0.0001561094
C,2024-01-24,2024-01-24 13:58:00,9.36241924911485e-05,9.36241924911485e-05,0.00013750352
C,2024-01-24,2024-01-24 13:59:00,9.361542782260202e-05,9.361542782260202e-05,0.00023093204
C,2024-01-24,2024-01-24 14:00:00,-0.00046803332397260533,-0.00046803332397260533,0.00013244104
C,2024-01-24,2024-01-24 14:01:00,-0.00037460198539041034,-0.00037460198539041034,-1.6256747e-05
C,2024-01-24,2024-01-24 14:02:00,0.0002810567734683467,0.0002810567734683467,1.5160343e-05
C,2024-01-24,2024-01-24 14:03:00,0.00018731853516884556,0.00018731853516884556,4.284425e-05
C,2024-01-24,2024-01-24 14:04:00,0.000749133814027747,0.000749133814027747,-6.285111e-06
C,2024-01-24,2024-01-24 14:05:00,-9.357162908207872e-05,-9.357162908207872e-05,-5.922274e-05
C,2024-01-24,2024-01-24 14:06:00,0.0005614823133071045,0.0005614823133071045,-0.00012843686
C,2024-01-24,2024-01-24 14:07:00,-0.0002805836139168072,-0.0002805836139168072,-2.9317322e-05
C,2024-01-24,2024-01-24 14:08:00,9.355412105915839e-05,9.355412105915839e-05,-4.8171703e-05
C,2024-01-24,2024-01-24 14:09:00,0.0005612722170251772,0.0005612722170251772,5.005895e-05
C,2024-01-24,2024-01-24 14:10:00,-0.0004674644727001853,-0.0004674644727001853,-3.8548147e-05
C,2024-01-24,2024-01-24 14:11:00,-0.0002806098587596617,-0.0002806098587596617,-1.8450164e-05
C,2024-01-24,2024-01-24 14:12:00,-0.00028068862275454354,-0.00028068862275454354,4.7691967e-05
C,2024-01-24,2024-01-24 14:13:00,-0.0007487131492744936,-0.0007487131492744936,9.58189e-06
C,2024-01-24,2024-01-24 14:14:00,-0.0013112297461834732,-0.0013112297461834732,-1.27060075e-05
C,2024-01-24,2024-01-24 14:15:00,0.0005626934258651239,0.0005626934258651239,0.00037985138
C,2024-01-24,2024-01-24 14:16:00,-0.0002811884900177919,-0.0002811884900177919,7.676651e-05
C,2024-01-24,2024-01-24 14:17:00,0.00037502343896500534,0.00037502343896500534,8.413229e-05
C,2024-01-24,2024-01-24 14:18:00,-0.0002811621368322692,-0.0002811621368322692,0.00010485171
C,2024-01-24,2024-01-24 14:19:00,-9.374707040410435e-05,-9.374707040410435e-05,0.000223253
C,2024-01-24,2024-01-24 14:20:00,-0.001406337896118548,-0.001406337896118548,4.318046e-05
C,2024-01-24,2024-01-24 14:21:00,0.00037555159140012506,0.00037555159140012506,0.00039798423
C,2024-01-24,2024-01-24 14:22:00,-0.0005631159080243808,-0.0005631159080243808,1.8170109e-05
C,2024-01-24,2024-01-24 14:23:00,-0.0006573387172505996,-0.0006573387172505996,1.2339319e-06
C,2024-01-24,2024-01-24 14:24:00,0.0004698364968991342,0.0004698364968991342,1.5359945e-05
C,2024-01-24,2024-01-24 14:25:00,0.00028176951253877647,0.00028176951253877647,-1.72592e-05
C,2024-01-24,2024-01-24 14:26:00,-0.000657276995305045,-0.000657276995305045,2.4992862e-05
C,2024-01-24,2024-01-24 14:27:00,-0.00046979235178057355,-0.00046979235178057355,0.00012620566
C,2024-01-24,2024-01-24 14:28:00,9.400263207370863e-05,9.400263207370863e-05,0.00011168107
C,2024-01-24,2024-01-24 14:29:00,0.0004699689820470976,0.0004699689820470976,3.9524974e-05
C,2024-01-24,2024-01-24 14:30:00,-0.0002818489289740933,-0.0002818489289740933,-3.9966894e-06
C,2024-01-24,2024-01-24 14:31:00,0.00018795226012602306,0.00018795226012602306,-8.768357e-07
C,2024-01-24,2024-01-24 14:32:00,0.0,0.0,1.3839447e-06
C,2024-01-24,2024-01-24 14:33:00,0.0,0.0,-4.4295848e-05
C,2024-01-24,2024-01-24 14:34:00,0.00037583388142437,0.00037583388142437,-3.8073198e-05
C,2024-01-24,2024-01-24 14:35:00,0.0004696158542312201,0.0004696158542312201,5.262359e-05
C,2024-01-24,2024-01-24 14:36:00,-0.0008449117536611928,-0.0008449117536611928,-2.2447563e-05
C,2024-01-24,2024-01-24 14:37:00,-0.0009395847035611471,-0.0009395847035611471,-2.9486313e-05
C,2024-01-24,2024-01-24 14:38:00,0.0014107025298599751,0.0014107025298599751,3.930752e-05
C,2024-01-24,2024-01-24 14:39:00,-0.0004695717505635022,-0.0004695717505635022,-0.00013071307
C,2024-01-24,2024-01-24 14:40:00,0.0004697923517804625,0.0004697923517804625,-4.998463e-05
C,2024-01-24,2024-01-24 14:41:00,-0.0002817430503381235,-0.0002817430503381235,3.273828e-05
C,2024-01-24,2024-01-24 14:42:00,0.0003757632691405721,0.0003757632691405721,-1.4423683e-05
C,2024-01-24,2024-01-24 14:43:00,9.390553103560961e-05,9.390553103560961e-05,1.6577848e-06
C,2024-01-24,2024-01-24 14:44:00,0.00037558685445993056,0.00037558685445993056,2.767796e-05
C,2024-01-24,2024-01-24 14:45:00,0.0,0.0,-1.6661943e-05
C,2024-01-24,2024-01-24 14:46:00,0.0004693073024217842,0.0004693073024217842,-2.5054836e-05
C,2024-01-24,2024-01-24 14:47:00,-0.0002814522938362485,-0.0002814522938362485,-1.4905552e-05
C,2024-01-24,2024-01-24 14:48:00,-0.00028153153153154253,-0.00028153153153154253,-1.9799303e-05
C,2024-01-24,2024-01-24 14:49:00,-0.0001877405425703138,-0.0001877405425703138,-1.7471135e-05
C,2024-01-24,2024-01-24 14:50:00,-0.00018777579569972946,-0.00018777579569972946,1.1590507e-05
C,2024-01-24,2024-01-24 14:51:00,-0.00037562212414332663,-0.00037562212414332663,-3.5752416e-06
C,2024-01-24,2024-01-24 14:52:00,0.00018788163457039708,0.00018788163457039708,2.4865674e-05
C,2024-01-24,2024-01-24 14:53:00,0.00028176951253877647,0.00028176951253877647,0.00010942281
C,2024-01-24,2024-01-24 14:54:00,-0.00028169014084511446,-0.00028169014084511446,4.6240155e-05
C,2024-01-24,2024-01-24 14:55:00,9.392317084611079e-05,9.392317084611079e-05,-1.1447632e-05
C,2024-01-24,2024-01-24 14:56:00,-0.0002817430503381235,-0.0002817430503381235,1.679199e-05
C,2024-01-24,2024-01-24 14:57:00,0.0003757632691405721,0.0003757632691405721,8.4966805e-06
C,2024-01-24,2024-01-24 14:58:00,-0.00018781106207166332,-0.00018781106207166332,5.1458203e-05
C,2024-01-24,2024-01-24 14:59:00,0.00018784634169266567,0.00018784634169266567,4.1706284e-05
C,2024-01-24,2024-01-24 15:00:00,0.00018781106207144127,0.00018781106207144127,5.753936e-05
C,2024-01-24,2024-01-24 15:01:00,-0.00018777579569972946,-0.00018777579569972946,-1.725285e-05
C,2024-01-24,2024-01-24 15:02:00,0.0,0.0,2.0089003e-05
C,2024-01-24,2024-01-24 15:03:00,9.390553103560961e-05,9.390553103560961e-05,2.915254e-05
C,2024-01-24,2024-01-24 15:04:00,0.0001877934272300763,0.0001877934272300763,-2.0629746e-05
C,2024-01-24,2024-01-24 15:05:00,-0.0002816372512204346,-0.0002816372512204346,-1.3549022e-06
C,2024-01-24,2024-01-24 15:06:00,0.00018781106207144127,0.00018781106207144127,2.0271158e-05
C,2024-01-24,2024-01-24 15:07:00,-0.000375551591399792,-0.000375551591399792,1.9704594e-05
C,2024-01-24,2024-01-24 15:08:00,-0.00018784634169255465,-0.00018784634169255465,-2.2587239e-05
C,2024-01-24,2024-01-24 15:09:00,-0.0005636449037105251,-0.0005636449037105251,-2.2329366e-05
C,2024-01-24,2024-01-24 15:10:00,-0.0005639627784566059,-0.0005639627784566059,5.17389e-05
C,2024-01-24,2024-01-24 15:11:00,-0.0002821405059719728,-0.0002821405059719728,5.9798796e-05
C,2024-01-24,2024-01-24 15:12:00,-0.00018814675446843232,-0.00018814675446843232,-3.951876e-06
C,2024-01-24,2024-01-24 15:13:00,-0.0005645464809935774,-0.0005645464809935774,5.962748e-05
C,2024-01-24,2024-01-24 15:14:00,-0.0005648653737526654,-0.0005648653737526654,8.596218e-05
C,2024-01-24,2024-01-24 15:15:00,0.00037678975131871795,0.00037678975131871795,0.00011933435
C,2024-01-24,2024-01-24 15:16:00,0.0,0.0,0.000116322146
C,2024-01-24,2024-01-24 15:17:00,-0.0012241054613937319,-0.0012241054613937319,1.6305632e-06
C,2024-01-24,2024-01-24 15:18:00,0.0007542189120393061,0.0007542189120393061,0.00012745902
C,2024-01-24,2024-01-24 15:19:00,0.0,0.0,-8.4203755e-05
C,2024-01-24,2024-01-24 15:20:00,9.420631182277539e-05,9.420631182277539e-05,-5.0892584e-05
C,2024-01-24,2024-01-24 15:21:00,-0.00028259231348903846,-0.00028259231348903846,7.491039e-05
C,2024-01-24,2024-01-24 15:22:00,0.00047112032413099136,0.00047112032413099136,-3.6142712e-05
C,2024-01-24,2024-01-24 15:23:00,0.0002825390845733189,0.0002825390845733189,3.8850434e-05
C,2024-01-24,2024-01-24 15:24:00,9.415309292903906e-05,9.415309292903906e-05,-4.927632e-07
C,2024-01-24,2024-01-24 15:25:00,-0.00047072114479385085,-0.00047072114479385085,0.00012533092
C,2024-01-24,2024-01-24 15:26:00,-9.418856550824639e-05,-9.418856550824639e-05,-4.004464e-05
C,2024-01-24,2024-01-24 15:27:00,-0.00047098718914839743,-0.00047098718914839743,2.6521266e-06
C,2024-01-24,2024-01-24 15:28:00,0.00018848364904333614,0.00018848364904333614,-3.1151103e-05
C,2024-01-24,2024-01-24 15:29:00,0.0008480165834354736,0.0008480165834354736,6.4597257e-06
C,2024-01-24,2024-01-24 15:30:00,-0.0003765769158350363,-0.0003765769158350363,-5.069282e-05
C,2024-01-24,2024-01-24 15:31:00,0.00047089847428893883,0.00047089847428893883,-4.8005273e-05
C,2024-01-24,2024-01-24 15:32:00,-9.41353666572553e-05,-9.41353666572553e-05,5.2717125e-05
C,2024-01-24,2024-01-24 15:33:00,-9.414422895870356e-05,-9.414422895870356e-05,-1.517947e-05
C,2024-01-24,2024-01-24 15:34:00,0.0,0.0,-2.6127287e-05
C,2024-01-24,2024-01-24 15:35:00,0.0,0.0,2.5066889e-05
C,2024-01-24,2024-01-24 15:36:00,-0.0003766123717164893,-0.0003766123717164893,1.6814503e-05
C,2024-01-24,2024-01-24 15:37:00,0.000753508524065083,0.000753508524065083,-3.2515272e-05
C,2024-01-24,2024-01-24 15:38:00,-9.411764705891112e-05,-9.411764705891112e-05,-1.1514414e-05
C,2024-01-24,2024-01-24 15:39:00,9.412650602413919e-05,9.412650602413919e-05,-7.070943e-06
C,2024-01-24,2024-01-24 15:40:00,0.00018823529411782225,0.00018823529411782225,6.177482e-05
C,2024-01-24,2024-01-24 15:41:00,0.0,0.0,6.0896076e-05
C,2024-01-24,2024-01-24 15:42:00,0.0009409993413003193,0.0009409993413003193,-2.5892112e-07
C,2024-01-24,2024-01-24 15:43:00,-0.0005640688163955909,-0.0005640688163955909,-9.746441e-05
C,2024-01-24,2024-01-24 15:44:00,0.0,0.0,-8.705447e-06
C,2024-01-24,2024-01-24 15:45:00,0.00018812905653264878,0.00018812905653264878,-5.3910662e-05
C,2024-01-24,2024-01-24 15:46:00,-0.0003761873412960748,-0.0003761873412960748,-3.708829e-05
C,2024-01-24,2024-01-24 15:47:00,0.00037632891146865965,0.00037632891146865965,0.00016778069
C,2024-01-24,2024-01-24 15:48:00,-0.0003761873412960748,-0.0003761873412960748,7.569976e-05
C,2024-01-24,2024-01-24 15:49:00,0.00028224668360143923,0.00028224668360143923,1.6687361e-06
C,2024-01-24,2024-01-24 15:50:00,0.0006583897667420402,0.0006583897667420402,6.578832e-05
C,2024-01-24,2024-01-24 15:51:00,0.0011279255569132118,0.0011279255569132118,0.00012482284
C,2024-01-24,2024-01-24 15:52:00,-0.0005633273870998545,-0.0005633273870998545,-0.00012508013
C,2024-01-24,2024-01-24 15:53:00,0.00046970408642565964,0.00046970408642565964,-0.00011520481
C,2024-01-24,2024-01-24 15:54:00,-0.00028169014084511446,-0.00028169014084511446,0.00010488722
C,2024-01-24,2024-01-24 15:55:00,0.00018784634169266567,0.00018784634169266567,-4.120243e-05
C,2024-01-24,2024-01-24 15:56:00,-0.00018781106207166332,-0.00018781106207166332,2.530323e-05
C,2024-01-24,2024-01-24 15:57:00,-0.00018784634169255465,-0.00018784634169255465,-1.9258283e-05
C,2024-01-24,2024-01-24 15:58:00,0.0009394081728510972,0.0009394081728510972,6.5735167e-06
C,2024-01-25,2024-01-25 09:40:00,-0.000654511453950346,-0.000654511453950346,4.5454515e-05
C,2024-01-25,2024-01-25 09:41:00,0.00018712574850310304,0.00018712574850310304,0.00020888748
C,2024-01-25,2024-01-25 09:42:00,-0.0006548175865295214,-0.0006548175865295214,3.23852e-05
C,2024-01-25,2024-01-25 09:43:00,0.00046803332397260533,0.00046803332397260533,0.00022125221
C,2024-01-25,2024-01-25 09:44:00,0.00037425149700598404,0.00037425149700598404,0.00017281903
C,2024-01-25,2024-01-25 09:45:00,-0.0001870557426112418,-0.0001870557426112418,9.011886e-06
C,2024-01-25,2024-01-25 09:46:00,0.0005612722170251772,0.0005612722170251772,2.5285477e-05
C,2024-01-25,2024-01-25 09:47:00,-9.34928945401925e-05,-9.34928945401925e-05,3.6683734e-06
C,2024-01-25,2024-01-25 09:48:00,-9.35016362785257e-05,-9.35016362785257e-05,-2.1234705e-06
C,2024-01-25,2024-01-25 09:49:00,0.0005610622779128605,0.0005610622779128605,2.1200503e-05
C,2024-01-25,2024-01-25 09:50:00,-0.00018691588785058055,-0.00018691588785058055,-3.759176e-06
C,2024-01-25,2024-01-25 09:51:00,0.00018695083193120965,0.00018695083193120965,-1.35250475e-05
C,2024-01-25,2024-01-25 09:52:00,0.00018691588785046953,0.00018691588785046953,-2.2915548e-05
C,2024-01-25,2024-01-25 09:53:00,-0.0011212857409830246,-0.0011212857409830246,-1.4617282e-05
C,2024-01-25,2024-01-25 09:54:00,0.001403180542563165,0.001403180542563165,7.5025055e-05
C,2024-01-25,2024-01-25 09:55:00,0.0001868285847732576,0.0001868285847732576,-0.00026264146
C,2024-01-25,2024-01-25 09:56:00,0.0014009526478004908,0.0014009526478004908,-0.00013467831
C,2024-01-25,2024-01-25 09:57:00,-0.00018653236336496626,-0.00018653236336496626,-0.00013986493
C,2024-01-25,2024-01-25 09:58:00,-0.0001865671641790856,-0.0001865671641790856,-0.00028455674
C,2024-01-25,2024-01-25 09:59:00,-0.0012129128568764136,-0.0012129128568764136,-0.00010353216
C,2024-01-25,2024-01-25 10:00:00,9.341429238673982e-05,9.341429238673982e-05,9.1112735e-05
C,2024-01-25,2024-01-25 10:01:00,0.00046702783485885746,0.00046702783485885746,-6.9375514e-05
C,2024-01-25,2024-01-25 10:02:00,-0.0007468957146857802,-0.0007468957146857802,-7.995758e-05
C,2024-01-25,2024-01-25 10:03:00,0.0012146127254040184,0.0012146127254040184,-7.284621e-05
C,2024-01-25,2024-01-25 10:04:00,-0.00018663680477781774,-0.00018663680477781774,-0.000494926
C,2024-01-25,2024-01-25 10:05:00,0.00018667164457708552,0.00018667164457708552,-0.00015206262
C,2024-01-25,2024-01-25 10:06:00,0.0007465472191117151,0.0007465472191117151,-8.395741e-05
C,2024-01-25,2024-01-25 10:07:00,0.0008392390898916968,0.0008392390898916968,-7.2225455e-05
C,2024-01-25,2024-01-25 10:08:00,0.000559023572160644,0.000559023572160644,3.581348e-05
C,2024-01-25,2024-01-25 10:09:00,0.00018623707980247595,0.00018623707980247595,2.507837e-05
C,2024-01-25,2024-01-25 10:10:00,-0.00018620240201094873,-0.00018620240201094873,0.00015229799
C,2024-01-25,2024-01-25 10:11:00,-0.00018623707980258697,-0.00018623707980258697,6.654808e-05
C,2024-01-25,2024-01-25 10:12:00,-0.0003725435410264488,-0.0003725435410264488,0.00018971709
C,2024-01-25,2024-01-25 10:13:00,-0.00037268238144050336,-0.00037268238144050336,0.00015808655
C,2024-01-25,2024-01-25 10:14:00,0.00037282132537996837,0.00037282132537996837,0.0002821707
C,2024-01-25,2024-01-25 10:15:00,0.0006521941675208254,0.0006521941675208254,0.00012269846
C,2024-01-25,2024-01-25 10:16:00,0.0004655493482308426,0.0004655493482308426,-0.00016891485
C,2024-01-25,2024-01-25 10:17:00,-0.0009306654257793534,-0.0009306654257793534,-9.199719e-05
C,2024-01-25,2024-01-25 10:18:00,0.0006520726595249382,0.0006520726595249382,-0.00012482457
C,2024-01-25,2024-01-25 10:19:00,-0.0005585552038727126,-0.0005585552038727126,-0.00039948896
C,2024-01-25,2024-01-25 10:20:00,0.0005588673621461648,0.0005588673621461648,-0.00023684918
C,2024-01-25,2024-01-25 10:21:00,0.0005585552038727126,0.0005585552038727126,-0.00010721981
C,2024-01-25,2024-01-25 10:22:00,-9.304056568670838e-05,-9.304056568670838e-05,-0.00012600691
C,2024-01-25,2024-01-25 10:23:00,-0.0001860984460780868,-0.0001860984460780868,4.4890192e-05
C,2024-01-25,2024-01-25 10:24:00,-0.00037226617031171916,-0.00037226617031171916,8.9939065e-05
C,2024-01-25,2024-01-25 10:25:00,-0.0056791732613350465,-0.003557184373630076,9.725941e-05
C,2024-01-25,2024-01-25 10:26:00,0.005337078651685534,0.0033384330635093484,0.0011076332
C,2024-01-25,2024-01-25 10:27:00,0.0,0.0,-0.00049195735
C,2024-01-25,2024-01-25 10:28:00,0.0001862717705132244,0.0001862717705132244,-0.00019751285
C,2024-01-25,2024-01-25 10:29:00,-0.00027935561970393596,-0.00027935561970393596,-2.722156e-05
C,2024-01-25,2024-01-25 10:30:00,-0.0007451564828613311,-0.0007451564828613311,-2.1668711e-05
C,2024-01-25,2024-01-25 10:31:00,-0.0002796420581655523,-0.0002796420581655523,-0.00012986713
C,2024-01-25,2024-01-25 10:32:00,-0.0007459207459207251,-0.0007459207459207251,1.3062066e-05
C,2024-01-25,2024-01-25 10:33:00,-0.0002799290846319247,-0.0002799290846319247,-5.8849062e-05
C,2024-01-25,2024-01-25 10:34:00,-0.00018667164457719654,-0.00018667164457719654,-0.00011199068
C,2024-01-25,2024-01-25 10:35:00,-0.0002800597460791421,-0.0002800597460791421,-0.00011056262
C,2024-01-25,2024-01-25 10:36:00,0.00018675880100849085,0.00018675880100849085,4.4180524e-05
C,2024-01-25,2024-01-25 10:37:00,0.0,0.0,-1.9964242e-05
C,2024-01-25,2024-01-25 10:38:00,-0.0005601717860143074,-0.0005601717860143074,-2.6228658e-06
C,2024-01-25,2024-01-25 10:39:00,-0.0013078000934144685,-0.0013078000934144685,-4.6438076e-05
C,2024-01-25,2024-01-25 10:40:00,0.0007482929566926533,0.0007482929566926533,0.00014478648
C,2024-01-25,2024-01-25 10:41:00,0.0001869333582575905,0.0001869333582575905,-9.599679e-05
C,2024-01-25,2024-01-25 10:42:00,0.0,0.0,-8.133802e-05
C,2024-01-25,2024-01-25 10:43:00,0.00046724605177095313,0.00046724605177095313,0.00019367163
C,2024-01-25,2024-01-25 10:44:00,-0.0004670278348590795,-0.0004670278348590795,5.2772015e-05
C,2024-01-25,2024-01-25 10:45:00,0.0007475936828333918,0.0007475936828333918,-1.4909144e-05
C,2024-01-25,2024-01-25 10:46:00,0.0003735176020169817,0.0003735176020169817,5.601924e-07
C,2024-01-25,2024-01-25 10:47:00,-0.0009334453467748638,-0.0009334453467748638,-4.596465e-05
C,2024-01-25,2024-01-25 10:48:00,-0.0003737269924319886,-0.0003737269924319886,8.219805e-05
C,2024-01-25,2024-01-25 10:49:00,0.0009346667912888407,0.0009346667912888407,9.86009e-05
C,2024-01-25,2024-01-25 10:50:00,-0.0011205528060510561,-0.0011205528060510561,-0.00025906172
C,2024-01-25,2024-01-25 10:51:00,-0.0010283256987940748,-0.0010283256987940748,-0.000119226825
C,2024-01-25,2024-01-25 10:52:00,-0.001029384241063025,-0.001029384241063025,0.000115863644
C,2024-01-25,2024-01-25 10:53:00,0.0007494145199062885,0.0007494145199062885,6.440393e-05
C,2024-01-25,2024-01-25 10:54:00,-0.00046803332397260533,-0.00046803332397260533,0.00016947472
C,2024-01-25,2024-01-25 10:55:00,0.00018730099269514966,0.00018730099269514966,0.00042991262
C,2024-01-25,2024-01-25 10:56:00,-0.000936329588014928,-0.000936329588014928,0.00021472723
C,2024-01-25,2024-01-25 10:57:00,0.0003748828491096923,0.0003748828491096923,0.00023405878
C,2024-01-25,2024-01-25 10:58:00,-0.00028105677346823565,-0.00028105677346823565,3.4488219e-06
C,2024-01-25,2024-01-25 10:59:00,0.0,0.0,-5.512891e-05
C,2024-01-25,2024-01-25 11:00:00,-0.00046855964764325186,-0.00046855964764325186,-7.5609736e-05
C,2024-01-25,2024-01-25 11:01:00,0.00018751171948250267,0.00018751171948250267,-8.6023116e-05
C,2024-01-25,2024-01-25 11:02:00,0.00028121484814391806,0.00028121484814391806,-7.5274584e-05
C,2024-01-25,2024-01-25 11:03:00,0.00028113578858568467,0.00028113578858568467,-0.00011855155
C,2024-01-25,2024-01-25 11:04:00,2.220446049250313e-16,2.220446049250313e-16,-4.7717258e-05
C,2024-01-25,2024-01-25 11:05:00,-9.36855911563006e-05,-9.36855911563006e-05,-5.563529e-05
C,2024-01-25,2024-01-25 11:06:00,0.00018738873793688882,0.00018738873793688882,-7.2251976e-05
C,2024-01-25,2024-01-25 11:07:00,-0.0009367681498828606,-0.0009367681498828606,7.51241e-05
C,2024-01-25,2024-01-25 11:08:00,-9.376465072674645e-05,-9.376465072674645e-05,-9.751766e-05
C,2024-01-25,2024-01-25 11:09:00,0.0,0.0,5.6546778e-05
C,2024-01-25,2024-01-25 11:10:00,-0.0002813203300825462,-0.0002813203300825462,-7.186714e-06
C,2024-01-25,2024-01-25 11:11:00,9.379983116031276e-05,9.379983116031276e-05,2.325647e-05
C,2024-01-25,2024-01-25 11:12:00,-0.0005627462014631268,-0.0005627462014631268,6.325746e-05
C,2024-01-25,2024-01-25 11:13:00,0.0,0.0,0.00013834744
C,2024-01-25,2024-01-25 11:14:00,0.0007507507507507061,0.0007507507507507061,0.000102684535
C,2024-01-25,2024-01-25 11:15:00,9.377344336081173e-05,9.377344336081173e-05,-7.015712e-05
C,2024-01-25,2024-01-25 11:16:00,9.376465072663542e-05,9.376465072663542e-05,-0.00010660724
C,2024-01-25,2024-01-25 11:17:00,-0.0003750234389648943,-0.0003750234389648943,1.3335188e-05
C,2024-01-25,2024-01-25 11:18:00,0.0,0.0,-1.3560165e-06
C,2024-01-25,2024-01-25 11:19:00,-0.0002813731007316189,-0.0002813731007316189,3.4472087e-05
C,2024-01-25,2024-01-25 11:20:00,0.00037526972511492396,0.00037526972511492396,2.142077e-05
C,2024-01-25,2024-01-25 11:21:00,-0.00018756447528833764,-0.00018756447528833764,0.00016490484
C,2024-01-25,2024-01-25 11:22:00,0.0005627989869618766,0.0005627989869618766,-7.0390066e-05
C,2024-01-25,2024-01-25 11:23:00,0.0,0.0,8.014815e-05
C,2024-01-25,2024-01-25 11:24:00,0.0,0.0,3.724635e-05
C,2024-01-25,2024-01-25 11:25:00,0.0,0.0,6.210641e-05
C,2024-01-25,2024-01-25 11:26:00,0.0,0.0,8.739676e-05
C,2024-01-25,2024-01-25 11:27:00,0.000562482422424182,0.000562482422424182,-1.1323497e-05
C,2024-01-25,2024-01-25 11:28:00,0.0007495549517475553,0.0007495549517475553,9.810306e-05
C,2024-01-25,2024-01-25 11:29:00,-0.001029866117404743,-0.001029866117404743,-8.417171e-05
C,2024-01-25,2024-01-25 11:30:00,-9.372071227742307e-05,-9.372071227742307e-05,-8.13084e-05
C,2024-01-25,2024-01-25 11:31:00,-0.0003749179866903152,-0.0003749179866903152,-6.7868464e-06
C,2024-01-25,2024-01-25 11:32:00,-0.000656352555086781,-0.000656352555086781,0.00019135379
C,2024-01-25,2024-01-25 11:33:00,-0.00018765246762986187,-0.00018765246762986187,-4.5735696e-06
C,2024-01-25,2024-01-25 11:34:00,-0.00037537537537535304,-0.00037537537537535304,2.1893276e-05
C,2024-01-25,2024-01-25 11:35:00,-0.0002816372512204346,-0.0002816372512204346,8.442303e-06
C,2024-01-25,2024-01-25 11:36:00,-9.390553103594268e-05,-9.390553103594268e-05,-4.089231e-05
C,2024-01-25,2024-01-25 11:37:00,-0.00018782870022526765,-0.00018782870022526765,5.365739e-05
C,2024-01-25,2024-01-25 11:38:00,0.00018786398647363534,0.00018786398647363534,2.3783221e-05
C,2024-01-25,2024-01-25 11:39:00,0.0,0.0,1.4333416e-06
C,2024-01-25,2024-01-25 11:40:00,-0.00046957175056328015,-0.00046957175056328015,4.9376486e-06
C,2024-01-25,2024-01-25 11:41:00,-0.00037583388142448104,-0.00037583388142448104,-1.6975964e-05
C,2024-01-25,2024-01-25 11:42:00,0.0,0.0,-4.6259856e-06
C,2024-01-25,2024-01-25 11:43:00,9.399379640950833e-05,9.399379640950833e-05,-1.3705196e-05
C,2024-01-25,2024-01-25 11:44:00,-0.0004699248120302313,-0.0004699248120302313,4.5888013e-05
C,2024-01-25,2024-01-25 11:45:00,0.0003761165961448931,0.0003761165961448931,-4.4894485e-05
C,2024-01-25,2024-01-25 11:46:00,-9.399379640950833e-05,-9.399379640950833e-05,9.84749e-05
C,2024-01-25,2024-01-25 11:47:00,0.0002820078962211259,0.0002820078962211259,1.3791004e-05
C,2024-01-25,2024-01-25 11:48:00,0.00018795226012602306,0.00018795226012602306,0.00011071219
C,2024-01-25,2024-01-25 11:49:00,-0.00046979235178057355,-0.00046979235178057355,9.526426e-06
C,2024-01-25,2024-01-25 11:50:00,-9.40026320735976e-05,-9.40026320735976e-05,2.0801588e-05
C,2024-01-25,2024-01-25 11:51:00,9.401146939924665e-05,9.401146939924665e-05,4.06298e-05
C,2024-01-25,2024-01-25 11:52:00,0.0004700131603685431,0.0004700131603685431,4.1044357e-05
C,2024-01-25,2024-01-25 11:53:00,-0.000563750822136666,-0.000563750822136666,2.8854825e-05
C,2024-01-25,2024-01-25 11:54:00,-0.0009401146939927996,-0.0009401146939927996,2.1685322e-05
C,2024-01-25,2024-01-25 11:55:00,0.00028229980239036223,0.00028229980239036223,1.8470304e-05
C,2024-01-25,2024-01-25 11:56:00,0.00028222013170253746,0.00028222013170253746,6.784316e-05
C,2024-01-25,2024-01-25 11:57:00,-9.404683532399094e-05,-9.404683532399094e-05,3.369066e-05
C,2024-01-25,2024-01-25 11:58:00,0.00047027840481583816,0.00047027840481583816,1.7789163e-05
C,2024-01-25,2024-01-25 11:59:00,-0.0003760458775970976,-0.0003760458775970976,8.280498e-06
C,2024-01-25,2024-01-25 12:00:00,-0.0009404683532399094,-0.0009404683532399094,6.686727e-05
C,2024-01-25,2024-01-25 12:01:00,0.0001882707333145106,0.0001882707333145106,6.5768596e-05
C,2024-01-25,2024-01-25 12:02:00,-0.00018823529411771123,-0.00018823529411771123,9.37069e-05
C,2024-01-25,2024-01-25 12:03:00,9.413536665747735e-05,9.413536665747735e-05,1.1927079e-05
C,2024-01-25,2024-01-25 12:04:00,0.0,0.0,9.517509e-05
C,2024-01-25,2024-01-25 12:05:00,-0.0006588855421687523,-0.0006588855421687523,6.988892e-06
C,2024-01-25,2024-01-25 12:06:00,-0.0005651313930489232,-0.0005651313930489232,0.0002134082
C,2024-01-25,2024-01-25 12:07:00,0.00018848364904333614,0.00018848364904333614,-8.986285e-06
C,2024-01-25,2024-01-25 12:08:00,-0.00037689625930459325,-0.00037689625930459325,4.402742e-05
C,2024-01-25,2024-01-25 12:09:00,0.0003770383636534369,0.0003770383636534369,7.177761e-05
C,2024-01-25,2024-01-25 12:10:00,9.422406482628709e-05,9.422406482628709e-05,0.00012848793
C,2024-01-25,2024-01-25 12:11:00,0.0004710759374411122,0.0004710759374411122,1.8862896e-05
C,2024-01-25,2024-01-25 12:12:00,-0.0003766833035124817,-0.0003766833035124817,1.7761351e-05
C,2024-01-25,2024-01-25 12:13:00,0.0005652378709373185,0.0005652378709373185,7.660227e-06
C,2024-01-25,2024-01-25 12:14:00,0.0,0.0,5.5515273e-05
C,2024-01-25,2024-01-25 12:15:00,0.0006590716505037175,0.0006590716505037175,-4.6278233e-06
C,2024-01-25,2024-01-25 12:16:00,-0.0002822732404967887,-0.0002822732404967887,-8.500368e-05
C,2024-01-25,2024-01-25 12:17:00,0.000847058823529423,0.000847058823529423,3.5198136e-07
C,2024-01-25,2024-01-25 12:18:00,-9.403799134855007e-05,-9.403799134855007e-05,-6.570102e-05
C,2024-01-25,2024-01-25 12:19:00,0.0005642810119439456,0.0005642810119439456,-6.4897096e-05
C,2024-01-25,2024-01-25 12:20:00,-0.00018798759281879462,-0.00018798759281879462,3.8592945e-05
C,2024-01-25,2024-01-25 12:21:00,-0.00018802293879860432,-0.00018802293879860432,-1.568142e-05
C,2024-01-25,2024-01-25 12:22:00,-0.0005641748942172287,-0.0005641748942172287,-2.66355e-05
C,2024-01-25,2024-01-25 12:23:00,0.00018816445573444085,0.00018816445573444085,-1.0907427e-05
C,2024-01-25,2024-01-25 12:24:00,-0.0006584516978647148,-0.0006584516978647148,2.4153109e-05
C,2024-01-25,2024-01-25 12:25:00,0.00047063253012025186,0.00047063253012025186,5.3935864e-06
C,2024-01-25,2024-01-25 12:26:00,-0.00037632891146854863,-0.00037632891146854863,6.9582843e-06
C,2024-01-25,2024-01-25 12:27:00,0.00018823529411782225,0.00018823529411782225,-2.0349912e-06
C,2024-01-25,2024-01-25 12:28:00,-0.0001881998682602415,-0.0001881998682602415,8.069777e-05
C,2024-01-25,2024-01-25 12:29:00,-0.0007529411764706229,-0.0007529411764706229,-5.108814e-06
C,2024-01-25,2024-01-25 12:30:00,-0.00018837713101627074,-0.00018837713101627074,5.3890348e-05
C,2024-01-25,2024-01-25 12:31:00,0.0,0.0,5.8528156e-05
C,2024-01-25,2024-01-25 12:32:00,-0.00018841262364588385,-0.00018841262364588385,0.00013755015
C,2024-01-25,2024-01-25 12:33:00,0.0003768962593047043,0.0003768962593047043,-2.6454429e-05
C,2024-01-25,2024-01-25 12:34:00,-9.418856550824639e-05,-9.418856550824639e-05,2.3341187e-05
C,2024-01-25,2024-01-25 12:35:00,-0.00047098718914839743,-0.00047098718914839743,5.0585073e-05
C,2024-01-25,2024-01-25 12:36:00,0.00018848364904333614,0.00018848364904333614,1.6385527e-05
C,2024-01-25,2024-01-25 12:37:00,-0.0004711203241307693,-0.0004711203241307693,2.0922535e-05
C,2024-01-25,2024-01-25 12:38:00,0.0004713423831070873,0.0004713423831070873,-4.113752e-06
C,2024-01-25,2024-01-25 12:39:00,0.009139734288137191,0.0033384330635093484,6.8999325e-05
C,2024-01-25,2024-01-25 12:40:00,-0.00849673202614376,-0.003557184373630076,-0.0005289858
C,2024-01-25,2024-01-25 12:41:00,0.00018834165175629636,0.00018834165175629636,0.00045613418
C,2024-01-25,2024-01-25 12:42:00,0.0007532247434327566,0.0007532247434327566,7.400554e-05
C,2024-01-25,2024-01-25 12:43:00,0.00037632891146865965,0.00037632891146865965,-3.6052264e-05
C,2024-01-25,2024-01-25 12:44:00,0.0004702341766198437,0.0004702341766198437,6.874361e-05
C,2024-01-25,2024-01-25 12:45:00,0.00018800526414741725,0.00018800526414741725,0.0005561501
C,2024-01-25,2024-01-25 12:46:00,-9.398496240609067e-05,-9.398496240609067e-05,0.0001321819
C,2024-01-25,2024-01-25 12:47:00,0.0,0.0,0.00015628774
C,2024-01-25,2024-01-25 12:48:00,0.00028198138922830296,0.00028198138922830296,8.2247694e-05
C,2024-01-25,2024-01-25 12:49:00,0.0008457056944182195,0.0008457056944182195,8.822053e-05
C,2024-01-25,2024-01-25 12:50:00,0.00018777579570006253,0.00018777579570006253,3.1344396e-06
C,2024-01-25,2024-01-25 12:51:00,0.0004693513564253404,0.0004693513564253404,6.336205e-05
C,2024-01-25,2024-01-25 12:52:00,9.382623381504196e-05,9.382623381504196e-05,5.291702e-05
C,2024-01-25,2024-01-25 12:53:00,0.0007505394502298479,0.0007505394502298479,0.00014592474
C,2024-01-25,2024-01-25 12:54:00,-0.000562482422424293,-0.000562482422424293,1.6195283e-05
C,2024-01-25,2024-01-25 12:55:00,-0.0002813994934809383,-0.0002813994934809383,8.930055e-05
C,2024-01-25,2024-01-25 12:56:00,0.00028147870144490383,0.00028147870144490383,9.492325e-05
C,2024-01-25,2024-01-25 12:57:00,-0.0002813994934809383,-0.0002813994934809383,0.00010606846
C,2024-01-25,2024-01-25 12:58:00,9.382623381504196e-05,9.382623381504196e-05,7.320282e-05
C,2024-01-25,2024-01-25 12:59:00,0.009569377990430672,0.0033384330635093484,6.608907e-05
C,2024-01-25,2024-01-25 13:00:00,-0.008921103986618273,-0.003557184373630076,-0.0005740637
C,2024-01-25,2024-01-25 13:01:00,0.0007501172058133054,0.0007501172058133054,5.860481e-05
C,2024-01-25,2024-01-25 13:02:00,-0.0013117211655577776,-0.0013117211655577776,-0.00011259939
C,2024-01-25,2024-01-25 13:03:00,0.0016887137630172688,0.0016887137630172688,-7.517641e-05
C,2024-01-25,2024-01-25 13:04:00,0.0058068745902406516,0.0033384330635093484,-0.00070907286
C,2024-01-25,2024-01-25 13:05:00,-0.005400875314275022,-0.003557184373630076,-0.00051597145
C,2024-01-25,2024-01-25 13:06:00,0.00037449676996526016,0.00037449676996526016,0.00018532132
C,2024-01-25,2024-01-25 13:07:00,-0.0008423022929340274,-0.0008423022929340274,1.4034678e-06
C,2024-01-25,2024-01-25 13:08:00,9.366804046484489e-05,9.366804046484489e-05,-5.478739e-05
C,2024-01-25,2024-01-25 13:09:00,0.0,0.0,-8.990734e-05
C,2024-01-25,2024-01-25 13:10:00,0.0,0.0,0.00028430577
C,2024-01-25,2024-01-25 13:11:00,0.00018731853516884556,0.00018731853516884556,-8.5401996e-05
C,2024-01-25,2024-01-25 13:12:00,0.0005618503605206993,0.0005618503605206993,-7.7061144e-05
C,2024-01-25,2024-01-25 13:13:00,-0.0006551240056152929,-0.0006551240056152929,-3.6699028e-05
C,2024-01-25,2024-01-25 13:14:00,-0.0006555534744333569,-0.0006555534744333569,-7.153994e-05
C,2024-01-25,2024-01-25 13:15:00,-0.0007496954362291586,-0.0007496954362291586,-3.5102807e-05
C,2024-01-25,2024-01-25 13:16:00,0.00046891118822101063,0.00046891118822101063,-0.00012497476
C,2024-01-25,2024-01-25 13:17:00,0.0,0.0,-0.00010542926
C,2024-01-25,2024-01-25 13:18:00,0.00046869141357319677,0.00046869141357319677,-0.0001840278
C,2024-01-25,2024-01-25 13:19:00,-0.00018738873793666677,-0.00018738873793666677,-4.80357e-05
C,2024-01-25,2024-01-25 13:20:00,0.00037484771811446826,0.00037484771811446826,-7.441343e-05
C,2024-01-25,2024-01-25 13:21:00,0.0002810304449649692,0.0002810304449649692,-6.633978e-05
C,2024-01-25,2024-01-25 13:22:00,-0.0004682524817382072,-0.0004682524817382072,-8.799283e-05
C,2024-01-25,2024-01-25 13:23:00,-0.00018738873793666677,-0.00018738873793666677,-0.000117634896
C,2024-01-25,2024-01-25 13:24:00,-0.0003748477181145793,-0.0003748477181145793,-0.00015515783
C,2024-01-25,2024-01-25 13:25:00,-0.00018749414080809768,-0.00018749414080809768,-0.00011186059
C,2024-01-25,2024-01-25 13:26:00,9.376465072663542e-05,9.376465072663542e-05,-0.00012235109
C,2024-01-25,2024-01-25 13:27:00,-0.0003750234389648943,-0.0003750234389648943,0.000115875235
C,2024-01-25,2024-01-25 13:28:00,0.0,0.0,6.203579e-05
C,2024-01-25,2024-01-25 13:29:00,0.0006565372350402221,0.0006565372350402221,-0.0001700579
C,2024-01-25,2024-01-25 13:30:00,0.0,0.0,-0.00014114598
C,2024-01-25,2024-01-25 13:31:00,0.0,0.0,-9.643445e-05
C,2024-01-25,2024-01-25 13:32:00,0.0003749179866903152,0.0003749179866903152,-0.00010245727
C,2024-01-25,2024-01-25 13:33:00,0.00018738873793688882,0.00018738873793688882,-0.0001655172
C,2024-01-25,2024-01-25 13:34:00,0.0006557377049178914,0.0006557377049178914,-0.00010656446
C,2024-01-25,2024-01-25 13:35:00,-9.361542782237997e-05,-9.361542782237997e-05,-9.190639e-05
C,2024-01-25,2024-01-25 13:36:00,0.0011234903098962246,0.0011234903098962246,-0.0002772308
C,2024-01-25,2024-01-25 13:37:00,0.0,0.0,-0.00019278085
C,2024-01-25,2024-01-25 13:38:00,0.0,0.0,-0.00012195538
C,2024-01-25,2024-01-25 13:39:00,-0.00037407649864407144,-0.00037407649864407144,-0.00010545328
C,2024-01-25,2024-01-25 13:40:00,-0.00018710824211798371,-0.00018710824211798371,-0.0001333679
C,2024-01-25,2024-01-25 13:41:00,0.0004678581454102826,0.0004678581454102826,-7.819644e-05
C,2024-01-25,2024-01-25 13:42:00,9.352787130567641e-05,9.352787130567641e-05,3.5061062e-06
C,2024-01-25,2024-01-25 13:43:00,0.0002805573739830258,0.0002805573739830258,-1.5021836e-05
C,2024-01-25,2024-01-25 13:44:00,0.0002804786836201334,0.0002804786836201334,0.00012235781
C,2024-01-25,2024-01-25 13:45:00,-0.00018693335825792357,-0.00018693335825792357,3.677088e-05
C,2024-01-25,2024-01-25 13:46:00,0.00018696830887177107,0.00018696830887177107,-8.715544e-07
C,2024-01-25,2024-01-25 13:47:00,0.00018693335825781254,0.00018693335825781254,4.8083268e-05
C,2024-01-25,2024-01-25 13:48:00,0.0004672460517707311,0.0004672460517707311,9.555513e-05
C,2024-01-25,2024-01-25 13:49:00,-0.0002802167009153811,-0.0002802167009153811,8.870779e-05
C,2024-01-25,2024-01-25 13:50:00,-0.0006540222367560355,-0.0006540222367560355,6.483347e-05
C,2024-01-25,2024-01-25 13:51:00,0.0007479431563199856,0.0007479431563199856,0.00011966275
C,2024-01-25,2024-01-25 13:52:00,-0.0002802690582959233,-0.0002802690582959233,3.4381133e-05
C,2024-01-25,2024-01-25 13:53:00,0.0,0.0,2.6017675e-05
C,2024-01-25,2024-01-25 13:54:00,-9.34492103540352e-05,-9.34492103540352e-05,-1.5460586e-05
C,2024-01-25,2024-01-25 13:55:00,0.0002803738317758153,0.0002803738317758153,-2.4260367e-05
C,2024-01-25,2024-01-25 13:56:00,0.00018686349621588327,0.00018686349621588327,-4.0703977e-05
C,2024-01-25,2024-01-25 13:57:00,-0.0006539000467071787,-0.0006539000467071787,-7.27365e-05
C,2024-01-25,2024-01-25 13:58:00,0.000560852495793629,0.000560852495793629,-5.0192855e-05
C,2024-01-25,2024-01-25 13:59:00,-0.000653961136023895,-0.000653961136023895,-2.678939e-05
C,2024-01-25,2024-01-25 14:00:00,-0.00018696830887177107,-0.00018696830887177107,1.2327964e-05
C,2024-01-25,2024-01-25 14:01:00,-0.00028050490883579915,-0.00028050490883579915,0.0001380095
C,2024-01-25,2024-01-25 14:02:00,-9.352787130567641e-05,-9.352787130567641e-05,-4.123932e-06
C,2024-01-25,2024-01-25 14:03:00,0.0,0.0,1.0266554e-06
C,2024-01-25,2024-01-25 14:04:00,0.0,0.0,-2.733606e-05
C,2024-01-25,2024-01-25 14:05:00,-9.353661958644288e-05,-9.353661958644288e-05,-2.5414696e-05
C,2024-01-25,2024-01-25 14:06:00,-0.0002806361085125886,-0.0002806361085125886,-5.021078e-05
C,2024-01-25,2024-01-25 14:07:00,-0.0005614297744923613,-0.0005614297744923613,-4.5051023e-05
C,2024-01-25,2024-01-25 14:08:00,0.00037449676996526016,0.00037449676996526016,-4.930018e-06
C,2024-01-25,2024-01-25 14:09:00,0.00046794571829678056,0.00046794571829678056,9.9907054e-05
C,2024-01-25,2024-01-25 14:10:00,0.0010289990645462321,0.0010289990645462321,5.4975302e-05
C,2024-01-25,2024-01-25 14:11:00,-0.0007475936828332808,-0.0007475936828332808,-0.000121001685
C,2024-01-25,2024-01-25 14:12:00,0.0001870382493218692,0.0001870382493218692,-6.3344487e-06
C,2024-01-25,2024-01-25 14:13:00,0.00018700327255727345,0.00018700327255727345,1.6463648e-05
C,2024-01-25,2024-01-25 14:14:00,-9.348415443577451e-05,-9.348415443577451e-05,7.608037e-06
C,2024-01-25,2024-01-25 14:15:00,0.0002804786836201334,0.0002804786836201334,-5.72848e-06
C,2024-01-25,2024-01-25 14:16:00,0.0001869333582575905,0.0001869333582575905,-2.1700553e-06
C,2024-01-25,2024-01-25 14:17:00,-0.00037379684141658487,-0.00037379684141658487,9.10436e-05
C,2024-01-25,2024-01-25 14:18:00,-9.348415443577451e-05,-9.348415443577451e-05,2.6435123e-06
C,2024-01-25,2024-01-25 14:19:00,0.0001869857890799409,0.0001869857890799409,-2.1359385e-05
C,2024-01-25,2024-01-25 14:20:00,0.00037390166386264134,0.00037390166386264134,-4.0776404e-06
C,2024-01-25,2024-01-25 14:21:00,-0.00018688095683061512,-0.00018688095683061512,-2.9379646e-05
C,2024-01-25,2024-01-25 14:22:00,-0.00046728971962628485,-0.00046728971962628485,-4.689442e-05
C,2024-01-25,2024-01-25 14:23:00,0.0007480130902290938,0.0007480130902290938,-2.1395661e-05
C,2024-01-25,2024-01-25 14:24:00,0.0,0.0,-0.00012888617
C,2024-01-25,2024-01-25 14:25:00,0.0,0.0,-1.2340275e-06
C,2024-01-25,2024-01-25 14:26:00,0.0003737269924319886,0.0003737269924319886,2.7930244e-05
C,2024-01-25,2024-01-25 14:27:00,0.0005603810591201519,0.0005603810591201519,2.2316197e-05
C,2024-01-25,2024-01-25 14:28:00,-9.334453467746417e-05,-9.334453467746417e-05,6.0020275e-06
C,2024-01-25,2024-01-25 14:29:00,-0.00018670649738616873,-0.00018670649738616873,-1.0970677e-05
C,2024-01-25,2024-01-25 14:30:00,9.337068160597539e-05,9.337068160597539e-05,7.00229e-05
C,2024-01-25,2024-01-25 14:31:00,0.0,0.0,3.518324e-05
C,2024-01-25,2024-01-25 14:32:00,0.0007468957146858912,0.0007468957146858912,-1.4581013e-05
C,2024-01-25,2024-01-25 14:33:00,0.0003731691389121661,0.0003731691389121661,-6.197949e-05
C,2024-01-25,2024-01-25 14:34:00,-0.0009325748391307842,-0.0009325748391307842,-4.3057633e-05
C,2024-01-25,2024-01-25 14:35:00,0.00037337813871007874,0.00037337813871007874,6.2220446e-05
C,2024-01-25,2024-01-25 14:36:00,0.0,0.0,5.706206e-05
C,2024-01-25,2024-01-25 14:37:00,9.330969487741925e-05,9.330969487741925e-05,-3.0902243e-05
C,2024-01-25,2024-01-25 14:38:00,-9.330098899051897e-05,-9.330098899051897e-05,-3.0500423e-05
C,2024-01-25,2024-01-25 14:39:00,-0.00018661938975450543,-0.00018661938975450543,-7.030211e-05
C,2024-01-25,2024-01-25 14:40:00,-9.332711152598705e-05,-9.332711152598705e-05,-2.5111058e-05
C,2024-01-25,2024-01-25 14:41:00,-0.0009333582228859827,-0.0009333582228859827,-4.3374068e-05
C,2024-01-25,2024-01-25 14:42:00,0.0001868460388640969,0.0001868460388640969,9.879011e-06
C,2024-01-25,2024-01-25 14:43:00,0.0001868111339435874,0.0001868111339435874,2.952369e-06
C,2024-01-25,2024-01-25 14:44:00,9.338812103099059e-05,9.338812103099059e-05,4.7051224e-05
C,2024-01-25,2024-01-25 14:45:00,-0.00018675880100860187,-0.00018675880100860187,1.2074817e-05
C,2024-01-25,2024-01-25 14:46:00,-0.00018679368637319893,-0.00018679368637319893,-1.1198354e-05
C,2024-01-25,2024-01-25 14:47:00,0.0,0.0,3.883332e-05
C,2024-01-25,2024-01-25 14:48:00,0.0,0.0,7.2024435e-05
C,2024-01-25,2024-01-25 14:49:00,-0.00018682858477359066,-0.00018682858477359066,3.3885033e-05
C,2024-01-25,2024-01-25 14:50:00,0.0005605904886480939,0.0005605904886480939,-1.9293832e-06
C,2024-01-25,2024-01-25 14:51:00,0.000653655803529718,0.000653655803529718,0.00012756056
C,2024-01-25,2024-01-25 14:52:00,9.33184023890199e-05,9.33184023890199e-05,-0.0002309063
C,2024-01-25,2024-01-25 14:53:00,0.0003732387795092329,0.0003732387795092329,-9.657799e-05
C,2024-01-25,2024-01-25 14:54:00,0.00018654976214893537,0.00018654976214893537,6.2342383e-06
C,2024-01-25,2024-01-25 14:55:00,0.0,0.0,-1.39908e-05
C,2024-01-25,2024-01-25 14:56:00,-0.0005595449034784261,-0.0005595449034784261,-1.334897e-05
C,2024-01-25,2024-01-25 14:57:00,0.0,0.0,-7.2605464e-05
C,2024-01-25,2024-01-25 14:58:00,0.00018661938975461645,0.00018661938975461645,4.965874e-05
C,2024-01-25,2024-01-25 14:59:00,0.0,0.0,3.415437e-05
C,2024-01-25,2024-01-25 15:00:00,0.0,0.0,-4.094123e-05
C,2024-01-25,2024-01-25 15:01:00,0.00018658456945619406,0.00018658456945619406,-2.8414092e-05
C,2024-01-25,2024-01-25 15:02:00,0.00018654976214893537,0.00018654976214893537,4.0809195e-05
C,2024-01-25,2024-01-25 15:03:00,0.0,0.0,5.6167128e-06
C,2024-01-25,2024-01-25 15:04:00,9.325748391320055e-05,9.325748391320055e-05,4.7594517e-06
C,2024-01-25,2024-01-25 15:05:00,-0.00018649757553157453,-0.00018649757553157453,1.1688936e-05
C,2024-01-25,2024-01-25 15:06:00,0.0002797985450475604,0.0002797985450475604,-1.1529514e-05
C,2024-01-25,2024-01-25 15:07:00,0.00018648018648037556,0.00018648018648037556,5.7258753e-06
C,2024-01-25,2024-01-25 15:08:00,0.0003728908362077288,0.0003728908362077288,2.8339702e-05
C,2024-01-25,2024-01-25 15:09:00,0.005964029447395269,0.0033384330635093484,-2.444582e-05
C,2024-01-25,2024-01-25 15:10:00,-0.005558128763316295,-0.003557184373630076,-0.00075864315
C,2024-01-25,2024-01-25 15:11:00,0.0,0.0,0.0004230824
C,2024-01-25,2024-01-25 15:12:00,-0.0005589194224498995,-0.0005589194224498995,6.4955486e-05
C,2024-01-25,2024-01-25 15:13:00,9.320533134493658e-05,9.320533134493658e-05,0.00016861835
C,2024-01-25,2024-01-25 15:14:00,-0.0006523765144454963,-0.0006523765144454963,6.010639e-05
C,2024-01-25,2024-01-25 15:15:00,0.0,0.0,0.0005452215
C,2024-01-25,2024-01-25 15:16:00,0.00027977245173915755,0.00027977245173915755,0.0002628421
C,2024-01-25,2024-01-25 15:17:00,-0.00046615700167795815,-0.00046615700167795815,5.386284e-05
C,2024-01-25,2024-01-25 15:18:00,0.0005596492864472502,0.0005596492864472502,6.8633206e-05
C,2024-01-25,2024-01-25 15:19:00,-0.0001864454181039754,-0.0001864454181039754,5.1674397e-05
C,2024-01-25,2024-01-25 15:20:00,0.0,0.0,1.7996981e-05
C,2024-01-25,2024-01-25 15:21:00,0.00018648018648037556,0.00018648018648037556,6.0566264e-05
C,2024-01-25,2024-01-25 15:22:00,0.0,0.0,4.9039427e-05
C,2024-01-25,2024-01-25 15:23:00,-0.0002796681271557411,-0.0002796681271557411,4.159622e-05
C,2024-01-25,2024-01-25 15:24:00,9.324878776562073e-05,9.324878776562073e-05,1.2755609e-05
C,2024-01-25,2024-01-25 15:25:00,-0.00018648018648026454,-0.00018648018648026454,4.803579e-05
C,2024-01-25,2024-01-25 15:26:00,0.0,0.0,-2.1138076e-05
C,2024-01-25,2024-01-25 15:27:00,0.00018651496782617905,0.00018651496782617905,9.283215e-06
C,2024-01-25,2024-01-25 15:28:00,0.0,0.0,6.1995624e-06
C,2024-01-25,2024-01-25 15:29:00,0.0,0.0,2.9137218e-05
C,2024-01-25,2024-01-25 15:30:00,0.00037296037296030704,0.00037296037296030704,-6.432763e-06
C,2024-01-25,2024-01-25 15:31:00,0.00037282132537996837,0.00037282132537996837,7.086941e-05
C,2024-01-25,2024-01-25 15:32:00,0.0006521941675208254,0.0006521941675208254,2.8951476e-05
C,2024-01-25,2024-01-25 15:33:00,-9.310986964627954e-05,-9.310986964627954e-05,8.106726e-06
C,2024-01-25,2024-01-25 15:34:00,0.0005587112394076499,0.0005587112394076499,-6.813971e-06
C,2024-01-25,2024-01-25 15:35:00,2.220446049250313e-16,2.220446049250313e-16,0.0001281618
C,2024-01-25,2024-01-25 15:36:00,-0.0003722661703118302,-0.0003722661703118302,1.837415e-05
C,2024-01-25,2024-01-25 15:37:00,-0.00018620240201094873,-0.00018620240201094873,6.967663e-05
C,2024-01-25,2024-01-25 15:38:00,0.0007449483192103479,0.0007449483192103479,4.1663134e-05
C,2024-01-25,2024-01-25 15:39:00,9.304922303887686e-05,9.304922303887686e-05,4.0310708e-05
C,2024-01-25,2024-01-25 15:40:00,9.304056568670838e-05,9.304056568670838e-05,1.1633651e-05
C,2024-01-25,2024-01-25 15:41:00,0.0,0.0,3.754288e-05
C,2024-01-25,2024-01-25 15:42:00,9.303190994502941e-05,9.303190994502941e-05,-1.1287808e-05
C,2024-01-25,2024-01-25 15:43:00,9.302325581383997e-05,9.302325581383997e-05,0.000119017044
C,2024-01-25,2024-01-25 15:44:00,-0.0003720584131707838,-0.0003720584131707838,0.0001289076
C,2024-01-25,2024-01-25 15:45:00,0.00046524611519505044,0.00046524611519505044,0.00011798668
C,2024-01-25,2024-01-25 15:46:00,-0.0009300595238097564,-0.0009300595238097564,0.0002516859
C,2024-01-25,2024-01-25 15:47:00,9.309253397904449e-05,9.309253397904449e-05,0.00026749764
C,2024-01-25,2024-01-25 15:48:00,0.0,0.0,-1.9936144e-05
C,2024-01-25,2024-01-25 15:49:00,0.000744670948524373,0.000744670948524373,0.00017431083
C,2024-01-25,2024-01-25 15:50:00,-0.0007441168263415676,-0.0007441168263415676,-0.00013269101
C,2024-01-25,2024-01-25 15:51:00,9.308386856554662e-05,9.308386856554662e-05,-0.000115898394
C,2024-01-25,2024-01-25 15:52:00,0.00046537602382734633,0.00046537602382734633,3.7236084e-06
C,2024-01-25,2024-01-25 15:53:00,0.0004651595497253691,0.0004651595497253691,7.5131145e-05
C,2024-01-25,2024-01-25 15:54:00,-0.0010228752092242832,-0.0010228752092242832,1.902859e-05
C,2024-01-25,2024-01-25 15:55:00,-0.0002792516056967509,-0.0002792516056967509,-3.1194464e-05
C,2024-01-25,2024-01-25 15:56:00,0.00027932960893850556,0.00027932960893850556,4.6225417e-05
C,2024-01-25,2024-01-25 15:57:00,0.00018616773713109325,0.00018616773713109325,0.00010826743
C,2024-01-25,2024-01-25 15:58:00,0.0003722661703120522,0.0003722661703120522,7.323362e-05
C,2024-01-26,2024-01-26 09:40:00,-0.0007417709782103765,-0.0007417709782103765,3.8781385e-05
C,2024-01-26,2024-01-26 09:41:00,-9.279020135488647e-05,-9.279020135488647e-05,6.997115e-05
C,2024-01-26,2024-01-26 09:42:00,-0.00018559762435021998,-0.00018559762435021998,7.049809e-05
C,2024-01-26,2024-01-26 09:43:00,-0.0007425283088918766,-0.0007425283088918766,5.7837235e-05
C,2024-01-26,2024-01-26 09:44:00,-9.28850083595778e-05,-9.28850083595778e-05,0.000118871365
C,2024-01-26,2024-01-26 09:45:00,0.0,0.0,0.00011595973
C,2024-01-26,2024-01-26 09:46:00,0.0007431490942868546,0.0007431490942868546,0.00011043029
C,2024-01-26,2024-01-26 09:47:00,0.0004641232711408705,0.0004641232711408705,-3.0106228e-05
C,2024-01-26,2024-01-26 09:48:00,-0.0006494711449247514,-0.0006494711449247514,3.6812817e-05
C,2024-01-26,2024-01-26 09:49:00,-0.0015783121344351558,-0.0015783121344351558,6.488056e-05
C,2024-01-26,2024-01-26 09:50:00,-0.0005579319323042453,-0.0005579319323042453,0.00047914
C,2024-01-26,2024-01-26 09:51:00,0.0,0.0,7.040891e-05
C,2024-01-26,2024-01-26 09:52:00,-0.00037216226274650044,-0.00037216226274650044,-3.7156624e-05
C,2024-01-26,2024-01-26 09:53:00,0.0022338049143708627,0.0022338049143708627,0.00016504998
C,2024-01-26,2024-01-26 09:54:00,-0.0005572065378900426,-0.0005572065378900426,-0.00059049705
C,2024-01-26,2024-01-26 09:55:00,-0.00037167812674232525,-0.00037167812674232525,-3.7520644e-05
C,2024-01-26,2024-01-26 09:56:00,-0.0008365867261571625,-0.0008365867261571625,-1.948403e-05
C,2024-01-26,2024-01-26 09:57:00,-0.00018606381989028087,-0.00018606381989028087,7.8885474e-05
C,2024-01-26,2024-01-26 09:58:00,0.00037219689215595153,0.00037219689215595153,2.854819e-05
C,2024-01-26,2024-01-26 09:59:00,0.00037205841317100585,0.00037205841317100585,2.4640398e-05
C,2024-01-26,2024-01-26 10:00:00,-0.00120874012087413,-0.00120874012087413,1.8760447e-05
C,2024-01-26,2024-01-26 10:01:00,-0.0005585552038727126,-0.0005585552038727126,0.00016564116
C,2024-01-26,2024-01-26 10:02:00,-0.0008383010432190252,-0.0008383010432190252,5.1465513e-06
C,2024-01-26,2024-01-26 10:03:00,0.0009322270905192109,0.0009322270905192109,3.0713814e-05
C,2024-01-26,2024-01-26 10:04:00,-0.0011176306230791244,-0.0011176306230791244,-3.4844503e-05
C,2024-01-26,2024-01-26 10:05:00,0.0007459207459208361,0.0007459207459208361,0.00016117969
C,2024-01-26,2024-01-26 10:06:00,0.000559023572160644,0.000559023572160644,1.8540517e-05
C,2024-01-26,2024-01-26 10:07:00,9.3118539901349e-05,9.3118539901349e-05,5.1205225e-05
C,2024-01-26,2024-01-26 10:08:00,9.310986964616852e-05,9.310986964616852e-05,4.9715076e-05
C,2024-01-26,2024-01-26 10:09:00,0.00018620240201117078,0.00018620240201117078,6.574093e-05
C,2024-01-26,2024-01-26 10:10:00,0.000744670948524373,0.000744670948524373,6.710832e-05
C,2024-01-26,2024-01-26 10:11:00,0.00037205841317100585,0.00037205841317100585,1.178738e-05
C,2024-01-26,2024-01-26 10:12:00,-9.29800092981381e-05,-9.29800092981381e-05,4.389803e-05
C,2024-01-26,2024-01-26 10:13:00,9.298865538420742e-05,9.298865538420742e-05,6.2776846e-05
C,2024-01-26,2024-01-26 10:14:00,-9.29800092981381e-05,-9.29800092981381e-05,4.9901504e-05
C,2024-01-26,2024-01-26 10:15:00,-0.0003719546215360525,-0.0003719546215360525,1.7103817e-05
C,2024-01-26,2024-01-26 10:16:00,-0.0011162790697675229,-0.0011162790697675229,1.6180169e-05
C,2024-01-26,2024-01-26 10:17:00,-9.312721177123784e-05,-9.312721177123784e-05,3.7285165e-05
C,2024-01-26,2024-01-26 10:18:00,0.0009313588525659,0.0009313588525659,1.1574417e-06
C,2024-01-26,2024-01-26 10:19:00,0.00027914766911707467,0.00027914766911707467,-0.0001072743
C,2024-01-26,2024-01-26 10:20:00,0.000279069767441964,0.000279069767441964,4.543112e-05
C,2024-01-26,2024-01-26 10:21:00,-0.0001859946061565365,-0.0001859946061565365,5.5328022e-05
C,2024-01-26,2024-01-26 10:22:00,0.0,0.0,1.85498e-05
C,2024-01-26,2024-01-26 10:23:00,0.00018602920658561395,0.00018602920658561395,5.2446027e-05
C,2024-01-26,2024-01-26 10:24:00,0.0006509811215473782,0.0006509811215473782,5.101489e-05
C,2024-01-26,2024-01-26 10:25:00,-0.00018587360594790603,-0.00018587360594790603,-2.6084575e-05
C,2024-01-26,2024-01-26 10:26:00,-0.00018590816136820898,-0.00018590816136820898,4.536592e-05
C,2024-01-26,2024-01-26 10:27:00,-9.29713648195607e-05,-9.29713648195607e-05,5.9303213e-05
C,2024-01-26,2024-01-26 10:28:00,0.0,0.0,5.3159452e-05
C,2024-01-26,2024-01-26 10:29:00,0.0001859600185958321,0.0001859600185958321,5.668471e-05
C,2024-01-26,2024-01-26 10:30:00,9.296272194858624e-05,9.296272194858624e-05,5.2321822e-05
C,2024-01-26,2024-01-26 10:31:00,9.295408068421551e-05,9.295408068421551e-05,1.0403432e-05
C,2024-01-26,2024-01-26 10:32:00,-0.001022399851287381,-0.001022399851287381,2.013137e-06
C,2024-01-26,2024-01-26 10:33:00,0.00027912169706012513,0.00027912169706012513,-2.6056852e-05
C,2024-01-26,2024-01-26 10:34:00,0.0010231606362198775,0.0010231606362198775,-1.0043199e-05
C,2024-01-26,2024-01-26 10:35:00,0.00018583906337110712,0.00018583906337110712,-0.00014181141
C,2024-01-26,2024-01-26 10:36:00,0.0,0.0,-1.8947267e-05
C,2024-01-26,2024-01-26 10:37:00,0.00046451133407643397,0.00046451133407643397,-5.0692847e-06
C,2024-01-26,2024-01-26 10:38:00,0.00018571826539148795,0.00018571826539148795,1.913061e-05
C,2024-01-26,2024-01-26 10:39:00,0.0006498932318261819,0.0006498932318261819,1.3029868e-05
C,2024-01-26,2024-01-26 10:40:00,-9.278159213199633e-05,-9.278159213199633e-05,-0.00010112871
C,2024-01-26,2024-01-26 10:41:00,0.0,0.0,3.52748e-06
C,2024-01-26,2024-01-26 10:42:00,0.0011134824162568613,0.0011134824162568613,1.4667735e-05
C,2024-01-26,2024-01-26 10:43:00,0.0005561219760865654,0.0005561219760865654,-7.945624e-05
C,2024-01-26,2024-01-26 10:44:00,0.0,0.0,1.721118e-05
C,2024-01-26,2024-01-26 10:45:00,-0.00037054191755436783,-0.00037054191755436783,1.162695e-05
C,2024-01-26,2024-01-26 10:46:00,-0.0007413585395236177,-0.0007413585395236177,2.2668832e-05
C,2024-01-26,2024-01-26 10:47:00,0.0,0.0,1.3807041e-05
C,2024-01-26,2024-01-26 10:48:00,-0.000556431419827419,-0.000556431419827419,1.0470598e-05
C,2024-01-26,2024-01-26 10:49:00,0.0005567412081282086,0.0005567412081282086,-2.5426358e-05
C,2024-01-26,2024-01-26 10:50:00,0.000185477139942547,0.000185477139942547,2.596645e-05
C,2024-01-26,2024-01-26 10:51:00,-0.00037088548910513275,-0.00037088548910513275,2.8418925e-05
C,2024-01-26,2024-01-26 10:52:00,9.275577404688207e-05,9.275577404688207e-05,6.3146003e-06
C,2024-01-26,2024-01-26 10:53:00,0.0,0.0,5.8739884e-06
C,2024-01-26,2024-01-26 10:54:00,0.0004637358560564131,0.0004637358560564131,5.0980918e-05
C,2024-01-26,2024-01-26 10:55:00,-0.0004635209047929578,-0.0004635209047929578,4.0244344e-05
C,2024-01-26,2024-01-26 10:56:00,-0.00018549434242254303,-0.00018549434242254303,-3.3295906e-05
C,2024-01-26,2024-01-26 10:57:00,0.00027829313543592527,0.00027829313543592527,-2.3988907e-05
C,2024-01-26,2024-01-26 10:58:00,0.000185477139942547,0.000185477139942547,6.8720997e-06
C,2024-01-26,2024-01-26 10:59:00,0.0003708854891053548,0.0003708854891053548,9.0859685e-06
C,2024-01-26,2024-01-26 11:00:00,-0.00027806098804339374,-0.00027806098804339374,-2.8376406e-05
C,2024-01-26,2024-01-26 11:01:00,-9.271277582056925e-05,-9.271277582056925e-05,-3.2533102e-05
C,2024-01-26,2024-01-26 11:02:00,-0.00018544274455256637,-0.00018544274455256637,-5.762319e-06
C,2024-01-26,2024-01-26 11:03:00,0.0,0.0,-3.1814292e-05
C,2024-01-26,2024-01-26 11:04:00,-0.00018547713994243598,-0.00018547713994243598,-2.3557557e-05
C,2024-01-26,2024-01-26 11:05:00,0.0005565346442817365,0.0005565346442817365,-1.4368947e-05
C,2024-01-26,2024-01-26 11:06:00,-0.00018540836191727195,-0.00018540836191727195,1.4217454e-05
C,2024-01-26,2024-01-26 11:07:00,-9.272137227622768e-05,-9.272137227622768e-05,-2.7195094e-05
C,2024-01-26,2024-01-26 11:08:00,-0.00027818991097927626,-0.00027818991097927626,5.4785032e-05
C,2024-01-26,2024-01-26 11:09:00,-0.00018551154809398618,-0.00018551154809398618,3.680782e-05
C,2024-01-26,2024-01-26 11:10:00,-9.277298450682814e-05,-9.277298450682814e-05,3.8268063e-05
C,2024-01-26,2024-01-26 11:11:00,-9.278159213199633e-05,-9.278159213199633e-05,5.710717e-05
C,2024-01-26,2024-01-26 11:12:00,0.0002783706040641043,0.0002783706040641043,3.893076e-05
C,2024-01-26,2024-01-26 11:13:00,-0.00037105751391475206,-0.00037105751391475206,5.2691084e-05
C,2024-01-26,2024-01-26 11:14:00,-0.00037119524870077303,-0.00037119524870077303,3.7033835e-05
C,2024-01-26,2024-01-26 11:15:00,-0.00018566654288898476,-0.00018566654288898476,4.0058647e-05
C,2024-01-26,2024-01-26 11:16:00,-9.285051067786654e-05,-9.285051067786654e-05,5.1610183e-05
C,2024-01-26,2024-01-26 11:17:00,-0.0009285913269569956,-0.0009285913269569956,4.4228807e-05
C,2024-01-26,2024-01-26 11:18:00,0.0,0.0,1.8308672e-05
C,2024-01-26,2024-01-26 11:19:00,0.0047402174923318885,0.0035927643341103705,9.20496e-05
C,2024-01-26,2024-01-26 11:20:00,-0.004717853839037889,-0.0037517827469371557,-0.00063821
C,2024-01-26,2024-01-26 11:21:00,0.0007435635282089237,0.0007435635282089237,0.00043782283
C,2024-01-26,2024-01-26 11:22:00,-0.00027862914460852206,-0.00027862914460852206,-1.04733e-06
C,2024-01-26,2024-01-26 11:23:00,-0.0005574136008918984,-0.0005574136008918984,2.822377e-05
C,2024-01-26,2024-01-26 11:24:00,9.295408068421551e-05,9.295408068421551e-05,5.147933e-05
C,2024-01-26,2024-01-26 11:25:00,-0.00018589088205234194,-0.00018589088205234194,0.0002602929
C,2024-01-26,2024-01-26 11:26:00,0.0005577763316910733,0.0005577763316910733,4.2106683e-05
C,2024-01-26,2024-01-26 11:27:00,0.0003716435937937135,0.0003716435937937135,5.414213e-05
C,2024-01-26,2024-01-26 11:28:00,0.0003715055261448441,0.0003715055261448441,4.6305147e-05
C,2024-01-26,2024-01-26 11:29:00,0.00037136756104350077,0.00037136756104350077,3.9808587e-05
C,2024-01-26,2024-01-26 11:30:00,-0.0003712296983757746,-0.0003712296983757746,2.5617028e-05
C,2024-01-26,2024-01-26 11:31:00,-0.0006498932318262929,-0.0006498932318262929,2.519831e-06
C,2024-01-26,2024-01-26 11:32:00,-0.0002787068004459492,-0.0002787068004459492,9.563105e-06
C,2024-01-26,2024-01-26 11:33:00,0.00018585633305456817,0.00018585633305456817,-3.6191993e-06
C,2024-01-26,2024-01-26 11:34:00,0.0007432871875872049,0.0007432871875872049,3.812926e-05
C,2024-01-26,2024-01-26 11:35:00,-0.0001856837805218614,-0.0001856837805218614,-5.3536027e-05
C,2024-01-26,2024-01-26 11:36:00,-0.0002785773980871209,-0.0002785773980871209,8.388222e-06
C,2024-01-26,2024-01-26 11:37:00,0.0007430800668772886,0.0007430800668772886,2.2161597e-05
C,2024-01-26,2024-01-26 11:38:00,-0.00027844811583443985,-0.00027844811583443985,-0.00014733057
C,2024-01-26,2024-01-26 11:39:00,-9.28418902609307e-05,-9.28418902609307e-05,-3.4637167e-05
C,2024-01-26,2024-01-26 11:40:00,9.285051067786654e-05,9.285051067786654e-05,-2.764047e-06
C,2024-01-26,2024-01-26 11:41:00,-0.0003713675610436118,-0.0003713675610436118,-1.2205822e-05
C,2024-01-26,2024-01-26 11:42:00,0.0002786291446086331,0.0002786291446086331,-8.367531e-06
C,2024-01-26,2024-01-26 11:43:00,-0.0004642525533889996,-0.0004642525533889996,1.0210225e-05
C,2024-01-26,2024-01-26 11:44:00,-0.0003715745471435383,-0.0003715745471435383,-1.4364383e-05
C,2024-01-26,2024-01-26 11:45:00,-0.00037171266610913634,-0.00037171266610913634,4.6156724e-06
C,2024-01-26,2024-01-26 11:46:00,0.0,0.0,4.35747e-06
C,2024-01-26,2024-01-26 11:47:00,0.0009296272194849742,0.0009296272194849742,4.8515694e-06
C,2024-01-26,2024-01-26 11:48:00,0.0004643819076808331,0.0004643819076808331,-0.00013824439
C,2024-01-26,2024-01-26 11:49:00,-0.0006498329001113357,-0.0006498329001113357,-1.675393e-05
C,2024-01-26,2024-01-26 11:50:00,-0.0003715745471435383,-0.0003715745471435383,1.2598412e-05
C,2024-01-26,2024-01-26 11:51:00,0.0,0.0,3.2813844e-06
C,2024-01-26,2024-01-26 11:52:00,0.00018585633305456817,0.00018585633305456817,3.7594382e-05
C,2024-01-26,2024-01-26 11:53:00,0.0,0.0,3.6224814e-05
C,2024-01-26,2024-01-26 11:54:00,-0.00018582179689674572,-0.00018582179689674572,3.2755655e-05
C,2024-01-26,2024-01-26 11:55:00,0.0005575689991637045,0.0005575689991637045,4.483768e-05
C,2024-01-26,2024-01-26 11:56:00,0.00018575276307242206,0.00018575276307242206,5.9050937e-05
C,2024-01-26,2024-01-26 11:57:00,-0.00018571826539137692,-0.00018571826539137692,3.1772728e-05
C,2024-01-26,2024-01-26 11:58:00,-0.00018575276307231103,-0.00018575276307231103,1.629711e-05
C,2024-01-26,2024-01-26 11:59:00,9.289363678588458e-05,9.289363678588458e-05,1.4979702e-07
C,2024-01-26,2024-01-26 12:00:00,-9.28850083595778e-05,-9.28850083595778e-05,-1.6448794e-06
C,2024-01-26,2024-01-26 12:01:00,-0.0003715745471435383,-0.0003715745471435383,-7.872704e-06
C,2024-01-26,2024-01-26 12:02:00,-0.00037171266610913634,-0.00037171266610913634,-1.911474e-06
C,2024-01-26,2024-01-26 12:03:00,0.0,0.0,1.2964256e-05
C,2024-01-26,2024-01-26 12:04:00,0.0003718508877941229,0.0003718508877941229,1.3740446e-05
C,2024-01-26,2024-01-26 12:05:00,-0.00018585633305445715,-0.00018585633305445715,5.065296e-05
C,2024-01-26,2024-01-26 12:06:00,-0.00018589088205234194,-0.00018589088205234194,4.9545917e-05
C,2024-01-26,2024-01-26 12:07:00,0.00018592544389717247,0.00018592544389717247,4.420632e-05
C,2024-01-26,2024-01-26 12:08:00,-9.294544102611546e-05,-9.294544102611546e-05,6.6470966e-05
C,2024-01-26,2024-01-26 12:09:00,-9.295408068421551e-05,-9.295408068421551e-05,4.3517433e-05
C,2024-01-26,2024-01-26 12:10:00,0.0,0.0,4.700775e-05
C,2024-01-26,2024-01-26 12:11:00,0.00018592544389717247,0.00018592544389717247,4.397848e-05
C,2024-01-26,2024-01-26 12:12:00,0.00037178176410446184,0.00037178176410446184,4.500057e-05
C,2024-01-26,2024-01-26 12:13:00,-0.0005574653906903482,-0.0005574653906903482,4.0475737e-05
C,2024-01-26,2024-01-26 12:14:00,0.00018592544389717247,0.00018592544389717247,3.6756806e-05
C,2024-01-26,2024-01-26 12:15:00,-0.00018589088205234194,-0.00018589088205234194,5.2096068e-05
C,2024-01-26,2024-01-26 12:16:00,0.0003718508877941229,0.0003718508877941229,4.77541e-05
C,2024-01-26,2024-01-26 12:17:00,-0.00018585633305445715,-0.00018585633305445715,5.9050937e-05
C,2024-01-26,2024-01-26 12:18:00,-9.294544102611546e-05,-9.294544102611546e-05,3.254399e-05
C,2024-01-26,2024-01-26 12:19:00,0.00046477040342063347,0.00046477040342063347,5.3857948e-05
C,2024-01-26,2024-01-26 12:20:00,-9.291089844831735e-05,-9.291089844831735e-05,5.5470533e-05
C,2024-01-26,2024-01-26 12:21:00,0.0002787585950567717,0.0002787585950567717,4.0511462e-05
C,2024-01-26,2024-01-26 12:22:00,-0.0006502554575011921,-0.0006502554575011921,3.3889944e-05
C,2024-01-26,2024-01-26 12:23:00,-0.00037181632273664,-0.00037181632273664,3.0508574e-05
C,2024-01-26,2024-01-26 12:24:00,0.0,0.0,4.396679e-05
C,2024-01-26,2024-01-26 12:25:00,0.0,0.0,6.631107e-05
C,2024-01-26,2024-01-26 12:26:00,9.298865538420742e-05,9.298865538420742e-05,3.8776976e-05
C,2024-01-26,2024-01-26 12:27:00,0.0004649000464898023,0.0004649000464898023,8.686359e-06
C,2024-01-26,2024-01-26 12:28:00,-9.293680297384199e-05,-9.293680297384199e-05,5.164017e-05
C,2024-01-26,2024-01-26 12:29:00,-0.0008365089692350391,-0.0008365089692350391,3.3712615e-05
C,2024-01-26,2024-01-26 12:30:00,-9.302325581383997e-05,-9.302325581383997e-05,3.807147e-05
C,2024-01-26,2024-01-26 12:31:00,-0.00037212763978067276,-0.00037212763978067276,6.175542e-05
C,2024-01-26,2024-01-26 12:32:00,0.0011167985109352685,0.0011167985109352685,0.00010448657
C,2024-01-26,2024-01-26 12:33:00,-0.0007437017755878017,-0.0007437017755878017,-6.257452e-05
C,2024-01-26,2024-01-26 12:34:00,-0.0007442552795610125,-0.0007442552795610125,-1.7671407e-05
C,2024-01-26,2024-01-26 12:35:00,-0.00018620240201094873,-0.00018620240201094873,2.5493127e-05
C,2024-01-26,2024-01-26 12:36:00,0.0,0.0,1.3563657e-06
C,2024-01-26,2024-01-26 12:37:00,-0.00037247415960528496,-0.00037247415960528496,7.985955e-06
C,2024-01-26,2024-01-26 12:38:00,0.0,0.0,-5.575223e-06
C,2024-01-26,2024-01-26 12:39:00,0.00027945971122500524,0.00027945971122500524,3.092839e-05
C,2024-01-26,2024-01-26 12:40:00,0.00027938163531393556,0.00027938163531393556,3.5264256e-05
C,2024-01-26,2024-01-26 12:41:00,-0.00037240480402189746,-0.00037240480402189746,4.905022e-05
C,2024-01-26,2024-01-26 12:42:00,0.0001862717705132244,0.0001862717705132244,3.0508574e-05
C,2024-01-26,2024-01-26 12:43:00,0.0,0.0,3.0857114e-05
C,2024-01-26,2024-01-26 12:44:00,0.0,0.0,3.8180682e-05
C,2024-01-26,2024-01-26 12:45:00,0.00018623707980247595,0.00018623707980247595,3.4725384e-05
C,2024-01-26,2024-01-26 12:46:00,-0.00018620240201094873,-0.00018620240201094873,1.4315345e-05
C,2024-01-26,2024-01-26 12:47:00,-0.00027935561970393596,-0.00027935561970393596,3.288714e-05
C,2024-01-26,2024-01-26 12:48:00,-0.0007451564828613311,-0.0007451564828613311,3.197193e-05
C,2024-01-26,2024-01-26 12:49:00,0.0006524981357196591,0.0006524981357196591,2.6282978e-06
C,2024-01-26,2024-01-26 12:50:00,-0.00027945971122500524,-0.00027945971122500524,-2.038696e-05
C,2024-01-26,2024-01-26 12:51:00,9.31792769287565e-05,9.31792769287565e-05,3.13912e-05
C,2024-01-26,2024-01-26 12:52:00,0.00018634119072014066,0.00018634119072014066,5.212186e-05
C,2024-01-26,2024-01-26 12:53:00,0.00037261294829993297,0.00037261294829993297,3.637107e-05
C,2024-01-26,2024-01-26 12:54:00,0.00037247415960517394,0.00037247415960517394,3.17869e-05
C,2024-01-26,2024-01-26 12:55:00,-0.00037233547426240854,-0.00037233547426240854,3.3912933e-05
C,2024-01-26,2024-01-26 12:56:00,0.00037247415960517394,0.00037247415960517394,1.4424343e-05
C,2024-01-26,2024-01-26 12:57:00,0.00027925160569663987,0.00027925160569663987,4.096549e-05
C,2024-01-26,2024-01-26 12:58:00,-0.00018611576400529017,-0.00018611576400529017,1.4303287e-05
C,2024-01-26,2024-01-26 12:59:00,-0.0002792256142963856,-0.0002792256142963856,2.8575143e-05
C,2024-01-26,2024-01-26 13:00:00,0.0002793036030164231,0.0002793036030164231,1.1501974e-05
C,2024-01-26,2024-01-26 13:01:00,0.0008376768428890458,0.0008376768428890458,4.210587e-05
C,2024-01-26,2024-01-26 13:02:00,0.0001859946061564255,0.0001859946061564255,-6.204406e-05
C,2024-01-26,2024-01-26 13:03:00,0.0001859600185958321,0.0001859600185958321,1.4147635e-05
C,2024-01-26,2024-01-26 13:04:00,-0.0001859254438968394,-0.0001859254438968394,3.0336807e-05
C,2024-01-26,2024-01-26 13:05:00,-0.00018596001859605416,-0.00018596001859605416,1.8026722e-05
C,2024-01-26,2024-01-26 13:06:00,-0.0005579838184692765,-0.0005579838184692765,4.1779742e-05
C,2024-01-26,2024-01-26 13:07:00,0.00046524611519505044,0.00046524611519505044,3.8068207e-05
C,2024-01-26,2024-01-26 13:08:00,0.0010230654761902436,0.0010230654761902436,4.3375803e-05
C,2024-01-26,2024-01-26 13:09:00,-0.00018582179689674572,-0.00018582179689674572,-7.000591e-05
C,2024-01-26,2024-01-26 13:10:00,0.0,0.0,1.4414264e-05
C,2024-01-26,2024-01-26 13:11:00,0.00018585633305456817,0.00018585633305456817,2.410739e-05
C,2024-01-26,2024-01-26 13:12:00,0.0,0.0,3.267195e-05
C,2024-01-26,2024-01-26 13:13:00,-0.0002787326953451741,-0.0002787326953451741,1.9898493e-05
C,2024-01-26,2024-01-26 13:14:00,-0.00046468401486976507,-0.00046468401486976507,-1.0934215e-05
C,2024-01-26,2024-01-26 13:15:00,0.0001859600185958321,0.0001859600185958321,9.056899e-06
C,2024-01-26,2024-01-26 13:16:00,0.0005577763316910733,0.0005577763316910733,3.951852e-06
C,2024-01-26,2024-01-26 13:17:00,-0.00018582179689674572,-0.00018582179689674572,2.8456889e-06
C,2024-01-26,2024-01-26 13:18:00,-0.00018585633305445715,-0.00018585633305445715,-2.3426768e-05
C,2024-01-26,2024-01-26 13:19:00,0.00037178176410446184,0.00037178176410446184,4.071115e-05
C,2024-01-26,2024-01-26 13:20:00,9.291089844842837e-05,9.291089844842837e-05,2.3521026e-05
C,2024-01-26,2024-01-26 13:21:00,0.00046451133407643397,0.00046451133407643397,2.6434771e-05
C,2024-01-26,2024-01-26 13:22:00,0.0,0.0,2.053098e-06
C,2024-01-26,2024-01-26 13:23:00,0.0,0.0,2.981385e-05
C,2024-01-26,2024-01-26 13:24:00,0.0009285913269569956,0.0009285913269569956,3.855736e-05
C,2024-01-26,2024-01-26 13:25:00,0.0,0.0,-4.0180905e-05
C,2024-01-26,2024-01-26 13:26:00,0.0014843677521105825,0.0014843677521105825,1.8746721e-05
C,2024-01-26,2024-01-26 13:27:00,-0.0015748031496063408,-0.0015748031496063408,-0.00045569512
C,2024-01-26,2024-01-26 13:28:00,0.0006494711449247514,0.0006494711449247514,0.00034110356
C,2024-01-26,2024-01-26 13:29:00,0.0005563282336578101,0.0005563282336578101,-5.957405e-05
C,2024-01-26,2024-01-26 13:30:00,-0.0007413585395236177,-0.0007413585395236177,-2.3142884e-06
C,2024-01-26,2024-01-26 13:31:00,-0.0002782157099137095,-0.0002782157099137095,2.5497162e-05
C,2024-01-26,2024-01-26 13:32:00,-0.0004638218923932458,-0.0004638218923932458,1.4707754e-06
C,2024-01-26,2024-01-26 13:33:00,0.00046403712296982924,0.00046403712296982924,6.6292673e-06
C,2024-01-26,2024-01-26 13:34:00,-0.0004638218923932458,-0.0004638218923932458,2.6269268e-05
C,2024-01-26,2024-01-26 13:35:00,-0.0008352668213457148,-0.0008352668213457148,7.8843485e-05
C,2024-01-26,2024-01-26 13:36:00,-0.0004644250417982221,-0.0004644250417982221,1.8416787e-05
C,2024-01-26,2024-01-26 13:37:00,-0.00018585633305445715,-0.00018585633305445715,2.2152179e-05
C,2024-01-26,2024-01-26 13:38:00,-9.294544102611546e-05,-9.294544102611546e-05,2.1920774e-05
C,2024-01-26,2024-01-26 13:39:00,-0.0010224948875255935,-0.0010224948875255935,6.802295e-06
C,2024-01-26,2024-01-26 13:40:00,-9.304922303887686e-05,-9.304922303887686e-05,2.378302e-05
C,2024-01-26,2024-01-26 13:41:00,-0.00018611576400529017,-0.00018611576400529017,2.6988143e-06
C,2024-01-26,2024-01-26 13:42:00,-0.0002792256142963856,-0.0002792256142963856,-1.0084027e-05
C,2024-01-26,2024-01-26 13:43:00,0.000744809608044017,0.000744809608044017,-2.4645024e-06
C,2024-01-26,2024-01-26 13:44:00,-9.303190994525146e-05,-9.303190994525146e-05,-4.841383e-05
C,2024-01-26,2024-01-26 13:45:00,0.00018608113137341675,0.00018608113137341675,2.3297484e-06
C,2024-01-26,2024-01-26 13:46:00,-0.00037209302325569293,-0.00037209302325569293,6.151944e-05
C,2024-01-26,2024-01-26 13:47:00,0.0,0.0,3.4466695e-05
C,2024-01-26,2024-01-26 13:48:00,0.00027917364600793526,0.00027917364600793526,4.5616453e-05
C,2024-01-26,2024-01-26 13:49:00,0.0,0.0,3.8180682e-05
C,2024-01-26,2024-01-26 13:50:00,-0.00018606381989028087,-0.00018606381989028087,5.2935822e-05
C,2024-01-26,2024-01-26 13:51:00,-0.0001860984460780868,-0.0001860984460780868,4.414143e-05
C,2024-01-26,2024-01-26 13:52:00,0.0002791996277338171,0.0002791996277338171,3.6238598e-05
C,2024-01-26,2024-01-26 13:53:00,-0.0005582433941196951,-0.0005582433941196951,3.5645346e-05
C,2024-01-26,2024-01-26 13:54:00,0.0004654626698938902,0.0004654626698938902,4.1550396e-05
C,2024-01-26,2024-01-26 13:55:00,9.304922303887686e-05,9.304922303887686e-05,3.2122794e-06
C,2024-01-26,2024-01-26 13:56:00,9.304056568670838e-05,9.304056568670838e-05,-1.5175537e-05
C,2024-01-26,2024-01-26 13:57:00,0.00018606381989005882,0.00018606381989005882,-5.863037e-06
C,2024-01-26,2024-01-26 13:58:00,-0.0003720584131707838,-0.0003720584131707838,1.5002264e-05
C,2024-01-26,2024-01-26 13:59:00,0.00037219689215595153,0.00037219689215595153,-2.4562073e-06
C,2024-01-26,2024-01-26 14:00:00,0.0,0.0,3.114868e-05
C,2024-01-26,2024-01-26 14:01:00,-0.00027904380987797683,-0.00027904380987797683,4.407934e-05
C,2024-01-26,2024-01-26 14:02:00,0.0006512839598065145,0.0006512839598065145,2.8575143e-05
C,2024-01-26,2024-01-26 14:03:00,-0.00018596001859605416,-0.00018596001859605416,-2.6324415e-05
C,2024-01-26,2024-01-26 14:04:00,0.0,0.0,2.6618613e-05
C,2024-01-26,2024-01-26 14:05:00,0.0001859946061564255,0.0001859946061564255,3.425063e-05
C,2024-01-26,2024-01-26 14:06:00,-0.00018596001859605416,-0.00018596001859605416,5.4045217e-05
C,2024-01-26,2024-01-26 14:07:00,0.0,0.0,2.8575143e-05
C,2024-01-26,2024-01-26 14:08:00,0.0,0.0,5.4785032e-05
C,2024-01-26,2024-01-26 14:09:00,0.00027899190923474926,0.00027899190923474926,3.86835e-05
C,2024-01-26,2024-01-26 14:10:00,-9.29713648195607e-05,-9.29713648195607e-05,3.9127706e-05
C,2024-01-26,2024-01-26 14:11:00,0.0,0.0,3.3570133e-05
C,2024-01-26,2024-01-26 14:12:00,9.298000929791606e-05,9.298000929791606e-05,4.7990543e-05
C,2024-01-26,2024-01-26 14:13:00,0.00046485682409813656,0.00046485682409813656,4.905022e-05
C,2024-01-26,2024-01-26 14:14:00,0.00027878449958174123,0.00027878449958174123,4.6196128e-05
C,2024-01-26,2024-01-26 14:15:00,9.290226681546443e-05,9.290226681546443e-05,3.5964094e-05
C,2024-01-26,2024-01-26 14:16:00,-0.00027868091035765374,-0.00027868091035765374,1.5435418e-05
C,2024-01-26,2024-01-26 14:17:00,9.291953168544254e-05,9.291953168544254e-05,3.037936e-05
C,2024-01-26,2024-01-26 14:18:00,0.0,0.0,-5.521108e-06
C,2024-01-26,2024-01-26 14:19:00,-0.00018582179689674572,-0.00018582179689674572,1.484049e-05
C,2024-01-26,2024-01-26 14:20:00,-0.00018585633305445715,-0.00018585633305445715,-1.1584914e-05
C,2024-01-26,2024-01-26 14:21:00,0.00037178176410446184,0.00037178176410446184,3.999101e-06
C,2024-01-26,2024-01-26 14:22:00,-0.0002787326953451741,-0.0002787326953451741,2.3901688e-05
C,2024-01-26,2024-01-26 14:23:00,-9.293680297384199e-05,-9.293680297384199e-05,3.5188343e-05
C,2024-01-26,2024-01-26 14:24:00,0.0,0.0,-8.3439145e-06
C,2024-01-26,2024-01-26 14:25:00,-0.0006506180871828082,-0.0006506180871828082,2.7741045e-05
C,2024-01-26,2024-01-26 14:26:00,0.00037202380952372494,0.00037202380952372494,3.1803538e-05
C,2024-01-26,2024-01-26 14:27:00,0.00037188545927846484,0.00037188545927846484,6.7615154e-05
C,2024-01-26,2024-01-26 14:28:00,-0.00027881040892197007,-0.00027881040892197007,3.1661457e-05
C,2024-01-26,2024-01-26 14:29:00,0.0,0.0,2.210783e-05
C,2024-01-26,2024-01-26 14:30:00,0.0006507390536396596,0.0006507390536396596,4.0047667e-05
C,2024-01-26,2024-01-26 14:31:00,-0.0006503158677072518,-0.0006503158677072518,-4.2077525e-05
C,2024-01-26,2024-01-26 14:32:00,0.00018592544389717247,0.00018592544389717247,-1.7551518e-05
C,2024-01-26,2024-01-26 14:33:00,0.0,0.0,6.06243e-05
C,2024-01-26,2024-01-26 14:34:00,0.0,0.0,3.0503801e-05
C,2024-01-26,2024-01-26 14:35:00,0.00037178176410446184,0.00037178176410446184,5.3691332e-05
C,2024-01-26,2024-01-26 14:36:00,0.0,0.0,3.1165095e-05
C,2024-01-26,2024-01-26 14:37:00,-0.00018582179689674572,-0.00018582179689674572,3.799481e-05
C,2024-01-26,2024-01-26 14:38:00,9.29281665273951e-05,9.29281665273951e-05,1.0451456e-05
C,2024-01-26,2024-01-26 14:39:00,0.00018583906337110712,0.00018583906337110712,4.44183e-05
C,2024-01-26,2024-01-26 14:40:00,0.0007432181345223832,0.0007432181345223832,6.9712047e-07
C,2024-01-26,2024-01-26 14:41:00,-0.0008354994430004314,-0.0008354994430004314,-4.5105393e-05
C,2024-01-26,2024-01-26 14:42:00,0.00018582179689685674,0.00018582179689685674,1.936033e-05
C,2024-01-26,2024-01-26 14:43:00,0.0005573618207153075,0.0005573618207153075,6.194491e-05
C,2024-01-26,2024-01-26 14:44:00,9.284189026081968e-05,9.284189026081968e-05,3.6410147e-05
C,2024-01-26,2024-01-26 14:45:00,-0.00027849981433347715,-0.00027849981433347715,1.2514592e-05
C,2024-01-26,2024-01-26 14:46:00,-9.285913269563295e-05,-9.285913269563295e-05,3.8776976e-05
C,2024-01-26,2024-01-26 14:47:00,0.0002786032689450213,0.0002786032689450213,4.4080563e-05
C,2024-01-26,2024-01-26 14:48:00,-0.0001856837805218614,-0.0001856837805218614,4.251385e-05
C,2024-01-26,2024-01-26 14:49:00,0.0002785773980871209,0.0002785773980871209,-1.5103848e-05
C,2024-01-26,2024-01-26 14:50:00,0.0005569996286669543,0.0005569996286669543,5.231135e-05
C,2024-01-26,2024-01-26 14:51:00,0.0001855631842642147,0.0001855631842642147,2.8517092e-05
C,2024-01-26,2024-01-26 14:52:00,-9.276437847871577e-05,-9.276437847871577e-05,1.2263186e-05
C,2024-01-26,2024-01-26 14:53:00,-0.00018554596901365628,-0.00018554596901365628,-9.304309e-06
C,2024-01-26,2024-01-26 14:54:00,-0.0001855804027095509,-0.0001855804027095509,2.19087e-05
C,2024-01-26,2024-01-26 14:55:00,-0.0001856148491879983,-0.0001856148491879983,-4.90262e-07
C,2024-01-26,2024-01-26 14:56:00,0.000556947925369089,0.000556947925369089,4.6585546e-06
C,2024-01-26,2024-01-26 14:57:00,0.00018554596901387832,0.00018554596901387832,2.5260604e-05
C,2024-01-26,2024-01-26 14:58:00,-0.00018551154809398618,-0.00018551154809398618,2.7492044e-05
C,2024-01-26,2024-01-26 14:59:00,9.277298450705018e-05,9.277298450705018e-05,3.3216253e-05
C,2024-01-26,2024-01-26 15:00:00,-9.276437847871577e-05,-9.276437847871577e-05,4.44183e-05
C,2024-01-26,2024-01-26 15:01:00,0.0004638649225345848,0.0004638649225345848,3.8878785e-05
C,2024-01-26,2024-01-26 15:02:00,0.00027818991097916523,0.00027818991097916523,1.9483574e-05
C,2024-01-26,2024-01-26 15:03:00,0.0001854083619170499,0.0001854083619170499,5.988324e-05
C,2024-01-26,2024-01-26 15:04:00,-0.0004634349800722859,-0.0004634349800722859,1.5880556e-05
C,2024-01-26,2024-01-26 15:05:00,0.0005563798219585525,0.0005563798219585525,4.6442034e-05
C,2024-01-26,2024-01-26 15:06:00,-0.0006487488415199971,-0.0006487488415199971,2.8797067e-05
C,2024-01-26,2024-01-26 15:07:00,-9.27385699712735e-05,-9.27385699712735e-05,9.848889e-07
C,2024-01-26,2024-01-26 15:08:00,0.00027824151363375904,0.00027824151363375904,3.8743306e-06
C,2024-01-26,2024-01-26 15:09:00,0.0001854427445526774,0.0001854427445526774,2.9797107e-05
C,2024-01-26,2024-01-26 15:10:00,-0.00018540836191727195,-0.00018540836191727195,5.3691332e-05
C,2024-01-26,2024-01-26 15:11:00,-0.00018544274455256637,-0.00018544274455256637,4.3874912e-05
C,2024-01-26,2024-01-26 15:12:00,-0.000556431419827419,-0.000556431419827419,4.9894992e-05
C,2024-01-26,2024-01-26 15:13:00,-0.0001855804027095509,-0.0001855804027095509,4.9599348e-05
C,2024-01-26,2024-01-26 15:14:00,-0.0003712296983757746,-0.0003712296983757746,9.0366586e-05
C,2024-01-26,2024-01-26 15:15:00,0.00018568378052163936,0.00018568378052163936,1.928118e-05
C,2024-01-26,2024-01-26 15:16:00,0.0,0.0,2.4952986e-05
C,2024-01-26,2024-01-26 15:17:00,-0.00037129861691254096,-0.00037129861691254096,7.9161255e-05
C,2024-01-26,2024-01-26 15:18:00,0.0,0.0,-8.992028e-06
C,2024-01-26,2024-01-26 15:19:00,-0.0005571547961742418,-0.0005571547961742418,-1.4215277e-06
C,2024-01-26,2024-01-26 15:20:00,0.0,0.0,-9.651483e-06
C,2024-01-26,2024-01-26 15:21:00,-0.0005574653906903482,-0.0005574653906903482,7.0924416e-06
C,2024-01-26,2024-01-26 15:22:00,0.0,0.0,-5.2159144e-06
C,2024-01-26,2024-01-26 15:23:00,0.0007437017755880238,0.0007437017755880238,5.601753e-06
C,2024-01-26,2024-01-26 15:24:00,-0.0003715745471435383,-0.0003715745471435383,-0.00011995343
C,2024-01-26,2024-01-26 15:25:00,-0.00037171266610913634,-0.00037171266610913634,-1.6478735e-06
C,2024-01-26,2024-01-26 15:26:00,-9.296272194836419e-05,-9.296272194836419e-05,1.3853241e-07
C,2024-01-26,2024-01-26 15:27:00,-0.00027891409445890414,-0.00027891409445890414,1.6945518e-05
C,2024-01-26,2024-01-26 15:28:00,0.0001859946061564255,0.0001859946061564255,1.4743714e-05
C,2024-01-26,2024-01-26 15:29:00,-0.00037192003719221933,-0.00037192003719221933,9.854845e-05
C,2024-01-26,2024-01-26 15:30:00,0.00037205841317100585,0.00037205841317100585,2.0799907e-05
C,2024-01-26,2024-01-26 15:31:00,0.0001859600185958321,0.0001859600185958321,5.3932024e-05
C,2024-01-26,2024-01-26 15:32:00,0.0,0.0,3.568238e-05
C,2024-01-26,2024-01-26 15:33:00,-0.0001859254438968394,-0.0001859254438968394,3.4237673e-05
C,2024-01-26,2024-01-26 15:34:00,0.0001859600185958321,0.0001859600185958321,1.05828685e-05
C,2024-01-26,2024-01-26 15:35:00,0.0,0.0,5.231135e-05
C,2024-01-26,2024-01-26 15:36:00,0.0,0.0,1.2781565e-05
C,2024-01-26,2024-01-26 15:37:00,9.296272194858624e-05,9.296272194858624e-05,4.905022e-05
C,2024-01-26,2024-01-26 15:38:00,-0.00037181632273664,-0.00037181632273664,3.7494032e-05
C,2024-01-26,2024-01-26 15:39:00,0.00037195462153616354,0.00037195462153616354,3.0862455e-05
C,2024-01-26,2024-01-26 15:40:00,-9.295408068421551e-05,-9.295408068421551e-05,2.0781967e-05
C,2024-01-26,2024-01-26 15:41:00,0.0005577763316910733,0.0005577763316910733,9.739267e-06
C,2024-01-26,2024-01-26 15:42:00,-0.00018582179689674572,-0.00018582179689674572,1.05157715e-05
C,2024-01-26,2024-01-26 15:43:00,0.0,0.0,8.338686e-06
C,2024-01-26,2024-01-26 15:44:00,-0.00018585633305445715,-0.00018585633305445715,2.9339659e-05
C,2024-01-26,2024-01-26 15:45:00,0.00018589088205223092,0.00018589088205223092,3.3272843e-06
C,2024-01-26,2024-01-26 15:46:00,0.00018585633305456817,0.00018585633305456817,1.7243088e-05
C,2024-01-26,2024-01-26 15:47:00,-0.00037164359379349143,-0.00037164359379349143,-4.4816325e-06
C,2024-01-26,2024-01-26 15:48:00,0.00018589088205223092,0.00018589088205223092,-1.3821114e-05
C,2024-01-26,2024-01-26 15:49:00,-0.00018585633305445715,-0.00018585633305445715,1.6668118e-05
C,2024-01-26,2024-01-26 15:50:00,-0.0005576726461566928,-0.0005576726461566928,8.003307e-05
C,2024-01-26,2024-01-26 15:51:00,-0.000743978424625813,-0.000743978424625813,4.51514e-05
C,2024-01-26,2024-01-26 15:52:00,0.0001861330851560261,0.0001861330851560261,6.5605804e-05
C,2024-01-26,2024-01-26 15:53:00,0.00037219689215595153,0.00037219689215595153,0.00014439669
C,2024-01-26,2024-01-26 15:54:00,-0.00037205841317089483,-0.00037205841317089483,9.316042e-05
C,2024-01-26,2024-01-26 15:55:00,-0.0006513445612728042,-0.0006513445612728042,8.660651e-05
C,2024-01-26,2024-01-26 15:56:00,-0.00018621973929244806,-0.00018621973929244806,0.000121333156
C,2024-01-26,2024-01-26 15:57:00,-0.0006518904823988869,-0.0006518904823988869,4.0912117e-05
C,2024-01-26,2024-01-26 15:58:00,0.0003727518404621488,0.0003727518404621488,8.653568e-07
C,2024-01-29,2024-01-29 09:40:00,0.0004663744053725605,0.0004663744053725605,0.00040008468
C,2024-01-29,2024-01-29 09:41:00,-0.0010255454036918188,-0.0010255454036918188,7.1595525e-05
C,2024-01-29,2024-01-29 09:42:00,0.00018665422305175206,0.00018665422305175206,-2.63603e-06
C,2024-01-29,2024-01-29 09:43:00,-0.0007464775590183548,-0.0007464775590183548,0.00010250797
C,2024-01-29,2024-01-29 09:44:00,0.00018675880100849085,0.00018675880100849085,0.00013436585
C,2024-01-29,2024-01-29 09:45:00,-0.0007468957146857802,-0.0007468957146857802,-3.667175e-05
C,2024-01-29,2024-01-29 09:46:00,0.00028029524432393593,0.00028029524432393593,-1.4194271e-05
C,2024-01-29,2024-01-29 09:47:00,0.0014010835045770165,0.0014010835045770165,-1.5751742e-06
C,2024-01-29,2024-01-29 09:48:00,-0.0007461990485962966,-0.0007461990485962966,-0.0005639774
C,2024-01-29,2024-01-29 09:49:00,0.0001866890693551504,0.0001866890693551504,-9.881042e-05
C,2024-01-29,2024-01-29 09:50:00,0.0005599626691554782,0.0005599626691554782,-4.207981e-05
C,2024-01-29,2024-01-29 09:51:00,0.0013058483350432137,0.0013058483350432137,1.5313866e-05
C,2024-01-29,2024-01-29 09:52:00,0.000745225896600088,0.000745225896600088,-0.0003275046
C,2024-01-29,2024-01-29 09:53:00,-9.308386856565765e-05,-9.308386856565765e-05,-0.00013104422
C,2024-01-29,2024-01-29 09:54:00,0.0015825730776390934,0.0015825730776390934,-7.147576e-05
C,2024-01-29,2024-01-29 09:55:00,9.294544102611546e-05,9.294544102611546e-05,-0.00060617406
C,2024-01-29,2024-01-29 09:56:00,9.293680297406404e-05,9.293680297406404e-05,-3.1411888e-05
C,2024-01-29,2024-01-29 09:57:00,-0.0004646408326363094,-0.0004646408326363094,3.6989586e-05
C,2024-01-29,2024-01-29 09:58:00,0.00027891409445901516,0.00027891409445901516,5.653371e-05
C,2024-01-29,2024-01-29 09:59:00,-9.294544102611546e-05,-9.294544102611546e-05,6.8968904e-05
C,2024-01-29,2024-01-29 10:00:00,-0.000557724484104738,-0.000557724484104738,5.6815617e-05
C,2024-01-29,2024-01-29 10:01:00,0.00037202380952372494,0.00037202380952372494,3.5863784e-05
C,2024-01-29,2024-01-29 10:02:00,9.297136481944968e-05,9.297136481944968e-05,3.675369e-05
C,2024-01-29,2024-01-29 10:03:00,0.0,0.0,3.5848083e-05
C,2024-01-29,2024-01-29 10:04:00,0.00018592544389717247,0.00018592544389717247,5.265432e-05
C,2024-01-29,2024-01-29 10:05:00,0.0004647272051305773,0.0004647272051305773,6.902924e-05
C,2024-01-29,2024-01-29 10:06:00,0.0005574136008918984,0.0005574136008918984,8.648421e-05
C,2024-01-29,2024-01-29 10:07:00,0.0007428040854224882,0.0007428040854224882,1.929609e-05
C,2024-01-29,2024-01-29 10:08:00,0.0006494711449247514,0.0006494711449247514,-4.1257794e-05
C,2024-01-29,2024-01-29 10:09:00,-0.0016689847009735415,-0.0016689847009735415,-9.4418436e-05
C,2024-01-29,2024-01-29 10:10:00,0.0005572582892170441,0.0005572582892170441,0.00034947522
C,2024-01-29,2024-01-29 10:11:00,9.282465422844055e-05,9.282465422844055e-05,6.765082e-05
C,2024-01-29,2024-01-29 10:12:00,0.0006497122702802116,0.0006497122702802116,2.962484e-05
C,2024-01-29,2024-01-29 10:13:00,0.0,0.0,-4.0612053e-05
C,2024-01-29,2024-01-29 10:14:00,0.00027826732214086825,0.00027826732214086825,-4.334683e-06
C,2024-01-29,2024-01-29 10:15:00,0.0008345697329377177,0.0008345697329377177,5.009855e-05
C,2024-01-29,2024-01-29 10:16:00,-0.0003706105809321292,-0.0003706105809321292,1.3026612e-05
C,2024-01-29,2024-01-29 10:17:00,0.0,0.0,-1.8699298e-05
C,2024-01-29,2024-01-29 10:18:00,0.0002780609880432827,0.0002780609880432827,4.921627e-05
C,2024-01-29,2024-01-29 10:19:00,0.00027798369162335135,0.00027798369162335135,4.8722213e-05
C,2024-01-29,2024-01-29 10:20:00,0.0,0.0,5.566063e-05
C,2024-01-29,2024-01-29 10:21:00,-0.0011116257526632145,-0.0011116257526632145,9.21524e-05
C,2024-01-29,2024-01-29 10:22:00,-0.000927385699712624,-0.000927385699712624,8.783001e-05
C,2024-01-29,2024-01-29 10:23:00,-9.282465422810748e-05,-9.282465422810748e-05,0.00012341588
C,2024-01-29,2024-01-29 10:24:00,0.0005569996286669543,0.0005569996286669543,-2.8027964e-05
C,2024-01-29,2024-01-29 10:25:00,0.00046390796066053674,0.00046390796066053674,-2.5935919e-05
C,2024-01-29,2024-01-29 10:26:00,0.000741908559769966,0.000741908559769966,7.924564e-05
C,2024-01-29,2024-01-29 10:27:00,0.0001853396348809877,0.0001853396348809877,-5.8416167e-06
C,2024-01-29,2024-01-29 10:28:00,0.0002779579356990691,0.0002779579356990691,1.3634177e-05
C,2024-01-29,2024-01-29 10:29:00,-9.262689885158881e-05,-9.262689885158881e-05,4.571875e-05
C,2024-01-29,2024-01-29 10:30:00,-0.0006484483557201992,-0.0006484483557201992,6.0144877e-05
C,2024-01-29,2024-01-29 10:31:00,-0.0009269558769001707,-0.0009269558769001707,5.824312e-05
C,2024-01-29,2024-01-29 10:32:00,0.00027834477639632205,0.00027834477639632205,-1.9918518e-05
C,2024-01-29,2024-01-29 10:33:00,0.0,0.0,0.000147221
C,2024-01-29,2024-01-29 10:34:00,-0.00027826732214086825,-0.00027826732214086825,0.00011607777
C,2024-01-29,2024-01-29 10:35:00,0.00046390796066053674,0.00046390796066053674,0.00012459114
C,2024-01-29,2024-01-29 10:36:00,0.0,0.0,4.361441e-05
C,2024-01-29,2024-01-29 10:37:00,-0.008624687007326326,-0.0036319589914071146,5.0268554e-05
C,2024-01-29,2024-01-29 10:38:00,0.009448082319925,0.003560691264071245,0.0008016042
C,2024-01-29,2024-01-29 10:39:00,-0.0005560189046427411,-0.0005560189046427411,-0.0006016019
C,2024-01-29,2024-01-29 10:40:00,0.0006490496059341488,0.0006490496059341488,4.5589255e-05
C,2024-01-29,2024-01-29 10:41:00,-0.0008339510748702761,-0.0008339510748702761,2.3408385e-05
C,2024-01-29,2024-01-29 10:42:00,-0.0008346471297411284,-0.0008346471297411284,-3.730918e-05
C,2024-01-29,2024-01-29 10:43:00,-0.0001856320772229969,-0.0001856320772229969,-6.6701235e-05
C,2024-01-29,2024-01-29 10:44:00,9.283327144449238e-05,9.283327144449238e-05,-3.3921293e-05
C,2024-01-29,2024-01-29 10:45:00,-0.0012067205049660634,-0.0012067205049660634,-4.7863363e-05
C,2024-01-29,2024-01-29 10:46:00,0.0008364312267659102,0.0008364312267659102,0.00044658803
C,2024-01-29,2024-01-29 10:47:00,-0.007335871482960221,-0.0036319589914071146,-0.00015571175
C,2024-01-29,2024-01-29 10:48:00,0.007577174929841002,0.003560691264071245,0.0006328551
C,2024-01-29,2024-01-29 10:49:00,-0.0006498932318262929,-0.0006498932318262929,-0.00084637804
C,2024-01-29,2024-01-29 10:50:00,0.00046451133407643397,0.00046451133407643397,-9.147987e-05
C,2024-01-29,2024-01-29 10:51:00,0.0,0.0,-5.3300482e-05
C,2024-01-29,2024-01-29 10:52:00,-0.00018571826539137692,-0.00018571826539137692,-8.362658e-05
C,2024-01-29,2024-01-29 10:53:00,0.0002786291446086331,0.0002786291446086331,-0.0001705357
C,2024-01-29,2024-01-29 10:54:00,-0.00018570102135562205,-0.00018570102135562205,-5.1952724e-05
C,2024-01-29,2024-01-29 10:55:00,-0.0007429420505201678,-0.0007429420505201678,-4.747093e-05
C,2024-01-29,2024-01-29 10:56:00,-9.293680297384199e-05,-9.293680297384199e-05,-5.52848e-05
C,2024-01-29,2024-01-29 10:57:00,0.0005576726461566928,0.0005576726461566928,-2.9610264e-05
C,2024-01-29,2024-01-29 10:58:00,0.0,0.0,-6.8534435e-05
C,2024-01-29,2024-01-29 10:59:00,-0.00018578727357188018,-0.00018578727357188018,-0.0001728564
C,2024-01-29,2024-01-29 11:00:00,0.00018582179689685674,0.00018582179689685674,-0.0001870723
C,2024-01-29,2024-01-29 11:01:00,0.00018578727357176916,0.00018578727357176916,-0.00015487226
C,2024-01-29,2024-01-29 11:02:00,0.00018575276307242206,0.00018575276307242206,-6.3721825e-05
C,2024-01-29,2024-01-29 11:03:00,-0.00018571826539137692,-0.00018571826539137692,-4.2830896e-05
C,2024-01-29,2024-01-29 11:04:00,-0.007151481378285474,-0.0036319589914071146,-4.9095826e-05
C,2024-01-29,2024-01-29 11:05:00,0.007951356407857713,0.003560691264071245,0.00061399164
C,2024-01-29,2024-01-29 11:06:00,-0.0001856148491879983,-0.0001856148491879983,-0.00063196354
C,2024-01-29,2024-01-29 11:07:00,-0.000556947925368867,-0.000556947925368867,-0.00012266377
C,2024-01-29,2024-01-29 11:08:00,0.0,0.0,-0.00013890107
C,2024-01-29,2024-01-29 11:09:00,9.287638153621103e-05,9.287638153621103e-05,-4.4931145e-05
C,2024-01-29,2024-01-29 11:10:00,-9.28677563150071e-05,-9.28677563150071e-05,-0.00017758583
C,2024-01-29,2024-01-29 11:11:00,0.00018575276307242206,0.00018575276307242206,-0.00014649986
C,2024-01-29,2024-01-29 11:12:00,0.00018571826539148795,0.00018571826539148795,-5.28831e-05
C,2024-01-29,2024-01-29 11:13:00,0.0,0.0,-9.590272e-05
C,2024-01-29,2024-01-29 11:14:00,-0.0004642094513045425,-0.0004642094513045425,-8.447296e-05
C,2024-01-29,2024-01-29 11:15:00,0.0006501950585175997,0.0006501950585175997,-0.00014024702
C,2024-01-29,2024-01-29 11:16:00,-0.000185649308456326,-0.000185649308456326,-0.00023498444
C,2024-01-29,2024-01-29 11:17:00,0.00046420945130432045,0.00046420945130432045,-0.0001617813
C,2024-01-29,2024-01-29 11:18:00,-0.00046399406087604955,-0.00046399406087604955,-7.754728e-05
C,2024-01-29,2024-01-29 11:19:00,0.0,0.0,-0.00017543162
C,2024-01-29,2024-01-29 11:20:00,-0.0003713675610436118,-0.0003713675610436118,-6.257024e-05
C,2024-01-29,2024-01-29 11:21:00,-0.0003715055261447331,-0.0003715055261447331,-0.00013086598
C,2024-01-29,2024-01-29 11:22:00,-0.001022019882932157,-0.001022019882932157,-0.00010455247
C,2024-01-29,2024-01-29 11:23:00,9.300595238093123e-05,9.300595238093123e-05,-0.00016695296
C,2024-01-29,2024-01-29 11:24:00,0.0001859946061564255,0.0001859946061564255,2.9443845e-06
C,2024-01-29,2024-01-29 11:25:00,-0.00018596001859605416,-0.00018596001859605416,-0.00013754435
C,2024-01-29,2024-01-29 11:26:00,0.000371989212312851,0.000371989212312851,-0.00010447891
C,2024-01-29,2024-01-29 11:27:00,0.00018592544389717247,0.00018592544389717247,-4.760417e-05
C,2024-01-29,2024-01-29 11:28:00,0.00037178176410446184,0.00037178176410446184,-6.874572e-05
C,2024-01-29,2024-01-29 11:29:00,0.0,0.0,-7.036222e-05
C,2024-01-29,2024-01-29 11:30:00,0.00018582179689685674,0.00018582179689685674,-8.875582e-05
C,2024-01-29,2024-01-29 11:31:00,-0.00018578727357188018,-0.00018578727357188018,-8.024713e-05
C,2024-01-29,2024-01-29 11:32:00,0.0,0.0,-0.00015477752
C,2024-01-29,2024-01-29 11:33:00,-0.006782495586732273,-0.0036319589914071146,-8.94263e-05
C,2024-01-29,2024-01-29 11:34:00,0.007296538821328413,0.003560691264071245,0.00050286966
C,2024-01-29,2024-01-29 11:35:00,0.0001857355126300142,0.0001857355126300142,-0.000683089
C,2024-01-29,2024-01-29 11:36:00,-0.0004642525533889996,-0.0004642525533889996,-9.531072e-05
C,2024-01-29,2024-01-29 11:37:00,0.0,0.0,-7.048231e-05
C,2024-01-29,2024-01-29 11:38:00,0.0,0.0,-3.7896156e-05
C,2024-01-29,2024-01-29 11:39:00,0.0007431490942868546,0.0007431490942868546,-0.00016465904
C,2024-01-29,2024-01-29 11:40:00,-0.00037129861691254096,-0.00037129861691254096,-0.00015323833
C,2024-01-29,2024-01-29 11:41:00,-0.00018571826539137692,-0.00018571826539137692,-0.00012267339
C,2024-01-29,2024-01-29 11:42:00,0.00018575276307242206,0.00018575276307242206,-0.000101334896
C,2024-01-29,2024-01-29 11:43:00,9.2859132695855e-05,9.2859132695855e-05,-5.081874e-05
C,2024-01-29,2024-01-29 11:44:00,9.285051067786654e-05,9.285051067786654e-05,-6.0378457e-05
C,2024-01-29,2024-01-29 11:45:00,0.00046420945130432045,0.00046420945130432045,-5.7549536e-05
C,2024-01-29,2024-01-29 11:46:00,-0.00046399406087604955,-0.00046399406087604955,-8.1044345e-05
C,2024-01-29,2024-01-29 11:47:00,-0.0001856837805218614,-0.0001856837805218614,-3.8981238e-05
C,2024-01-29,2024-01-29 11:48:00,0.00046429566347860884,0.00046429566347860884,-0.00011101664
C,2024-01-29,2024-01-29 11:49:00,9.281603861133192e-05,9.281603861133192e-05,7.310452e-05
C,2024-01-29,2024-01-29 11:50:00,-0.0005568445475637729,-0.0005568445475637729,5.224648e-05
C,2024-01-29,2024-01-29 11:51:00,0.00018571826539148795,0.00018571826539148795,5.6942576e-05
C,2024-01-29,2024-01-29 11:52:00,-0.0003713675610436118,-0.0003713675610436118,9.749439e-05
C,2024-01-29,2024-01-29 11:53:00,0.00018575276307242206,0.00018575276307242206,7.466225e-05
C,2024-01-29,2024-01-29 11:54:00,0.0,0.0,6.928756e-06
C,2024-01-29,2024-01-29 11:55:00,-0.00018571826539137692,-0.00018571826539137692,1.5105401e-05
C,2024-01-29,2024-01-29 11:56:00,0.00018575276307242206,0.00018575276307242206,8.601143e-05
C,2024-01-29,2024-01-29 11:57:00,-0.007335871482960221,-0.0036319589914071146,7.704818e-05
C,2024-01-29,2024-01-29 11:58:00,0.007577174929841002,0.003560691264071245,0.000579971
C,2024-01-29,2024-01-29 11:59:00,-0.0006498932318262929,-0.0006498932318262929,-0.00054275664
C,2024-01-29,2024-01-29 12:00:00,-9.290226681535341e-05,-9.290226681535341e-05,-0.000100902485
C,2024-01-29,2024-01-29 12:01:00,0.0,0.0,-8.313031e-05
C,2024-01-29,2024-01-29 12:02:00,0.0,0.0,-7.8446494e-05
C,2024-01-29,2024-01-29 12:03:00,0.0,0.0,-0.00013937171
C,2024-01-29,2024-01-29 12:04:00,-0.00018582179689674572,-0.00018582179689674572,-2.5734253e-05
C,2024-01-29,2024-01-29 12:05:00,-0.00018585633305445715,-0.00018585633305445715,-5.1205097e-05
C,2024-01-29,2024-01-29 12:06:00,0.00037178176410446184,0.00037178176410446184,6.754643e-05
C,2024-01-29,2024-01-29 12:07:00,0.0,0.0,5.418132e-05
C,2024-01-29,2024-01-29 12:08:00,0.00018582179689685674,0.00018582179689685674,5.444619e-05
C,2024-01-29,2024-01-29 12:09:00,0.0003715745471435383,0.0003715745471435383,7.869071e-05
C,2024-01-29,2024-01-29 12:10:00,0.0,0.0,7.001741e-05
C,2024-01-29,2024-01-29 12:11:00,0.0,0.0,5.6946858e-05
C,2024-01-29,2024-01-29 12:12:00,-0.00018571826539137692,-0.00018571826539137692,5.440741e-05
C,2024-01-29,2024-01-29 12:13:00,-0.00018575276307231103,-0.00018575276307231103,5.630067e-05
C,2024-01-29,2024-01-29 12:14:00,0.0,0.0,9.016992e-06
C,2024-01-29,2024-01-29 12:15:00,0.0,0.0,9.88109e-06
C,2024-01-29,2024-01-29 12:16:00,0.00027868091035765374,0.00027868091035765374,9.139722e-05
C,2024-01-29,2024-01-29 12:17:00,-9.28677563150071e-05,-9.28677563150071e-05,8.32877e-05
C,2024-01-29,2024-01-29 12:18:00,0.0,0.0,2.5569567e-05
C,2024-01-29,2024-01-29 12:19:00,-0.0003715055261447331,-0.0003715055261447331,8.8513836e-05
C,2024-01-29,2024-01-29 12:20:00,0.00046455449224214185,0.00046455449224214185,6.47317e-05
C,2024-01-29,2024-01-29 12:21:00,-0.0003714710252601394,-0.0003714710252601394,8.105205e-05
C,2024-01-29,2024-01-29 12:22:00,0.0002787068004459492,0.0002787068004459492,-2.9041925e-05
C,2024-01-29,2024-01-29 12:23:00,9.287638153621103e-05,9.287638153621103e-05,9.775269e-05
C,2024-01-29,2024-01-29 12:24:00,-0.0003714710252601394,-0.0003714710252601394,-4.285656e-06
C,2024-01-29,2024-01-29 12:25:00,0.0002787068004459492,0.0002787068004459492,6.238101e-05
C,2024-01-29,2024-01-29 12:26:00,-0.0003715055261447331,-0.0003715055261447331,3.296469e-05
C,2024-01-29,2024-01-29 12:27:00,-0.00037164359379349143,-0.00037164359379349143,5.6321926e-05
C,2024-01-29,2024-01-29 12:28:00,0.0002788363230783464,0.0002788363230783464,-4.847612e-07
C,2024-01-29,2024-01-29 12:29:00,9.291953168544254e-05,9.291953168544254e-05,8.917087e-05
C,2024-01-29,2024-01-29 12:30:00,-9.291089844831735e-05,-9.291089844831735e-05,6.723919e-05
C,2024-01-29,2024-01-29 12:31:00,0.00018583906337110712,0.00018583906337110712,8.12992e-05
C,2024-01-29,2024-01-29 12:32:00,-0.0068747677443329325,-0.0036319589914071146,3.127114e-05
C,2024-01-29,2024-01-29 12:33:00,0.006828811973807136,0.003560691264071245,0.000641278
C,2024-01-29,2024-01-29 12:34:00,0.00018582179689685674,0.00018582179689685674,-0.0006833269
C,2024-01-29,2024-01-29 12:35:00,0.00018578727357176916,0.00018578727357176916,7.317372e-05
C,2024-01-29,2024-01-29 12:36:00,9.287638153621103e-05,9.287638153621103e-05,2.9647208e-05
C,2024-01-29,2024-01-29 12:37:00,-9.28677563150071e-05,-9.28677563150071e-05,6.825144e-05
C,2024-01-29,2024-01-29 12:38:00,9.287638153621103e-05,9.287638153621103e-05,-1.4703548e-05
C,2024-01-29,2024-01-29 12:39:00,-0.0002786032689450213,-0.0002786032689450213,4.7362737e-05
C,2024-01-29,2024-01-29 12:40:00,-0.00027868091035765374,-0.00027868091035765374,-1.849432e-05
C,2024-01-29,2024-01-29 12:41:00,-0.0002787585950566607,-0.0002787585950566607,1.4140327e-05
C,2024-01-29,2024-01-29 12:42:00,9.294544102611546e-05,9.294544102611546e-05,-2.1163567e-06
C,2024-01-29,2024-01-29 12:43:00,0.00027881040892197007,0.00027881040892197007,3.1289375e-05
C,2024-01-29,2024-01-29 12:44:00,-0.0005574653906903482,-0.0005574653906903482,6.610434e-05
C,2024-01-29,2024-01-29 12:45:00,-0.0007437017755878017,-0.0007437017755878017,5.4062013e-05
C,2024-01-29,2024-01-29 12:46:00,9.303190994502941e-05,9.303190994502941e-05,0.00016763029
C,2024-01-29,2024-01-29 12:47:00,-9.302325581383997e-05,-9.302325581383997e-05,0.00011307242
C,2024-01-29,2024-01-29 12:48:00,9.303190994502941e-05,9.303190994502941e-05,0.00015239074
C,2024-01-29,2024-01-29 12:49:00,0.00046511627906986597,0.00046511627906986597,0.0001224883
C,2024-01-29,2024-01-29 12:50:00,-0.00037192003719221933,-0.00037192003719221933,6.216065e-05
C,2024-01-29,2024-01-29 12:51:00,-0.0007441168263415676,-0.0007441168263415676,6.4864544e-05
C,2024-01-29,2024-01-29 12:52:00,-0.0002792516056967509,-0.0002792516056967509,1.6609429e-05
C,2024-01-29,2024-01-29 12:53:00,0.0,0.0,8.874005e-06
C,2024-01-29,2024-01-29 12:54:00,9.310986964616852e-05,9.310986964616852e-05,1.4160477e-05
C,2024-01-29,2024-01-29 12:55:00,0.0,0.0,2.4231136e-05
C,2024-01-29,2024-01-29 12:56:00,-0.00018620240201094873,-0.00018620240201094873,2.5997204e-05
C,2024-01-29,2024-01-29 12:57:00,0.0,0.0,6.2272256e-06
C,2024-01-29,2024-01-29 12:58:00,0.0,0.0,3.7166497e-05
C,2024-01-29,2024-01-29 12:59:00,-0.00037247415960528496,-0.00037247415960528496,2.0962996e-05
C,2024-01-29,2024-01-29 13:00:00,-0.00037261294829993297,-0.00037261294829993297,-7.522862e-06
C,2024-01-29,2024-01-29 13:01:00,0.0,0.0,2.1909862e-05
C,2024-01-29,2024-01-29 13:02:00,0.0001863759202309634,0.0001863759202309634,2.629076e-05
C,2024-01-29,2024-01-29 13:03:00,0.0,0.0,2.979334e-05
C,2024-01-29,2024-01-29 13:04:00,0.00018634119072014066,0.00018634119072014066,2.5701038e-05
C,2024-01-29,2024-01-29 13:05:00,0.0001863064741500775,0.0001863064741500775,5.278511e-06
C,2024-01-29,2024-01-29 13:06:00,-0.0001862717705132244,-0.0001862717705132244,5.7428075e-05
C,2024-01-29,2024-01-29 13:07:00,0.0001863064741500775,0.0001863064741500775,1.17387635e-05
C,2024-01-29,2024-01-29 13:08:00,0.0001862717705132244,0.0001862717705132244,2.4543077e-05
C,2024-01-29,2024-01-29 13:09:00,0.0,0.0,2.8229868e-05
C,2024-01-29,2024-01-29 13:10:00,0.00037247415960517394,0.00037247415960517394,4.5941883e-06
C,2024-01-29,2024-01-29 13:11:00,0.0,0.0,6.843645e-05
C,2024-01-29,2024-01-29 13:12:00,9.308386856554662e-05,9.308386856554662e-05,1.6027818e-05
C,2024-01-29,2024-01-29 13:13:00,9.307520476542486e-05,9.307520476542486e-05,6.290612e-05
C,2024-01-29,2024-01-29 13:14:00,0.0,0.0,3.681593e-05
C,2024-01-29,2024-01-29 13:15:00,0.0001861330851560261,0.0001861330851560261,6.861703e-05
C,2024-01-29,2024-01-29 13:16:00,-0.0003721968921558405,-0.0003721968921558405,9.586787e-05
C,2024-01-29,2024-01-29 13:17:00,0.0,0.0,4.0240226e-05
C,2024-01-29,2024-01-29 13:18:00,9.308386856554662e-05,9.308386856554662e-05,7.450021e-05
C,2024-01-29,2024-01-29 13:19:00,9.307520476542486e-05,9.307520476542486e-05,8.5808795e-05
C,2024-01-29,2024-01-29 13:20:00,0.0001861330851560261,0.0001861330851560261,6.774157e-05
C,2024-01-29,2024-01-29 13:21:00,0.0,0.0,4.9867016e-05
C,2024-01-29,2024-01-29 13:22:00,0.00037219689215595153,0.00037219689215595153,7.072092e-05
C,2024-01-29,2024-01-29 13:23:00,0.0,0.0,6.807019e-05
C,2024-01-29,2024-01-29 13:24:00,0.00027904380987808786,0.00027904380987808786,7.023898e-05
C,2024-01-29,2024-01-29 13:25:00,-9.298865538398537e-05,-9.298865538398537e-05,6.823359e-05
C,2024-01-29,2024-01-29 13:26:00,-9.299730307810172e-05,-9.299730307810172e-05,4.2795305e-05
C,2024-01-29,2024-01-29 13:27:00,9.300595238093123e-05,9.300595238093123e-05,4.3332715e-05
C,2024-01-29,2024-01-29 13:28:00,0.0,0.0,7.9281825e-05
C,2024-01-29,2024-01-29 13:29:00,0.0,0.0,8.837932e-06
C,2024-01-29,2024-01-29 13:30:00,0.0,0.0,1.9739806e-05
C,2024-01-29,2024-01-29 13:31:00,-9.299730307810172e-05,-9.299730307810172e-05,7.639741e-05
C,2024-01-29,2024-01-29 13:32:00,-0.0002790178571429047,-0.0002790178571429047,3.7003265e-05
C,2024-01-29,2024-01-29 13:33:00,0.0003721276397803397,0.0003721276397803397,2.1970463e-07
C,2024-01-29,2024-01-29 13:34:00,0.0,0.0,4.511507e-05
C,2024-01-29,2024-01-29 13:35:00,0.0,0.0,-1.3988383e-05
C,2024-01-29,2024-01-29 13:36:00,0.0001859946061564255,0.0001859946061564255,-2.9078104e-05
C,2024-01-29,2024-01-29 13:37:00,0.0,0.0,8.594674e-06
C,2024-01-29,2024-01-29 13:38:00,-0.00037192003719221933,-0.00037192003719221933,3.3806675e-05
C,2024-01-29,2024-01-29 13:39:00,-0.00018602920658528088,-0.00018602920658528088,5.0581908e-05
C,2024-01-29,2024-01-29 13:40:00,-0.00018606381989028087,-0.00018606381989028087,1.762048e-05
C,2024-01-29,2024-01-29 13:41:00,0.00018609844607797577,0.00018609844607797577,1.8285222e-05
C,2024-01-29,2024-01-29 13:42:00,-0.00018606381989028087,-0.00018606381989028087,2.543706e-05
C,2024-01-29,2024-01-29 13:43:00,-0.0001860984460780868,-0.0001860984460780868,2.2782982e-05
C,2024-01-29,2024-01-29 13:44:00,0.0,0.0,-2.9078104e-05
C,2024-01-29,2024-01-29 13:45:00,0.0001861330851560261,0.0001861330851560261,5.6355555e-05
C,2024-01-29,2024-01-29 13:46:00,9.304922303887686e-05,9.304922303887686e-05,5.046133e-06
C,2024-01-29,2024-01-29 13:47:00,-9.304056568659735e-05,-9.304056568659735e-05,4.0453182e-05
C,2024-01-29,2024-01-29 13:48:00,0.0,0.0,-1.0887849e-05
C,2024-01-29,2024-01-29 13:49:00,0.0,0.0,3.0364969e-05
C,2024-01-29,2024-01-29 13:50:00,-0.0001860984460780868,-0.0001860984460780868,9.075981e-06
C,2024-01-29,2024-01-29 13:51:00,0.0001861330851560261,0.0001861330851560261,4.2997304e-05
C,2024-01-29,2024-01-29 13:52:00,-0.005303805713222198,-0.0036319589914071146,3.415903e-05
C,2024-01-29,2024-01-29 13:53:00,0.00570626753975656,0.003560691264071245,0.00065166457
C,2024-01-29,2024-01-29 13:54:00,-0.00018602920658528088,-0.00018602920658528088,-0.0006271064
C,2024-01-29,2024-01-29 13:55:00,-0.00018606381989028087,-0.00018606381989028087,-6.7466067e-06
C,2024-01-29,2024-01-29 13:56:00,0.0,0.0,5.61644e-05
C,2024-01-29,2024-01-29 13:57:00,-0.005303805713222198,-0.0036319589914071146,0.000100836274
C,2024-01-29,2024-01-29 13:58:00,0.005612722170252438,0.003560691264071245,0.00041333833
C,2024-01-29,2024-01-29 13:59:00,0.00046511627906986597,0.00046511627906986597,-0.00045437808
C,2024-01-29,2024-01-29 14:00:00,-0.00037192003719221933,-0.00037192003719221933,9.010538e-06
C,2024-01-29,2024-01-29 14:01:00,0.00018602920658561395,0.00018602920658561395,1.5607166e-05
C,2024-01-29,2024-01-29 14:02:00,-0.00037198921231273996,-0.00037198921231273996,7.2986535e-05
C,2024-01-29,2024-01-29 14:03:00,-0.00018606381989028087,-0.00018606381989028087,-7.909032e-05
C,2024-01-29,2024-01-29 14:04:00,0.0,0.0,3.3141978e-06
C,2024-01-29,2024-01-29 14:05:00,0.0,0.0,2.8556597e-05
C,2024-01-29,2024-01-29 14:06:00,0.0,0.0,2.8704215e-05
C,2024-01-29,2024-01-29 14:07:00,0.00018609844607797577,0.00018609844607797577,2.4145572e-06
C,2024-01-29,2024-01-29 14:08:00,0.00018606381989005882,0.00018606381989005882,2.1712323e-05
C,2024-01-29,2024-01-29 14:09:00,0.00027904380987808786,0.00027904380987808786,5.1663374e-05
C,2024-01-29,2024-01-29 14:10:00,0.00046494327692037096,0.00046494327692037096,7.6414464e-05
C,2024-01-29,2024-01-29 14:11:00,0.0,0.0,6.258482e-05
C,2024-01-29,2024-01-29 14:12:00,0.00018589088205223092,0.00018589088205223092,-1.2373237e-06
C,2024-01-29,2024-01-29 14:13:00,-0.00018585633305445715,-0.00018585633305445715,5.755875e-05
C,2024-01-29,2024-01-29 14:14:00,0.00037178176410446184,0.00037178176410446184,4.8271526e-05
C,2024-01-29,2024-01-29 14:15:00,0.0,0.0,7.721058e-05
C,2024-01-29,2024-01-29 14:16:00,-0.0005574653906903482,-0.0005574653906903482,6.262278e-05
C,2024-01-29,2024-01-29 14:17:00,0.0,0.0,4.0777497e-05
C,2024-01-29,2024-01-29 14:18:00,-0.00037185088779390085,-0.00037185088779390085,8.283652e-05
C,2024-01-29,2024-01-29 14:19:00,-0.005858830093927181,-0.0036319589914071146,2.967396e-05
C,2024-01-29,2024-01-29 14:20:00,0.00570626753975656,0.003560691264071245,0.0008251988
C,2024-01-29,2024-01-29 14:21:00,0.0,0.0,-0.000607449
C,2024-01-29,2024-01-29 14:22:00,0.0,0.0,5.377167e-05
C,2024-01-29,2024-01-29 14:23:00,9.3014603292918e-05,9.3014603292918e-05,0.00010564313
C,2024-01-29,2024-01-29 14:24:00,-0.0002790178571429047,-0.0002790178571429047,8.323601e-05
C,2024-01-29,2024-01-29 14:25:00,-0.0002790957298353103,-0.0002790957298353103,-1.3452126e-06
C,2024-01-29,2024-01-29 14:26:00,9.305788200242304e-05,9.305788200242304e-05,0.00011516322
C,2024-01-29,2024-01-29 14:27:00,0.00018609844607797577,0.00018609844607797577,7.065039e-05
C,2024-01-29,2024-01-29 14:28:00,9.303190994502941e-05,9.303190994502941e-05,7.292191e-05
C,2024-01-29,2024-01-29 14:29:00,-0.00027906976744185297,-0.00027906976744185297,7.187186e-05
C,2024-01-29,2024-01-29 14:30:00,0.00018609844607797577,0.00018609844607797577,7.676668e-05
C,2024-01-29,2024-01-29 14:31:00,-9.303190994525146e-05,-9.303190994525146e-05,9.616106e-05
C,2024-01-29,2024-01-29 14:32:00,0.0002791216970599031,0.0002791216970599031,4.8149454e-05
C,2024-01-29,2024-01-29 14:33:00,0.00018602920658561395,0.00018602920658561395,8.2241815e-05
C,2024-01-29,2024-01-29 14:34:00,-0.0001859946061565365,-0.0001859946061565365,7.849933e-05
C,2024-01-29,2024-01-29 14:35:00,9.3014603292918e-05,9.3014603292918e-05,3.759318e-05
C,2024-01-29,2024-01-29 14:36:00,-0.0002790178571429047,-0.0002790178571429047,4.0189647e-05
C,2024-01-29,2024-01-29 14:37:00,0.0,0.0,6.262709e-05
C,2024-01-29,2024-01-29 14:38:00,0.0011163829193412411,0.0011163829193412411,2.1278232e-05
C,2024-01-29,2024-01-29 14:39:00,-0.0005575689991634825,-0.0005575689991634825,-9.886283e-05
C,2024-01-29,2024-01-29 14:40:00,-0.00018596001859605416,-0.00018596001859605416,-8.825105e-06
C,2024-01-29,2024-01-29 14:41:00,0.000371989212312851,0.000371989212312851,4.0151805e-05
C,2024-01-29,2024-01-29 14:42:00,0.0,0.0,4.2453565e-05
C,2024-01-29,2024-01-29 14:43:00,-0.00037185088779390085,-0.00037185088779390085,2.4177472e-05
C,2024-01-29,2024-01-29 14:44:00,-0.0001859946061565365,-0.0001859946061565365,7.45607e-05
C,2024-01-29,2024-01-29 14:45:00,0.00037205841317100585,0.00037205841317100585,5.4032655e-05
C,2024-01-29,2024-01-29 14:46:00,0.0,0.0,6.6149325e-05
C,2024-01-29,2024-01-29 14:47:00,-0.00018596001859605416,-0.00018596001859605416,5.8013637e-05
C,2024-01-29,2024-01-29 14:48:00,0.0,0.0,8.1760176e-05
C,2024-01-29,2024-01-29 14:49:00,0.0001859946061564255,0.0001859946061564255,0.00010101981
C,2024-01-29,2024-01-29 14:50:00,0.0,0.0,6.407829e-05
C,2024-01-29,2024-01-29 14:51:00,0.0,0.0,7.856304e-05
C,2024-01-29,2024-01-29 14:52:00,0.0,0.0,1.5395057e-05
C,2024-01-29,2024-01-29 14:53:00,0.0,0.0,-9.326497e-06
C,2024-01-29,2024-01-29 14:54:00,9.298000929791606e-05,9.298000929791606e-05,1.8776078e-05
C,2024-01-29,2024-01-29 14:55:00,0.00027891409445901516,0.00027891409445901516,1.1766442e-05
C,2024-01-29,2024-01-29 14:56:00,0.0,0.0,-4.514371e-06
C,2024-01-29,2024-01-29 14:57:00,-0.00018589088205234194,-0.00018589088205234194,-4.685242e-06
C,2024-01-29,2024-01-29 14:58:00,0.0,0.0,2.1606747e-05
C,2024-01-29,2024-01-29 14:59:00,0.001673328995072998,0.001673328995072998,3.928744e-05
C,2024-01-29,2024-01-29 15:00:00,0.0011136890951275458,0.0011136890951275458,-0.0006633448
C,2024-01-29,2024-01-29 15:01:00,-0.0005562250857513718,-0.0005562250857513718,-6.72817e-05
C,2024-01-29,2024-01-29 15:02:00,-0.0007420461923756116,-0.0007420461923756116,3.856273e-05
C,2024-01-29,2024-01-29 15:03:00,0.000556947925369089,0.000556947925369089,0.00010179614
C,2024-01-29,2024-01-29 15:04:00,-0.00018554596901365628,-0.00018554596901365628,7.055128e-05
C,2024-01-29,2024-01-29 15:05:00,0.00018558040270932885,0.00018558040270932885,1.971702e-05
C,2024-01-29,2024-01-29 15:06:00,0.0005566379070414129,0.0005566379070414129,6.1147795e-05
C,2024-01-29,2024-01-29 15:07:00,0.0005563282336578101,0.0005563282336578101,6.8662725e-05
C,2024-01-29,2024-01-29 15:08:00,-0.0005560189046427411,-0.0005560189046427411,2.8625107e-05
C,2024-01-29,2024-01-29 15:09:00,0.0,0.0,4.494099e-05
C,2024-01-29,2024-01-29 15:10:00,0.0005563282336578101,0.0005563282336578101,5.4154705e-05
C,2024-01-29,2024-01-29 15:11:00,-0.009359651561486326,-0.0036319589914071146,4.250347e-05
C,2024-01-29,2024-01-29 15:12:00,0.009354536950420878,0.003560691264071245,0.0006549859
C,2024-01-29,2024-01-29 15:13:00,0.0002780352177942369,0.0002780352177942369,-0.00064745045
C,2024-01-29,2024-01-29 15:14:00,0.0004632632261649672,0.0004632632261649672,-3.371061e-05
C,2024-01-29,2024-01-29 15:15:00,0.0002778292276348626,0.0002778292276348626,3.423289e-05
C,2024-01-29,2024-01-29 15:16:00,0.0003703360799927058,0.0003703360799927058,-4.222073e-05
C,2024-01-29,2024-01-29 15:17:00,0.0008329477093937943,0.0008329477093937943,-6.557072e-05
C,2024-01-29,2024-01-29 15:18:00,0.0008322544849268532,0.0008322544849268532,-7.6614415e-05
C,2024-01-29,2024-01-29 15:19:00,9.239582370890176e-05,9.239582370890176e-05,-0.00014833911
C,2024-01-29,2024-01-29 15:20:00,9.23872875091547e-05,9.23872875091547e-05,4.163157e-05
C,2024-01-29,2024-01-29 15:21:00,0.00018475750577384709,0.00018475750577384709,6.466384e-05
C,2024-01-29,2024-01-29 15:22:00,0.00018472337674313444,0.00018472337674313444,7.4817224e-05
C,2024-01-29,2024-01-29 15:23:00,0.0007387570412782374,0.0007387570412782374,8.086615e-05
C,2024-01-29,2024-01-29 15:24:00,0.0005536587616499222,0.0005536587616499222,2.4218596e-05
C,2024-01-29,2024-01-29 15:25:00,-0.0003689015954994046,-0.0003689015954994046,6.385391e-05
C,2024-01-29,2024-01-29 15:26:00,-0.0005535566011625193,-0.0005535566011625193,6.0513394e-05
C,2024-01-29,2024-01-29 15:27:00,-0.0011077263915811875,-0.0011077263915811875,7.888485e-05
C,2024-01-29,2024-01-29 15:28:00,0.00046206450420460676,0.00046206450420460676,0.0001482863
C,2024-01-29,2024-01-29 15:29:00,0.0002771106595234052,0.0002771106595234052,0.00015503497
C,2024-01-29,2024-01-29 15:30:00,-9.234463015972416e-05,-9.234463015972416e-05,0.00012135033
C,2024-01-29,2024-01-29 15:31:00,-0.0017547100110824054,-0.0017547100110824054,0.00013653927
C,2024-01-29,2024-01-29 15:32:00,0.0018503099269127077,0.0018503099269127077,0.00051470066
C,2024-01-29,2024-01-29 15:33:00,0.0,0.0,-0.000537344
C,2024-01-29,2024-01-29 15:34:00,0.00018468926031967037,0.00018468926031967037,6.186476e-05
C,2024-01-29,2024-01-29 15:35:00,0.00036931031299047845,0.00036931031299047845,7.122577e-05
C,2024-01-29,2024-01-29 15:36:00,-0.0005537609598523785,-0.0005537609598523785,7.420059e-05
C,2024-01-29,2024-01-29 15:37:00,0.0,0.0,7.266062e-05
C,2024-01-29,2024-01-29 15:38:00,0.0,0.0,0.00015769467
C,2024-01-29,2024-01-29 15:39:00,-0.0001846892603193373,-0.0001846892603193373,8.553622e-05
C,2024-01-29,2024-01-29 15:40:00,-0.0001847233767434675,-0.0001847233767434675,8.757174e-05
C,2024-01-29,2024-01-29 15:41:00,0.00018475750577384709,0.00018475750577384709,0.00013954367
C,2024-01-29,2024-01-29 15:42:00,0.0,0.0,7.528708e-05
C,2024-01-29,2024-01-29 15:43:00,0.0,0.0,7.8349134e-05
C,2024-01-29,2024-01-29 15:44:00,-0.0007388935069734259,-0.0007388935069734259,7.6352204e-05
C,2024-01-29,2024-01-29 15:45:00,-0.00018485996857375842,-0.00018485996857375842,3.777807e-05
C,2024-01-29,2024-01-29 15:46:00,-0.0005546824443006804,-0.0005546824443006804,0.00010070352
C,2024-01-29,2024-01-29 15:47:00,0.0001849967625566773,0.0001849967625566773,0.00014819637
C,2024-01-29,2024-01-29 15:48:00,-0.0003699250901691986,-0.0003699250901691986,0.00015936156
C,2024-01-29,2024-01-29 15:49:00,0.0005550929780737679,0.0005550929780737679,0.00020310585
C,2024-01-29,2024-01-29 15:50:00,-0.00018492834026828664,-0.00018492834026828664,-5.022519e-06
C,2024-01-29,2024-01-29 15:51:00,-0.0001849625450845993,-0.0001849625450845993,-8.321516e-06
C,2024-01-29,2024-01-29 15:52:00,0.0001849967625566773,0.0001849967625566773,5.997425e-05
C,2024-01-29,2024-01-29 15:53:00,-0.0001849625450845993,-0.0001849625450845993,4.1899028e-05
C,2024-01-29,2024-01-29 15:54:00,0.0009249838127833865,0.0009249838127833865,4.0842144e-05
C,2024-01-29,2024-01-29 15:55:00,0.0,0.0,-0.000107470085
C,2024-01-29,2024-01-29 15:56:00,0.00018482580168166507,0.00018482580168166507,7.4077005e-05
C,2024-01-29,2024-01-29 15:57:00,0.00036958329483516295,0.00036958329483516295,0.00011507127
C,2024-01-29,2024-01-29 15:58:00,-0.000369446753486824,-0.000369446753486824,2.4133856e-06
C,2024-01-30,2024-01-30 09:40:00,0.0010854816824965585,0.0010854816824965585,0.0008819619
C,2024-01-30,2024-01-30 09:41:00,0.0028914791723142486,0.0028914791723142486,7.279045e-05
C,2024-01-30,2024-01-30 09:42:00,0.0011712766915938921,0.0011712766915938921,-0.0006987444
C,2024-01-30,2024-01-30 09:43:00,-0.0008099352051835762,-0.0008099352051835762,-0.00054568145
C,2024-01-30,2024-01-30 09:44:00,0.00018013149599216405,0.00018013149599216405,6.8227506e-05
C,2024-01-30,2024-01-30 09:45:00,-0.002971634398919565,-0.002971634398919565,-5.0876457e-05
C,2024-01-30,2024-01-30 09:46:00,-9.031791907510023e-05,-9.031791907510023e-05,0.0005932665
C,2024-01-30,2024-01-30 09:47:00,0.0022581519284616824,0.0022581519284616824,0.00033907843
C,2024-01-30,2024-01-30 09:48:00,0.00117159336697914,0.00117159336697914,-0.0004902357
C,2024-01-30,2024-01-30 09:49:00,0.0008101539292466597,0.0008101539292466597,-0.00069150183
C,2024-01-30,2024-01-30 09:50:00,-0.0007195538765966125,-0.0007195538765966125,-0.0003347437
C,2024-01-30,2024-01-30 09:51:00,0.0006300630063007517,0.0006300630063007517,4.3002517e-05
C,2024-01-30,2024-01-30 09:52:00,-8.99523252676504e-05,-8.99523252676504e-05,-0.00022210131
C,2024-01-30,2024-01-30 09:53:00,0.004318100035984207,0.0032316783316532283,0.00011401433
C,2024-01-30,2024-01-30 09:54:00,-0.0035829451809386015,-0.003140983963237315,-0.00053122954
C,2024-01-30,2024-01-30 09:55:00,0.0004494786048183652,0.0004494786048183652,0.0005381286
C,2024-01-30,2024-01-30 09:56:00,8.985533291405723e-05,8.985533291405723e-05,0.0001634307
C,2024-01-30,2024-01-30 09:57:00,-0.000269541778975646,-0.000269541778975646,4.8947248e-05
C,2024-01-30,2024-01-30 09:58:00,-0.00035948593511281324,-0.00035948593511281324,2.434871e-05
C,2024-01-30,2024-01-30 09:59:00,-0.0008990380293086853,-0.0008990380293086853,0.00030200128
C,2024-01-30,2024-01-30 10:00:00,0.0005399082156034574,0.0005399082156034574,0.00028307497
C,2024-01-30,2024-01-30 10:01:00,-0.0017987229067362165,-0.0017987229067362165,4.1179304e-05
C,2024-01-30,2024-01-30 10:02:00,0.0006306874493198222,0.0006306874493198222,0.0010725574
C,2024-01-30,2024-01-30 10:03:00,-0.0013506212857915534,-0.0013506212857915534,-4.0013438e-05
C,2024-01-30,2024-01-30 10:04:00,-0.0006311423676854666,-0.0006311423676854666,0.0009299233
C,2024-01-30,2024-01-30 10:05:00,0.00234572356549978,0.00234572356549978,0.0005296603
C,2024-01-30,2024-01-30 10:06:00,-0.0006300630063005297,-0.0006300630063005297,-0.00044082841
C,2024-01-30,2024-01-30 10:07:00,0.0015311177159327283,0.0015311177159327283,-2.1738153e-05
C,2024-01-30,2024-01-30 10:08:00,-0.0006294964028777938,-0.0006294964028777938,-0.0004153991
C,2024-01-30,2024-01-30 10:09:00,0.0008998470260055402,0.0008998470260055402,0.00011483554
C,2024-01-30,2024-01-30 10:10:00,-0.001168749438101191,-0.001168749438101191,-0.00019181106
C,2024-01-30,2024-01-30 10:11:00,0.0016201620162017427,0.0016201620162017427,0.00045380532
C,2024-01-30,2024-01-30 10:12:00,-0.001168224299065379,-0.001168224299065379,-0.00015254997
C,2024-01-30,2024-01-30 10:13:00,0.00026990553306349696,0.00026990553306349696,0.00031114413
C,2024-01-30,2024-01-30 10:14:00,-0.0002698327037237158,-0.0002698327037237158,0.00013460651
C,2024-01-30,2024-01-30 10:15:00,0.0008996851102114345,0.0008996851102114345,-7.39767e-05
C,2024-01-30,2024-01-30 10:16:00,0.0022471910112360494,0.0022471910112360494,4.2359323e-05
C,2024-01-30,2024-01-30 10:17:00,0.0006278026905828238,0.0006278026905828238,-0.00058292755
C,2024-01-30,2024-01-30 10:18:00,0.0014340772609124919,0.0014340772609124919,-2.9717645e-05
C,2024-01-30,2024-01-30 10:19:00,-0.0018795310122615705,-0.0018795310122615705,-0.0004230961
C,2024-01-30,2024-01-30 10:20:00,-0.0017037302725969594,-0.0017037302725969594,0.00040943557
C,2024-01-30,2024-01-30 10:21:00,0.0018862840204796338,0.0018862840204796338,0.0005679575
C,2024-01-30,2024-01-30 10:22:00,-0.0013448090371166455,-0.0013448090371166455,-0.00028472245
C,2024-01-30,2024-01-30 10:23:00,0.002154591974144804,0.002154591974144804,0.0007195556
C,2024-01-30,2024-01-30 10:24:00,-0.00017916330735456842,-0.00017916330735456842,-0.00039696068
C,2024-01-30,2024-01-30 10:25:00,-0.00035839082519495413,-0.00035839082519495413,-0.000103187165
C,2024-01-30,2024-01-30 10:26:00,0.000358519315228234,0.000358519315228234,0.000192485
C,2024-01-30,2024-01-30 10:27:00,0.0012543678881820064,0.0012543678881820064,-5.522472e-05
C,2024-01-30,2024-01-30 10:28:00,-0.001431767337807588,-0.001431767337807588,-0.0006055836
C,2024-01-30,2024-01-30 10:29:00,-0.00035845505869691596,-0.00035845505869691596,0.0006584481
C,2024-01-30,2024-01-30 10:30:00,0.00026893769610025764,0.00026893769610025764,7.3000025e-05
C,2024-01-30,2024-01-30 10:31:00,0.0008962179602078901,0.0008962179602078901,-2.7957301e-05
C,2024-01-30,2024-01-30 10:32:00,0.0006267908309454118,0.0006267908309454118,-0.00025780257
C,2024-01-30,2024-01-30 10:33:00,0.001968680089485364,0.001968680089485364,-0.0002592167
C,2024-01-30,2024-01-30 10:34:00,-0.0001786192730196534,-0.0001786192730196534,-0.00055690756
C,2024-01-30,2024-01-30 10:35:00,0.00017865118356419352,0.00017865118356419352,-0.00017105581
C,2024-01-30,2024-01-30 10:36:00,-0.0011610252746271366,-0.0011610252746271366,-0.00019732266
C,2024-01-30,2024-01-30 10:37:00,-0.0009835479256081747,-0.0009835479256081747,0.0004487718
C,2024-01-30,2024-01-30 10:38:00,-0.0016110265819384573,-0.0016110265819384573,8.61061e-05
C,2024-01-30,2024-01-30 10:39:00,-0.000806813088301217,-0.000806813088301217,0.0009225504
C,2024-01-30,2024-01-30 10:40:00,-0.000807464561277671,-0.000807464561277671,0.00027651718
C,2024-01-30,2024-01-30 10:41:00,0.0019753973242344625,0.0019753973242344625,0.00027826068
C,2024-01-30,2024-01-30 10:42:00,-0.00017922752934862451,-0.00017922752934862451,-0.00015392633
C,2024-01-30,2024-01-30 10:43:00,0.00044814914403512596,0.00044814914403512596,-0.00012896536
C,2024-01-30,2024-01-30 10:44:00,0.00017917935853795086,0.00017917935853795086,8.325833e-05
C,2024-01-30,2024-01-30 10:45:00,0.000537441777140879,0.000537441777140879,9.1279544e-05
C,2024-01-30,2024-01-30 10:46:00,0.00026857654431511335,0.00026857654431511335,-5.368373e-05
C,2024-01-30,2024-01-30 10:47:00,0.00017900295354889018,0.00017900295354889018,-2.8138915e-05
C,2024-01-30,2024-01-30 10:48:00,0.0007158836689038495,0.0007158836689038495,0.00016594783
C,2024-01-30,2024-01-30 10:49:00,0.00044710721631036066,0.00044710721631036066,-2.5420994e-05
C,2024-01-30,2024-01-30 10:50:00,0.0006256703611011716,0.0006256703611011716,2.2471884e-05
C,2024-01-30,2024-01-30 10:51:00,-0.0005359535506922475,-0.0005359535506922475,-0.00021612264
C,2024-01-30,2024-01-30 10:52:00,0.0007149879345786925,0.0007149879345786925,0.00013573917
C,2024-01-30,2024-01-30 10:53:00,-0.000446548182548856,-0.000446548182548856,4.410781e-05
C,2024-01-30,2024-01-30 10:54:00,0.001518942101501164,0.001518942101501164,1.607539e-05
C,2024-01-30,2024-01-30 10:55:00,-0.0005352841466679248,-0.0005352841466679248,-0.00015629838
C,2024-01-30,2024-01-30 10:56:00,-8.926180487356383e-05,-8.926180487356383e-05,-9.0386355e-05
C,2024-01-30,2024-01-30 10:57:00,0.00044634886627381576,0.00044634886627381576,7.854775e-05
C,2024-01-30,2024-01-30 10:58:00,0.000892299455697465,0.000892299455697465,6.300347e-05
C,2024-01-30,2024-01-30 10:59:00,8.915039671930636e-05,8.915039671930636e-05,-0.00022028861
C,2024-01-30,2024-01-30 11:00:00,0.0008022820467106229,0.0008022820467106229,-6.4893444e-05
C,2024-01-30,2024-01-30 11:01:00,-0.0006234969270508817,-0.0006234969270508817,3.1239182e-05
C,2024-01-30,2024-01-30 11:02:00,0.0,0.0,3.558309e-05
C,2024-01-30,2024-01-30 11:03:00,0.00017825311942964994,0.00017825311942964994,-2.6583475e-05
C,2024-01-30,2024-01-30 11:04:00,-0.0004455533772945719,-0.0004455533772945719,-8.9439294e-05
C,2024-01-30,2024-01-30 11:05:00,0.00035660158687722543,0.00035660158687722543,-2.5454196e-05
C,2024-01-30,2024-01-30 11:06:00,-0.0013367792531860934,-0.0013367792531860934,2.965826e-05
C,2024-01-30,2024-01-30 11:07:00,-0.0006246653578440009,-0.0006246653578440009,0.00048357822
C,2024-01-30,2024-01-30 11:08:00,0.00044646843468143516,0.00044646843468143516,2.9349225e-05
C,2024-01-30,2024-01-30 11:09:00,-0.0002677615137450795,-0.0002677615137450795,-8.075337e-05
C,2024-01-30,2024-01-30 11:10:00,0.0,0.0,-0.00014561162
C,2024-01-30,2024-01-30 11:11:00,0.0,0.0,-4.498313e-06
C,2024-01-30,2024-01-30 11:12:00,-0.0001785554861171157,-0.0001785554861171157,7.6815566e-05
C,2024-01-30,2024-01-30 11:13:00,0.005357621216179886,0.0032316783316532283,8.679734e-05
C,2024-01-30,2024-01-30 11:14:00,-0.004440891731059549,-0.003140983963237315,-0.00055086036
C,2024-01-30,2024-01-30 11:15:00,0.0004460701222230856,0.0004460701222230856,0.0005535498
C,2024-01-30,2024-01-30 11:16:00,-0.0009809167112537764,-0.0009809167112537764,0.00025929758
C,2024-01-30,2024-01-30 11:17:00,-0.00017852360974746073,-0.00017852360974746073,1.558229e-05
C,2024-01-30,2024-01-30 11:18:00,-0.001249888402821031,-0.001249888402821031,2.3475308e-05
C,2024-01-30,2024-01-30 11:19:00,0.000536336819522587,0.000536336819522587,0.0010145317
C,2024-01-30,2024-01-30 11:20:00,0.00035736621102477883,0.00035736621102477883,4.451229e-05
C,2024-01-30,2024-01-30 11:21:00,-0.0005358578190587382,-0.0005358578190587382,-6.798169e-05
C,2024-01-30,2024-01-30 11:22:00,0.001429720310964111,0.001429720310964111,-0.0001464806
C,2024-01-30,2024-01-30 11:23:00,-0.00017845989113929317,-0.00017845989113929317,-0.00023649783
C,2024-01-30,2024-01-30 11:24:00,-0.0008924587237841841,-0.0008924587237841841,-1.940031e-05
C,2024-01-30,2024-01-30 11:25:00,0.00035730236712838703,0.00035730236712838703,0.00017953516
C,2024-01-30,2024-01-30 11:26:00,0.0005357621216179886,0.0005357621216179886,6.0688042e-05
C,2024-01-30,2024-01-30 11:27:00,0.0,0.0,3.1063497e-05
C,2024-01-30,2024-01-30 11:28:00,0.0007139669790270364,0.0007139669790270364,8.726035e-06
C,2024-01-30,2024-01-30 11:29:00,0.0005350931953982396,0.0005350931953982396,-0.00011475254
C,2024-01-30,2024-01-30 11:30:00,0.0005348070237989333,0.0005348070237989333,-4.7937858e-05
C,2024-01-30,2024-01-30 11:31:00,0.001069042316258484,0.001069042316258484,-0.00010048635
C,2024-01-30,2024-01-30 11:32:00,0.0008899172376968245,0.0008899172376968245,-0.00027717112
C,2024-01-30,2024-01-30 11:33:00,-0.0011558637858983811,-0.0011558637858983811,-0.00017323505
C,2024-01-30,2024-01-30 11:34:00,0.0012462168417304298,0.0012462168417304298,0.00060197926
C,2024-01-30,2024-01-30 11:35:00,0.0008001422475107933,0.0008001422475107933,-0.00040156159
C,2024-01-30,2024-01-30 11:36:00,0.00035533445855917556,0.00035533445855917556,-0.00014506016
C,2024-01-30,2024-01-30 11:37:00,0.0005328123612466928,0.0005328123612466928,1.1255864e-05
C,2024-01-30,2024-01-30 11:38:00,0.0014200763291025709,0.0014200763291025709,3.9207014e-05
C,2024-01-30,2024-01-30 11:39:00,-0.0006204023752548471,-0.0006204023752548471,-0.00052832684
C,2024-01-30,2024-01-30 11:40:00,-0.0010642071656614682,-0.0010642071656614682,-0.00021866031
C,2024-01-30,2024-01-30 11:41:00,0.0006214488636364646,0.0006214488636364646,0.00020544874
C,2024-01-30,2024-01-30 11:42:00,0.0001774465442283546,0.0001774465442283546,-5.480198e-05
C,2024-01-30,2024-01-30 11:43:00,0.00044353765634719267,0.00044353765634719267,-3.759083e-05
C,2024-01-30,2024-01-30 11:44:00,-0.0014186912573150856,-0.0014186912573150856,5.9383394e-05
C,2024-01-30,2024-01-30 11:45:00,-0.000976735926123351,-0.000976735926123351,0.00045279594
C,2024-01-30,2024-01-30 11:46:00,0.0004444049417831053,0.0004444049417831053,0.00021120618
C,2024-01-30,2024-01-30 11:47:00,-0.0015103056147832694,-0.0015103056147832694,2.0086967e-05
C,2024-01-30,2024-01-30 11:48:00,0.0006228312127414259,0.0006228312127414259,0.0009880891
C,2024-01-30,2024-01-30 11:49:00,0.0004446025253421748,0.0004446025253421748,0.00020574321
C,2024-01-30,2024-01-30 11:50:00,0.002310905697271437,0.002310905697271437,-5.2270454e-05
C,2024-01-30,2024-01-30 11:51:00,0.0005320563979780424,0.0005320563979780424,-0.0003420724
C,2024-01-30,2024-01-30 11:52:00,8.862891075067658e-05,8.862891075067658e-05,-0.00018589446
C,2024-01-30,2024-01-30 11:53:00,0.00044310528181501496,0.00044310528181501496,1.9276054e-05
C,2024-01-30,2024-01-30 11:54:00,0.000797236247674693,0.000797236247674693,-8.609398e-05
C,2024-01-30,2024-01-30 11:55:00,-0.0014161798548416593,-0.0014161798548416593,-0.00029382494
C,2024-01-30,2024-01-30 11:56:00,-0.0005318205991845515,-0.0005318205991845515,0.0005323407
C,2024-01-30,2024-01-30 11:57:00,-0.0013302589570769463,-0.0013302589570769463,0.00021470897
C,2024-01-30,2024-01-30 11:58:00,-8.880206020789316e-05,-8.880206020789316e-05,0.0006729685
C,2024-01-30,2024-01-30 11:59:00,-0.000621669626998167,-0.000621669626998167,0.00044492102
C,2024-01-30,2024-01-30 12:00:00,-0.0003554607660178899,-0.0003554607660178899,0.00043815447
C,2024-01-30,2024-01-30 12:01:00,0.0010667614899100286,0.0010667614899100286,0.0003737489
C,2024-01-30,2024-01-30 12:02:00,0.00017760412041556428,0.00017760412041556428,-8.1452265e-05
C,2024-01-30,2024-01-30 12:03:00,0.0005327177483795964,0.0005327177483795964,2.306413e-05
C,2024-01-30,2024-01-30 12:04:00,-8.873901854633548e-05,-8.873901854633548e-05,7.315757e-05
C,2024-01-30,2024-01-30 12:05:00,-0.00035498757543495074,-0.00035498757543495074,2.3379902e-05
C,2024-01-30,2024-01-30 12:06:00,0.001686789772727293,0.001686789772727293,5.189487e-07
C,2024-01-30,2024-01-30 12:07:00,0.00026588673225202974,0.00026588673225202974,-0.00042045492
C,2024-01-30,2024-01-30 12:08:00,-0.0003544214070529961,-0.0003544214070529961,-4.3723685e-05
C,2024-01-30,2024-01-30 12:09:00,0.0003545470661230343,0.0003545470661230343,0.00019503542
C,2024-01-30,2024-01-30 12:10:00,0.0018607123870282294,0.0018607123870282294,0.0002044322
C,2024-01-30,2024-01-30 12:11:00,-8.844078889180818e-05,-8.844078889180818e-05,-0.00064189045
C,2024-01-30,2024-01-30 12:12:00,0.001061383336281585,0.001061383336281585,3.9620383e-05
C,2024-01-30,2024-01-30 12:13:00,0.0,0.0,-9.791772e-05
C,2024-01-30,2024-01-30 12:14:00,0.0009719031631028052,0.0009719031631028052,-0.00014983071
C,2024-01-30,2024-01-30 12:15:00,0.0,0.0,-0.000311428
C,2024-01-30,2024-01-30 12:16:00,-0.0010592285285550007,-0.0010592285285550007,-5.9680213e-05
C,2024-01-30,2024-01-30 12:17:00,-0.0021207033666165165,-0.0021207033666165165,-3.5982164e-05
C,2024-01-30,2024-01-30 12:18:00,0.0032763658903744997,0.0032316783316532283,0.0010190887
C,2024-01-30,2024-01-30 12:19:00,0.0005295675198588867,0.0005295675198588867,-0.00033148754
C,2024-01-30,2024-01-30 12:20:00,-0.0012350035285815242,-0.0012350035285815242,-0.00019363477
C,2024-01-30,2024-01-30 12:21:00,0.0009715597950892274,0.0009715597950892274,0.0007300964
C,2024-01-30,2024-01-30 12:22:00,0.002647136680490547,0.002647136680490547,0.0001269707
C,2024-01-30,2024-01-30 12:23:00,-0.0009680542110357404,-0.0009680542110357404,-0.0006118089
C,2024-01-30,2024-01-30 12:24:00,0.001145172656800586,0.001145172656800586,-4.179531e-05
C,2024-01-30,2024-01-30 12:25:00,0.0004399472063352228,0.0004399472063352228,-0.00023887768
C,2024-01-30,2024-01-30 12:26:00,-0.0014072119613017797,-0.0014072119613017797,-0.0001956344
C,2024-01-30,2024-01-30 12:27:00,0.0005284481240090955,0.0005284481240090955,0.00086836965
C,2024-01-30,2024-01-30 12:28:00,0.0010563380281689572,0.0010563380281689572,0.00020565336
C,2024-01-30,2024-01-30 12:29:00,-0.0004396763981708851,-0.0004396763981708851,-0.00017177423
C,2024-01-30,2024-01-30 12:30:00,0.001847453153866363,0.001847453153866363,-1.26335e-05
C,2024-01-30,2024-01-30 12:31:00,0.00017562346329480505,0.00017562346329480505,-0.00038354556
C,2024-01-30,2024-01-30 12:32:00,-0.0004389815627744431,-0.0004389815627744431,-0.00020578475
C,2024-01-30,2024-01-30 12:33:00,-0.001054018445322824,-0.001054018445322824,7.814396e-05
C,2024-01-30,2024-01-30 12:34:00,-0.001494768310911665,-0.001494768310911665,0.0002963914
C,2024-01-30,2024-01-30 12:35:00,0.0007044734061290026,0.0007044734061290026,0.0006790313
C,2024-01-30,2024-01-30 12:36:00,-0.0011439633931714654,-0.0011439633931714654,-7.5232914e-05
C,2024-01-30,2024-01-30 12:37:00,-0.0001761959298738347,-0.0001761959298738347,0.0009828132
C,2024-01-30,2024-01-30 12:38:00,-0.0002643404705260366,-0.0002643404705260366,0.00042829345
C,2024-01-30,2024-01-30 12:39:00,0.0013220518244314583,0.0013220518244314583,0.0004474428
C,2024-01-30,2024-01-30 12:40:00,-0.002552592201390813,-0.002552592201390813,-0.0002040812
C,2024-01-30,2024-01-30 12:41:00,-0.0015884221673136967,-0.0015884221673136967,0.001135847
C,2024-01-30,2024-01-30 12:42:00,0.0007070885628424062,0.0007070885628424062,0.0012395005
C,2024-01-30,2024-01-30 12:43:00,0.0016781487369721404,0.0016781487369721404,0.0004197896
C,2024-01-30,2024-01-30 12:44:00,0.0003527025835463604,0.0003527025835463604,-0.00036163285
C,2024-01-30,2024-01-30 12:45:00,0.00017628911414724335,0.00017628911414724335,-0.00017039292
C,2024-01-30,2024-01-30 12:46:00,-0.0006169031462059937,-0.0006169031462059937,6.717542e-05
C,2024-01-30,2024-01-30 12:47:00,-8.818342151684089e-05,-8.818342151684089e-05,-3.5191086e-05
C,2024-01-30,2024-01-30 12:48:00,0.001852015168886112,0.001852015168886112,6.472913e-05
C,2024-01-30,2024-01-30 12:49:00,-0.0007922535211267734,-0.0007922535211267734,-6.935234e-05
C,2024-01-30,2024-01-30 12:50:00,-0.0002642938948110851,-0.0002642938948110851,4.788582e-05
C,2024-01-30,2024-01-30 12:51:00,0.0,0.0,0.00012471246
C,2024-01-30,2024-01-30 12:52:00,0.0005287275290799531,0.0005287275290799531,1.4731399e-05
C,2024-01-30,2024-01-30 12:53:00,0.0006165228113441668,0.0006165228113441668,0.00020039182
C,2024-01-30,2024-01-30 12:54:00,-0.0007921837866383674,-0.0007921837866383674,-0.00017919698
C,2024-01-30,2024-01-30 12:55:00,-8.809020436939541e-05,-8.809020436939541e-05,0.00012963031
C,2024-01-30,2024-01-30 12:56:00,-0.0017619592987401234,-0.0017619592987401234,0.00011385899
C,2024-01-30,2024-01-30 12:57:00,0.00052952078369084,0.00052952078369084,0.0006123535
C,2024-01-30,2024-01-30 12:58:00,0.000176413513275131,0.000176413513275131,0.00039183482
C,2024-01-30,2024-01-30 12:59:00,0.0,0.0,3.8293324e-06
C,2024-01-30,2024-01-30 13:00:00,0.001940206367404551,0.001940206367404551,0.00015870096
C,2024-01-30,2024-01-30 13:01:00,0.000704163365900845,0.000704163365900845,-0.0002887042
C,2024-01-30,2024-01-30 13:02:00,-0.0004397924179786461,-0.0004397924179786461,-9.196586e-05
C,2024-01-30,2024-01-30 13:03:00,-0.0007039774727208847,-0.0007039774727208847,-3.9524e-05
C,2024-01-30,2024-01-30 13:04:00,-0.0006164142303627385,-0.0006164142303627385,0.00018219247
C,2024-01-30,2024-01-30 13:05:00,-0.0003524539607016042,-0.0003524539607016042,8.444003e-05
C,2024-01-30,2024-01-30 13:06:00,0.0,0.0,9.957341e-05
C,2024-01-30,2024-01-30 13:07:00,8.81445570737327e-05,8.81445570737327e-05,0.00014871203
C,2024-01-30,2024-01-30 13:08:00,-0.0013220518244315693,-0.0013220518244315693,0.00015007457
C,2024-01-30,2024-01-30 13:09:00,0.0007060277115875646,0.0007060277115875646,0.0011801225
C,2024-01-30,2024-01-30 13:10:00,-0.0010582943822206037,-0.0010582943822206037,0.00021038299
C,2024-01-30,2024-01-30 13:11:00,0.0,0.0,0.00010658655
C,2024-01-30,2024-01-30 13:12:00,-0.00017656925929199208,-0.00017656925929199208,0.0001660738
C,2024-01-30,2024-01-30 13:13:00,-0.00017660044150114018,-0.00017660044150114018,0.00014127897
C,2024-01-30,2024-01-30 13:14:00,0.0009714739909918446,0.0009714739909918446,3.0528106e-05
C,2024-01-30,2024-01-30 13:15:00,0.0009705311452266052,0.0009705311452266052,2.8408307e-05
C,2024-01-30,2024-01-30 13:16:00,-0.0003525782282943757,-0.0003525782282943757,-0.00013466096
C,2024-01-30,2024-01-30 13:17:00,0.0002645269376597703,0.0002645269376597703,-1.1264938e-05
C,2024-01-30,2024-01-30 13:18:00,0.0007933709449929882,0.0007933709449929882,9.8935365e-05
C,2024-01-30,2024-01-30 13:19:00,0.00017616489033733806,0.00017616489033733806,-0.00017630846
C,2024-01-30,2024-01-30 13:20:00,0.0,0.0,0.00017112655
C,2024-01-30,2024-01-30 13:21:00,-0.0001761338617349839,-0.0001761338617349839,3.8946655e-05
C,2024-01-30,2024-01-30 13:22:00,-8.808244516855801e-05,-8.808244516855801e-05,3.6811893e-05
C,2024-01-30,2024-01-30 13:23:00,0.0006166314305848797,0.0006166314305848797,8.69014e-05
C,2024-01-30,2024-01-30 13:24:00,0.0001760718373096104,0.0001760718373096104,-0.0001122731
C,2024-01-30,2024-01-30 13:25:00,-0.00026406126221278914,-0.00026406126221278914,-1.3738455e-05
C,2024-01-30,2024-01-30 13:26:00,-0.0003521746786406821,-0.0003521746786406821,0.00010255791
C,2024-01-30,2024-01-30 13:27:00,0.0007926721860138652,0.0007926721860138652,3.797106e-05
C,2024-01-30,2024-01-30 13:28:00,0.000528029569655919,0.000528029569655919,-5.852881e-05
C,2024-01-30,2024-01-30 13:29:00,-0.0012314187703402757,-0.0012314187703402757,-1.1028403e-05
C,2024-01-30,2024-01-30 13:30:00,8.806693086738093e-05,8.806693086738093e-05,0.00042093138
C,2024-01-30,2024-01-30 13:31:00,8.805917576593103e-05,8.805917576593103e-05,0.00010164026
C,2024-01-30,2024-01-30 13:32:00,-0.0002641542660913876,-0.0002641542660913876,0.00010418365
C,2024-01-30,2024-01-30 13:33:00,-0.00026422406200454773,-0.00026422406200454773,2.1231377e-05
C,2024-01-30,2024-01-30 13:34:00,0.0,0.0,5.416913e-05
C,2024-01-30,2024-01-30 13:35:00,0.0,0.0,6.117652e-05
C,2024-01-30,2024-01-30 13:36:00,0.0003523918597481135,0.0003523918597481135,5.0484043e-05
C,2024-01-30,2024-01-30 13:37:00,0.0,0.0,4.7783455e-05
C,2024-01-30,2024-01-30 13:38:00,8.806693086738093e-05,8.806693086738093e-05,3.7717236e-05
C,2024-01-30,2024-01-30 13:39:00,0.0006164142303628495,0.0006164142303628495,3.5786703e-05
C,2024-01-30,2024-01-30 13:40:00,0.001056059139311838,0.001056059139311838,-0.00011046193
C,2024-01-30,2024-01-30 13:41:00,0.0006153846153844622,0.0006153846153844622,-0.0002797595
C,2024-01-30,2024-01-30 13:42:00,-8.78580214372926e-05,-8.78580214372926e-05,-8.514477e-05
C,2024-01-30,2024-01-30 13:43:00,-0.00017573148229510505,-0.00017573148229510505,-6.6172426e-05
C,2024-01-30,2024-01-30 13:44:00,0.002021267246682612,0.002021267246682612,0.00011468763
C,2024-01-30,2024-01-30 13:45:00,-0.00017540782318903325,-0.00017540782318903325,-0.0004507528
C,2024-01-30,2024-01-30 13:46:00,-0.001140350877192997,-0.001140350877192997,-5.2932387e-06
C,2024-01-30,2024-01-30 13:47:00,-0.00017563888644955838,-0.00017563888644955838,0.00045352636
C,2024-01-30,2024-01-30 13:48:00,0.0008783487044357052,0.0008783487044357052,0.00013164041
C,2024-01-30,2024-01-30 13:49:00,-0.000877577885037284,-0.000877577885037284,-0.00014866842
C,2024-01-30,2024-01-30 13:50:00,-0.0006148440931048604,-0.0006148440931048604,-9.0812435e-05
C,2024-01-30,2024-01-30 13:51:00,-0.0002636667252592373,-0.0002636667252592373,-3.8144033e-05
C,2024-01-30,2024-01-30 13:52:00,-0.00035164835164824826,-0.00035164835164824826,4.7203095e-05
C,2024-01-30,2024-01-30 13:53:00,-0.0006156010904934117,-0.0006156010904934117,6.919673e-05
C,2024-01-30,2024-01-30 13:54:00,0.000791974656810801,0.000791974656810801,0.00027549468
C,2024-01-30,2024-01-30 13:55:00,0.0002637826431020063,0.0002637826431020063,-0.00013583981
C,2024-01-30,2024-01-30 13:56:00,-0.0011427566807312717,-0.0011427566807312717,1.065945e-05
C,2024-01-30,2024-01-30 13:57:00,-0.00035201971310383495,-0.00035201971310383495,0.00044035417
C,2024-01-30,2024-01-30 13:58:00,-8.80359186548052e-05,-8.80359186548052e-05,4.279625e-05
C,2024-01-30,2024-01-30 13:59:00,0.00044021834830076934,0.00044021834830076934,2.7106282e-05
C,2024-01-30,2024-01-30 14:00:00,0.0013200739241399084,0.0013200739241399084,5.6546676e-05
C,2024-01-30,2024-01-30 14:01:00,0.0,0.0,-0.00048653627
C,2024-01-30,2024-01-30 14:02:00,0.0001757778168394175,0.0001757778168394175,-3.3882046e-05
C,2024-01-30,2024-01-30 14:03:00,8.787346221450498e-05,8.787346221450498e-05,0.00012600714
C,2024-01-30,2024-01-30 14:04:00,0.0,0.0,0.00016194262
C,2024-01-30,2024-01-30 14:05:00,-0.00026359722344260206,-0.00026359722344260206,2.6127887e-05
C,2024-01-30,2024-01-30 14:06:00,0.00035155563367905707,0.00035155563367905707,2.5907246e-05
C,2024-01-30,2024-01-30 14:07:00,8.785802143740362e-05,8.785802143740362e-05,5.2168445e-05
C,2024-01-30,2024-01-30 14:08:00,0.0,0.0,1.742505e-05
C,2024-01-30,2024-01-30 14:09:00,0.00017570060616711736,0.00017570060616711736,7.815533e-05
C,2024-01-30,2024-01-30 14:10:00,0.00017566974088722986,0.00017566974088722986,3.6445264e-05
C,2024-01-30,2024-01-30 14:11:00,0.0003512777728988947,0.0003512777728988947,3.1348987e-05
C,2024-01-30,2024-01-30 14:12:00,0.0005267316302344227,0.0005267316302344227,-6.062917e-06
C,2024-01-30,2024-01-30 14:13:00,-0.000701939106782512,-0.000701939106782512,-5.4127337e-05
C,2024-01-30,2024-01-30 14:14:00,0.00035121608569688156,0.00035121608569688156,5.638068e-05
C,2024-01-30,2024-01-30 14:15:00,0.00026331958219971696,0.00026331958219971696,-2.0367243e-05
C,2024-01-30,2024-01-30 14:16:00,-0.0011407511407511839,-0.0011407511407511839,0.00013164934
C,2024-01-30,2024-01-30 14:17:00,-8.785030308355868e-05,-8.785030308355868e-05,0.00041421442
C,2024-01-30,2024-01-30 14:18:00,8.785802143740362e-05,8.785802143740362e-05,8.430458e-06
C,2024-01-30,2024-01-30 14:19:00,-0.00017570060616700633,-0.00017570060616700633,4.0479747e-05
C,2024-01-30,2024-01-30 14:20:00,0.0,0.0,5.128017e-05
C,2024-01-30,2024-01-30 14:21:00,-0.00035146296458998805,-0.00035146296458998805,-2.237821e-05
C,2024-01-30,2024-01-30 14:22:00,0.0007031730684712301,0.0007031730684712301,2.208279e-05
C,2024-01-30,2024-01-30 14:23:00,0.0,0.0,-9.22468e-06
C,2024-01-30,2024-01-30 14:24:00,0.0,0.0,9.795057e-06
C,2024-01-30,2024-01-30 14:25:00,-8.783487044350391e-05,-8.783487044350391e-05,2.4100926e-05
C,2024-01-30,2024-01-30 14:26:00,8.784258608574014e-05,8.784258608574014e-05,7.540428e-05
C,2024-01-30,2024-01-30 14:27:00,0.0003513394817742377,0.0003513394817742377,2.189159e-05
C,2024-01-30,2024-01-30 14:28:00,0.00017560804284832976,0.00017560804284832976,1.2729427e-05
C,2024-01-30,2024-01-30 14:29:00,0.00026336581511721135,0.00026336581511721135,-5.0172753e-06
C,2024-01-30,2024-01-30 14:30:00,0.0002632964718272124,0.0002632964718272124,5.2052277e-05
C,2024-01-30,2024-01-30 14:31:00,0.0003509695533912005,0.0003509695533912005,2.24883e-05
C,2024-01-30,2024-01-30 14:32:00,-0.00017542320849028847,-0.00017542320849028847,0.0002265332
C,2024-01-30,2024-01-30 14:33:00,-0.0001754539871919869,-0.0001754539871919869,-2.5860676e-05
C,2024-01-30,2024-01-30 14:34:00,-0.0005264543300869118,-0.0005264543300869118,2.9886338e-05
C,2024-01-30,2024-01-30 14:35:00,-8.778860503899644e-05,-8.778860503899644e-05,1.5092434e-05
C,2024-01-30,2024-01-30 14:36:00,-0.0004389815627744431,-0.0004389815627744431,-3.5123958e-05
C,2024-01-30,2024-01-30 14:37:00,0.0,0.0,1.0846256e-05
C,2024-01-30,2024-01-30 14:38:00,0.005270092226614009,0.0032316783316532283,0.000120174715
C,2024-01-30,2024-01-30 14:39:00,-0.004368719965050394,-0.003140983963237315,-0.0006815754
C,2024-01-30,2024-01-30 14:40:00,0.0,0.0,0.0006286277
C,2024-01-30,2024-01-30 14:41:00,0.0012286090390523086,0.0012286090390523086,0.00015203681
C,2024-01-30,2024-01-30 14:42:00,-0.0005259006047857451,-0.0005259006047857451,-0.0004527935
C,2024-01-30,2024-01-30 14:43:00,8.769622029292101e-05,8.769622029292101e-05,3.827494e-05
C,2024-01-30,2024-01-30 14:44:00,0.00017537706068049275,0.00017537706068049275,0.000432411
C,2024-01-30,2024-01-30 14:45:00,-0.0003506926179203118,-0.0003506926179203118,4.7296402e-05
C,2024-01-30,2024-01-30 14:46:00,-8.770391159462765e-05,-8.770391159462765e-05,8.468548e-05
C,2024-01-30,2024-01-30 14:47:00,0.00017542320849051052,0.00017542320849051052,8.161495e-05
C,2024-01-30,2024-01-30 14:48:00,0.0005261773217575261,0.0005261773217575261,0.000100387086
C,2024-01-30,2024-01-30 14:49:00,-0.0005259006047857451,-0.0005259006047857451,0.00017197292
C,2024-01-30,2024-01-30 14:50:00,-0.000350784881171573,-0.000350784881171573,4.7078986e-05
C,2024-01-30,2024-01-30 14:51:00,-8.772699359604896e-05,-8.772699359604896e-05,3.9316976e-05
C,2024-01-30,2024-01-30 14:52:00,0.00017546938059309625,0.00017546938059309625,0.00014324907
C,2024-01-30,2024-01-30 14:53:00,0.000350877192982324,0.000350877192982324,5.817207e-05
C,2024-01-30,2024-01-30 14:54:00,0.0002630655910207391,0.0002630655910207391,3.5027108e-05
C,2024-01-30,2024-01-30 14:55:00,-0.0010519856228632385,-0.0010519856228632385,-1.13804e-05
C,2024-01-30,2024-01-30 14:56:00,0.0021061869240897035,0.0021061869240897035,8.1957325e-05
C,2024-01-30,2024-01-30 14:57:00,-0.0011384534547683733,-0.0011384534547683733,-0.00022161157
C,2024-01-30,2024-01-30 14:58:00,0.0,0.0,0.0005626226
C,2024-01-30,2024-01-30 14:59:00,-8.767315448010571e-05,-8.767315448010571e-05,0.00023974705
C,2024-01-30,2024-01-30 15:00:00,0.0005260850504165138,0.0005260850504165138,7.539376e-05
C,2024-01-30,2024-01-30 15:01:00,0.0005258084304617938,0.0005258084304617938,1.3826923e-05
C,2024-01-30,2024-01-30 15:02:00,0.0003503547341683344,0.0003503547341683344,-1.4432269e-05
C,2024-01-30,2024-01-30 15:03:00,-0.0006129060502583217,-0.0006129060502583217,-1.7516037e-05
C,2024-01-30,2024-01-30 15:04:00,0.0002628351147713204,0.0002628351147713204,0.000103559396
C,2024-01-30,2024-01-30 15:05:00,-0.0005255321012525016,-0.0005255321012525016,7.5047024e-06
C,2024-01-30,2024-01-30 15:06:00,-0.00017526947682056093,-0.00017526947682056093,9.98694e-05
C,2024-01-30,2024-01-30 15:07:00,-0.00017530020159528537,-0.00017530020159528537,5.1971234e-05
C,2024-01-30,2024-01-30 15:08:00,0.0,0.0,-1.8119861e-06
C,2024-01-30,2024-01-30 15:09:00,0.0,0.0,5.064397e-05
C,2024-01-30,2024-01-30 15:10:00,-0.00035066187428767215,-0.00035066187428767215,8.9434194e-05
C,2024-01-30,2024-01-30 15:11:00,8.769622029292101e-05,8.769622029292101e-05,9.19375e-05
C,2024-01-30,2024-01-30 15:12:00,-0.0006138197123816136,-0.0006138197123816136,8.9332076e-05
C,2024-01-30,2024-01-30 15:13:00,0.00043871194173905614,0.00043871194173905614,0.00010281491
C,2024-01-30,2024-01-30 15:14:00,0.0006139273811611723,0.0006139273811611723,3.5850856e-06
C,2024-01-30,2024-01-30 15:15:00,-0.0007012008063810304,-0.0007012008063810304,-7.57156e-05
C,2024-01-30,2024-01-30 15:16:00,0.0003508464169812431,0.0003508464169812431,5.3132837e-05
C,2024-01-30,2024-01-30 15:17:00,-0.0005260850504165138,-0.0005260850504165138,8.488487e-05
C,2024-01-30,2024-01-30 15:18:00,0.0007018159487672815,0.0007018159487672815,8.158572e-05
C,2024-01-30,2024-01-30 15:19:00,-0.0004383273428595347,-0.0004383273428595347,0.00012375455
C,2024-01-30,2024-01-30 15:20:00,0.0006139273811611723,0.0006139273811611723,-8.4341145e-06
C,2024-01-30,2024-01-30 15:21:00,-0.0010518012095713791,-0.0010518012095713791,8.235158e-05
C,2024-01-30,2024-01-30 15:22:00,-0.0005264543300869118,-0.0005264543300869118,-2.7543438e-05
C,2024-01-30,2024-01-30 15:23:00,-0.0001755772100781039,-0.0001755772100781039,0.00027441478
C,2024-01-30,2024-01-30 15:24:00,-0.00017560804284832976,-0.00017560804284832976,0.00010567062
C,2024-01-30,2024-01-30 15:25:00,-8.781944322477919e-05,-8.781944322477919e-05,-2.2543759e-06
C,2024-01-30,2024-01-30 15:26:00,-0.0004391357807833618,-0.0004391357807833618,-1.0555558e-05
C,2024-01-30,2024-01-30 15:27:00,0.0004393287057375961,0.0004393287057375961,5.783501e-05
C,2024-01-30,2024-01-30 15:28:00,-8.782715615673897e-05,-8.782715615673897e-05,-1.8066206e-05
C,2024-01-30,2024-01-30 15:29:00,0.0,0.0,-3.6153866e-05
C,2024-01-30,2024-01-30 15:30:00,-0.0007905138339920903,-0.0007905138339920903,4.0303512e-05
C,2024-01-30,2024-01-30 15:31:00,8.790436005634561e-05,8.790436005634561e-05,0.00017133333
C,2024-01-30,2024-01-30 15:32:00,0.0,0.0,7.3112664e-05
C,2024-01-30,2024-01-30 15:33:00,0.00017579326711780752,0.00017579326711780752,2.3939881e-05
C,2024-01-30,2024-01-30 15:34:00,0.0006151682924686597,0.0006151682924686597,7.1117276e-05
C,2024-01-30,2024-01-30 15:35:00,-0.0004391357807833618,-0.0004391357807833618,3.7414454e-06
C,2024-01-30,2024-01-30 15:36:00,0.00017573148229499402,0.00017573148229499402,7.714057e-05
C,2024-01-30,2024-01-30 15:37:00,0.0003514012123342347,0.0003514012123342347,0.00016442427
C,2024-01-30,2024-01-30 15:38:00,-0.0005269166593484531,-0.0005269166593484531,0.00020270736
C,2024-01-30,2024-01-30 15:39:00,0.00017573148229499402,0.00017573148229499402,1.7391834e-05
C,2024-01-30,2024-01-30 15:40:00,0.0005271018185013521,0.0005271018185013521,0.00017735992
C,2024-01-30,2024-01-30 15:41:00,0.001492668364211136,0.001492668364211136,3.7134734e-05
C,2024-01-30,2024-01-30 15:42:00,8.767315448010571e-05,8.767315448010571e-05,-0.00049220625
C,2024-01-30,2024-01-30 15:43:00,0.0,0.0,4.7439877e-05
C,2024-01-30,2024-01-30 15:44:00,0.0020163057771545034,0.0020163057771545034,-8.807679e-05
C,2024-01-30,2024-01-30 15:45:00,-1.1102230246251565e-16,-1.1102230246251565e-16,-0.0005403093
C,2024-01-30,2024-01-30 15:46:00,-8.748906386701893e-05,-8.748906386701893e-05,-0.00018283431
C,2024-01-30,2024-01-30 15:47:00,-0.0006124770321112027,-0.0006124770321112027,0.00018610235
C,2024-01-30,2024-01-30 15:48:00,0.0005253020486779558,0.0005253020486779558,5.8415837e-05
C,2024-01-30,2024-01-30 15:49:00,0.0005250262513125659,0.0005250262513125659,4.313132e-05
C,2024-01-30,2024-01-30 15:50:00,-0.0004372922861641815,-0.0004372922861641815,-8.317449e-05
C,2024-01-30,2024-01-30 15:51:00,-0.0005249803132382214,-0.0005249803132382214,2.0856223e-05
C,2024-01-30,2024-01-30 15:52:00,-0.0012255974787708235,-0.0012255974787708235,3.4758796e-05
C,2024-01-30,2024-01-30 15:53:00,-0.0013147515119642517,-0.0013147515119642517,0.00039939772
C,2024-01-30,2024-01-30 15:54:00,0.0009654203967002228,0.0009654203967002228,0.0010101824
C,2024-01-30,2024-01-30 15:55:00,-0.0006137658921527844,-0.0006137658921527844,0.00017531007
C,2024-01-30,2024-01-30 15:56:00,-0.00043867345148251857,-0.00043867345148251857,0.00013014961
C,2024-01-30,2024-01-30 15:57:00,0.0012288247169314204,0.0012288247169314204,0.00013346119
C,2024-01-30,2024-01-30 15:58:00,0.0007889892171473178,0.0007889892171473178,-0.00027254512
C,2024-01-31,2024-01-31 09:40:00,-0.0032034632034632082,-0.0029875631899746614,-0.00042661882
C,2024-01-31,2024-01-31 09:41:00,0.001997741683314569,0.001997741683314569,0.0004216261
C,2024-01-31,2024-01-31 09:42:00,0.004074202496532564,0.0030342078402711362,-0.00015720689
C,2024-01-31,2024-01-31 09:43:00,-0.0005180005180005498,-0.0005180005180005498,-0.00045504395
C,2024-01-31,2024-01-31 09:44:00,-0.0005182689816013442,-0.0005182689816013442,-1.1156764e-05
C,2024-01-31,2024-01-31 09:45:00,-0.0012963443090485693,-0.0012963443090485693,0.00028344287
C,2024-01-31,2024-01-31 09:46:00,-0.001644167532018015,-0.001644167532018015,0.000400815
C,2024-01-31,2024-01-31 09:47:00,-0.0015601976250325666,-0.0015601976250325666,0.0007027241
C,2024-01-31,2024-01-31 09:48:00,-0.0015626356454554458,-0.0015626356454554458,0.00069711986
C,2024-01-31,2024-01-31 09:49:00,-0.0019998261020779395,-0.0019998261020779395,0.00079532014
C,2024-01-31,2024-01-31 09:50:00,-0.00043561596096886035,-0.00043561596096886035,0.0009708438
C,2024-01-31,2024-01-31 09:51:00,-8.71611609866152e-05,-8.71611609866152e-05,0.00032612734
C,2024-01-31,2024-01-31 09:52:00,0.0011331938633194483,0.0011331938633194483,0.00040446492
C,2024-01-31,2024-01-31 09:53:00,-0.0006965607313887956,-0.0006965607313887956,0.00017084766
C,2024-01-31,2024-01-31 09:54:00,-0.0015683540995032885,-0.0015683540995032885,0.00031316912
C,2024-01-31,2024-01-31 09:55:00,-0.0006108735491752171,-0.0006108735491752171,0.0004346171
C,2024-01-31,2024-01-31 09:56:00,8.732099196628873e-05,8.732099196628873e-05,0.00023588147
C,2024-01-31,2024-01-31 09:57:00,0.0006111935737360685,0.0006111935737360685,0.00024169488
C,2024-01-31,2024-01-31 09:58:00,0.00567190226876102,0.0030342078402711362,9.275113e-05
C,2024-01-31,2024-01-31 09:59:00,-0.006681127982646529,-0.0029875631899746614,-0.00079113577
C,2024-01-31,2024-01-31 10:00:00,0.0012229210342418195,0.0012229210342418195,0.00044062547
C,2024-01-31,2024-01-31 10:01:00,0.0013086721340080931,0.0013086721340080931,-0.0003110709
C,2024-01-31,2024-01-31 10:02:00,-0.00017426156661159986,-0.00017426156661159986,-0.00039788376
C,2024-01-31,2024-01-31 10:03:00,-0.001132897603485783,-0.001132897603485783,-4.8071375e-05
C,2024-01-31,2024-01-31 10:04:00,-0.0003489792357355137,-0.0003489792357355137,0.00035113152
C,2024-01-31,2024-01-31 10:05:00,0.0004363763309478408,0.0004363763309478408,1.1592858e-05
C,2024-01-31,2024-01-31 10:06:00,-8.723719794112572e-05,-8.723719794112572e-05,0.00016187092
C,2024-01-31,2024-01-31 10:07:00,-0.00017448961786781236,-0.00017448961786781236,0.00017466281
C,2024-01-31,2024-01-31 10:08:00,0.0004363001745202322,0.0004363001745202322,0.00014658012
C,2024-01-31,2024-01-31 10:09:00,-0.000261665939816802,-0.000261665939816802,0.00031289438
C,2024-01-31,2024-01-31 10:10:00,0.00209387541441286,0.00209387541441286,0.000106488646
C,2024-01-31,2024-01-31 10:11:00,-0.0019153752394218682,-0.0019153752394218682,0.00010393222
C,2024-01-31,2024-01-31 10:12:00,0.0005233775296580312,0.0005233775296580312,0.00047908942
C,2024-01-31,2024-01-31 10:13:00,-0.0012205754141237923,-0.0012205754141237923,0.00015308686
C,2024-01-31,2024-01-31 10:14:00,-0.00034916201117307644,-0.00034916201117307644,0.0006317248
C,2024-01-31,2024-01-31 10:15:00,0.0015717778553963058,0.0015717778553963058,0.00025961242
C,2024-01-31,2024-01-31 10:16:00,0.0001743679163033196,0.0001743679163033196,-0.00019654681
C,2024-01-31,2024-01-31 10:17:00,-0.0009588563458856614,-0.0009588563458856614,5.023285e-05
C,2024-01-31,2024-01-31 10:18:00,0.0,0.0,0.00020108679
C,2024-01-31,2024-01-31 10:19:00,0.0,0.0,0.00012739364
C,2024-01-31,2024-01-31 10:20:00,0.0005235145275281905,0.0005235145275281905,5.2277202e-05
C,2024-01-31,2024-01-31 10:21:00,0.005842853405424231,0.0030342078402711362,5.5801527e-05
C,2024-01-31,2024-01-31 10:22:00,-0.006849315068493067,-0.0029875631899746614,-0.00069260533
C,2024-01-31,2024-01-31 10:23:00,-0.0005237887385420859,-0.0005237887385420859,0.00037273113
C,2024-01-31,2024-01-31 10:24:00,0.001659533583719064,0.001659533583719064,0.00013014184
C,2024-01-31,2024-01-31 10:25:00,0.0014823857690964282,0.0014823857690964282,-0.00035866437
C,2024-01-31,2024-01-31 10:26:00,0.00026121027427072896,0.00026121027427072896,-0.0005659401
C,2024-01-31,2024-01-31 10:27:00,-0.0009575208913648048,-0.0009575208913648048,0.00013017935
C,2024-01-31,2024-01-31 10:28:00,0.0013940925328919107,0.0013940925328919107,0.00021756603
C,2024-01-31,2024-01-31 10:29:00,0.00043504742016864384,0.00043504742016864384,-0.0008182599
C,2024-01-31,2024-01-31 10:30:00,0.00043485823621502995,0.00043485823621502995,-0.00015529027
C,2024-01-31,2024-01-31 10:31:00,-0.00034773537338084193,-0.00034773537338084193,3.328374e-05
C,2024-01-31,2024-01-31 10:32:00,-0.0011305330898340182,-0.0011305330898340182,-6.0245246e-05
C,2024-01-31,2024-01-31 10:33:00,-0.0008706251088281824,-0.0008706251088281824,-6.496381e-05
C,2024-01-31,2024-01-31 10:34:00,-0.0002614151272219978,-0.0002614151272219978,0.0001275916
C,2024-01-31,2024-01-31 10:35:00,0.0005229669659199132,0.0005229669659199132,-8.202962e-05
C,2024-01-31,2024-01-31 10:36:00,-0.0007840404216393759,-0.0007840404216393759,8.008958e-05
C,2024-01-31,2024-01-31 10:37:00,-0.00043591979075852105,-0.00043591979075852105,0.00020195098
C,2024-01-31,2024-01-31 10:38:00,-0.000261665939816802,-0.000261665939816802,-0.00025354288
C,2024-01-31,2024-01-31 10:39:00,-8.724480893396169e-05,-8.724480893396169e-05,-0.00013138137
C,2024-01-31,2024-01-31 10:40:00,0.0006980193700374393,0.0006980193700374393,-0.00017319102
C,2024-01-31,2024-01-31 10:41:00,-0.0002615746795709972,-0.0002615746795709972,-0.00016422237
C,2024-01-31,2024-01-31 10:42:00,-8.721437292857903e-05,-8.721437292857903e-05,-0.0001602167
C,2024-01-31,2024-01-31 10:43:00,0.000523331879633604,0.000523331879633604,-2.5064168e-05
C,2024-01-31,2024-01-31 10:44:00,-0.0001743527155436686,-0.0001743527155436686,-0.00016270927
C,2024-01-31,2024-01-31 10:45:00,0.00026157467957110825,0.00026157467957110825,0.00011074719
C,2024-01-31,2024-01-31 10:46:00,0.0,0.0,-0.0001836765
C,2024-01-31,2024-01-31 10:47:00,0.00026150627615062483,0.00026150627615062483,-0.00012335362
C,2024-01-31,2024-01-31 10:48:00,-0.00034858387799552304,-0.00034858387799552304,-0.0001838043
C,2024-01-31,2024-01-31 10:49:00,-0.0009589399354895667,-0.0009589399354895667,-0.00020165839
C,2024-01-31,2024-01-31 10:50:00,-8.7260034903891e-05,-8.7260034903891e-05,-9.336829e-06
C,2024-01-31,2024-01-31 10:51:00,0.00017453529976441118,0.00017453529976441118,2.8438919e-05
C,2024-01-31,2024-01-31 10:52:00,-0.0003490096850188307,-0.0003490096850188307,6.489873e-06
C,2024-01-31,2024-01-31 10:53:00,0.0005236973029589809,0.0005236973029589809,-0.00012002474
C,2024-01-31,2024-01-31 10:54:00,-0.0010468463752945079,-0.0010468463752945079,-4.969307e-05
C,2024-01-31,2024-01-31 10:55:00,0.0006986289407040491,0.0006986289407040491,-0.00014348916
C,2024-01-31,2024-01-31 10:56:00,-0.0005236058992931225,-0.0005236058992931225,-0.0003057799
C,2024-01-31,2024-01-31 10:57:00,0.0003492534707063566,0.0003492534707063566,-6.475039e-05
C,2024-01-31,2024-01-31 10:58:00,-0.00026184865147949044,-0.00026184865147949044,3.4346187e-05
C,2024-01-31,2024-01-31 10:59:00,-0.0002619172341540299,-0.0002619172341540299,-0.00020636323
C,2024-01-31,2024-01-31 11:00:00,-0.00034931447035191354,-0.00034931447035191354,-1.7326664e-05
C,2024-01-31,2024-01-31 11:01:00,0.0001747182667948266,0.0001747182667948266,0.000106215164
C,2024-01-31,2024-01-31 11:02:00,0.0001746877456545448,0.0001746877456545448,-1.617545e-05
C,2024-01-31,2024-01-31 11:03:00,-0.0008732861758797839,-0.0008732861758797839,-3.35745e-05
C,2024-01-31,2024-01-31 11:04:00,-0.0007866445240800601,-0.0007866445240800601,0.0003757445
C,2024-01-31,2024-01-31 11:05:00,0.0003498950314906324,0.0003498950314906324,0.0003993717
C,2024-01-31,2024-01-31 11:06:00,0.0008744316194473356,0.0008744316194473356,-1.44771575e-05
C,2024-01-31,2024-01-31 11:07:00,0.0006989341254586279,0.0006989341254586279,0.0002470056
C,2024-01-31,2024-01-31 11:08:00,-0.0002619172341540299,-0.0002619172341540299,-0.00012932133
C,2024-01-31,2024-01-31 11:09:00,0.00043664308794011397,0.00043664308794011397,-3.9780636e-05
C,2024-01-31,2024-01-31 11:10:00,-0.0006110335195530503,-0.0006110335195530503,6.8982146e-05
C,2024-01-31,2024-01-31 11:11:00,0.00034937549130931167,0.00034937549130931167,6.656715e-05
C,2024-01-31,2024-01-31 11:12:00,0.001222387147472359,0.001222387147472359,6.925349e-05
C,2024-01-31,2024-01-31 11:13:00,-8.720676724516263e-05,-8.720676724516263e-05,-0.0003685319
C,2024-01-31,2024-01-31 11:14:00,-0.0004360718646432282,-0.0004360718646432282,-5.1337607e-05
C,2024-01-31,2024-01-31 11:15:00,-0.00017450484250935983,-0.00017450484250935983,-6.5924332e-06
C,2024-01-31,2024-01-31 11:16:00,0.0008726764988218338,0.0008726764988218338,8.644208e-05
C,2024-01-31,2024-01-31 11:17:00,0.0006975324788560666,0.0006975324788560666,0.00021319551
C,2024-01-31,2024-01-31 11:18:00,-0.0008713078330574442,-0.0008713078330574442,-5.6203826e-05
C,2024-01-31,2024-01-31 11:19:00,-0.0003488270689806505,-0.0003488270689806505,7.180173e-05
C,2024-01-31,2024-01-31 11:20:00,0.00026171159382371023,0.00026171159382371023,6.374861e-05
C,2024-01-31,2024-01-31 11:21:00,0.0,0.0,0.00010140571
C,2024-01-31,2024-01-31 11:22:00,0.0,0.0,6.533785e-05
C,2024-01-31,2024-01-31 11:23:00,0.0003488574917147602,0.0003488574917147602,0.00013340951
C,2024-01-31,2024-01-31 11:24:00,-0.0007846556233653823,-0.0007846556233653823,1.1040801e-06
C,2024-01-31,2024-01-31 11:25:00,8.725242125473542e-05,8.725242125473542e-05,4.4539425e-05
C,2024-01-31,2024-01-31 11:26:00,0.0004362240446693644,0.0004362240446693644,-2.8738477e-05
C,2024-01-31,2024-01-31 11:27:00,0.00026162030173537687,0.00026162030173537687,6.3229127e-06
C,2024-01-31,2024-01-31 11:28:00,0.0003487358326066392,0.0003487358326066392,-5.4981224e-06
C,2024-01-31,2024-01-31 11:29:00,-0.00026146069374222147,-0.00026146069374222147,2.3664135e-05
C,2024-01-31,2024-01-31 11:30:00,0.0,0.0,-4.2499323e-05
C,2024-01-31,2024-01-31 11:31:00,-0.00026152907331533637,-0.00026152907331533637,1.5861946e-05
C,2024-01-31,2024-01-31 11:32:00,0.0,0.0,-0.000121587895
C,2024-01-31,2024-01-31 11:33:00,-8.719916288812968e-05,-8.719916288812968e-05,-2.5266781e-05
C,2024-01-31,2024-01-31 11:34:00,-0.0013081015086769954,-0.0013081015086769954,-6.791531e-05
C,2024-01-31,2024-01-31 11:35:00,8.732099196628873e-05,8.732099196628873e-05,0.00027553813
C,2024-01-31,2024-01-31 11:36:00,-0.0007858203090893578,-0.0007858203090893578,1.6684375e-05
C,2024-01-31,2024-01-31 11:37:00,-0.0006990562740299966,-0.0006990562740299966,4.4077267e-05
C,2024-01-31,2024-01-31 11:38:00,-0.00034977264777902306,-0.00034977264777902306,0.00011655712
C,2024-01-31,2024-01-31 11:39:00,-0.0006997900629809317,-0.0006997900629809317,0.0001206026
C,2024-01-31,2024-01-31 11:40:00,-0.00035014005602251874,-0.00035014005602251874,0.00022466891
C,2024-01-31,2024-01-31 11:41:00,8.75656742558295e-05,8.75656742558295e-05,0.00032927943
C,2024-01-31,2024-01-31 11:42:00,0.0005253480430784663,0.0005253480430784663,-8.061274e-06
C,2024-01-31,2024-01-31 11:43:00,-0.0005250721974271455,-0.0005250721974271455,-9.926536e-05
C,2024-01-31,2024-01-31 11:44:00,-0.00017511601435959978,-0.00017511601435959978,7.389126e-05
C,2024-01-31,2024-01-31 11:45:00,0.0003502933706978073,0.0003502933706978073,3.9064285e-05
C,2024-01-31,2024-01-31 11:46:00,-0.0003501707082201877,-0.0003501707082201877,2.4964882e-05
C,2024-01-31,2024-01-31 11:47:00,-0.0008757334267448513,-0.0008757334267448513,2.3874035e-08
C,2024-01-31,2024-01-31 11:48:00,0.0008765010079760938,0.0008765010079760938,0.00015553653
C,2024-01-31,2024-01-31 11:49:00,0.00017514668534901467,0.00017514668534901467,-0.00023987636
C,2024-01-31,2024-01-31 11:50:00,0.0003502320287189775,0.0003502320287189775,-7.042165e-05
C,2024-01-31,2024-01-31 11:51:00,0.0007002188183806712,0.0007002188183806712,-6.688239e-05
C,2024-01-31,2024-01-31 11:52:00,8.74661068837046e-05,8.74661068837046e-05,-0.00010275176
C,2024-01-31,2024-01-31 11:53:00,0.0008745845723281409,0.0008745845723281409,0.00010277939
C,2024-01-31,2024-01-31 11:54:00,0.0006116742397761499,0.0006116742397761499,-0.00016299121
C,2024-01-31,2024-01-31 11:55:00,0.0012226006462319194,0.0012226006462319194,-0.0003628237
C,2024-01-31,2024-01-31 11:56:00,0.0008722197993893399,0.0008722197993893399,-0.00080903166
C,2024-01-31,2024-01-31 11:57:00,0.00034858387799552304,0.00034858387799552304,-0.00050570595
C,2024-01-31,2024-01-31 11:58:00,-0.0010453872288527233,-0.0010453872288527233,-0.00016948998
C,2024-01-31,2024-01-31 11:59:00,-0.0009592744396963448,-0.0009592744396963448,4.9423576e-05
C,2024-01-31,2024-01-31 12:00:00,-0.00026187150837986284,-0.00026187150837986284,0.00012621463
C,2024-01-31,2024-01-31 12:01:00,0.0006985069414127132,0.0006985069414127132,3.4206507e-05
C,2024-01-31,2024-01-31 12:02:00,0.0005235145275281905,0.0005235145275281905,-0.00014790222
C,2024-01-31,2024-01-31 12:03:00,0.00017441353449032526,0.00017441353449032526,2.8021997e-05
C,2024-01-31,2024-01-31 12:04:00,-0.00017438311971396114,-0.00017438311971396114,4.501148e-05
C,2024-01-31,2024-01-31 12:05:00,-0.001656928577657646,-0.001656928577657646,-6.2415677e-07
C,2024-01-31,2024-01-31 12:06:00,0.002096436058700135,0.002096436058700135,0.00044941079
C,2024-01-31,2024-01-31 12:07:00,0.00043584379358452274,0.00043584379358452274,-0.00042288777
C,2024-01-31,2024-01-31 12:08:00,-0.0006970462664460664,-0.0006970462664460664,-0.000299072
C,2024-01-31,2024-01-31 12:09:00,0.00017438311971407217,0.00017438311971407217,-1.7144037e-05
C,2024-01-31,2024-01-31 12:10:00,-0.0006974108621743413,-0.0006974108621743413,-6.365672e-05
C,2024-01-31,2024-01-31 12:11:00,0.0001744743958824735,0.0001744743958824735,-4.3963068e-05
C,2024-01-31,2024-01-31 12:12:00,-0.000697775839511694,-0.000697775839511694,-1.67755e-05
C,2024-01-31,2024-01-31 12:13:00,0.00034913153530591323,0.00034913153530591323,5.5698336e-05
C,2024-01-31,2024-01-31 12:14:00,-0.0003490096850188307,-0.0003490096850188307,-4.378854e-05
C,2024-01-31,2024-01-31 12:15:00,0.00034913153530591323,0.00034913153530591323,-4.6821962e-05
C,2024-01-31,2024-01-31 12:16:00,-0.0006980193700375503,-0.0006980193700375503,0.00019712608
C,2024-01-31,2024-01-31 12:17:00,0.00017462673535328932,0.00017462673535328932,0.00011136786
C,2024-01-31,2024-01-31 12:18:00,-0.0004364906154518122,-0.0004364906154518122,-2.4353347e-05
C,2024-01-31,2024-01-31 12:19:00,8.733624454149158e-05,8.733624454149158e-05,0.00013403005
C,2024-01-31,2024-01-31 12:20:00,-0.00017465723517584575,-0.00017465723517584575,5.6806635e-05
C,2024-01-31,2024-01-31 12:21:00,-0.00026203161848192824,-0.00026203161848192824,9.762659e-05
C,2024-01-31,2024-01-31 12:22:00,0.0002621002970470965,0.0002621002970470965,2.4926564e-06
C,2024-01-31,2024-01-31 12:23:00,0.00034937549130931167,0.00034937549130931167,5.1080002e-05
C,2024-01-31,2024-01-31 12:24:00,0.0,0.0,-1.4066796e-05
C,2024-01-31,2024-01-31 12:25:00,0.00017462673535328932,0.00017462673535328932,3.3772587e-06
C,2024-01-31,2024-01-31 12:26:00,-0.003230030554343122,-0.0029875631899746614,-9.430246e-06
C,2024-01-31,2024-01-31 12:27:00,0.0030653354352776496,0.0030342078402711362,0.00117949
C,2024-01-31,2024-01-31 12:28:00,0.0003492534707063566,0.0003492534707063566,-0.00048539694
C,2024-01-31,2024-01-31 12:29:00,-0.0003491315353058022,-0.0003491315353058022,-0.00011430324
C,2024-01-31,2024-01-31 12:30:00,-0.00017462673535328932,-0.00017462673535328932,-2.452711e-05
C,2024-01-31,2024-01-31 12:31:00,0.00017465723517595677,0.00017465723517595677,2.6061487e-05
C,2024-01-31,2024-01-31 12:32:00,0.0006985069414127132,0.0006985069414127132,-0.0001506524
C,2024-01-31,2024-01-31 12:33:00,-0.0005235145275280795,-0.0005235145275280795,-0.00013165468
C,2024-01-31,2024-01-31 12:34:00,-0.0001745962461807693,-0.0001745962461807693,-6.3025386e-06
C,2024-01-31,2024-01-31 12:35:00,0.0,0.0,0.000121402314
C,2024-01-31,2024-01-31 12:36:00,-0.0006985069414128242,-0.0006985069414128242,2.3737557e-06
C,2024-01-31,2024-01-31 12:37:00,-0.00034949759720392937,-0.00034949759720392937,0.00014867097
C,2024-01-31,2024-01-31 12:38:00,0.0,0.0,6.0338378e-05
C,2024-01-31,2024-01-31 12:39:00,-0.0005244296827200401,-0.0005244296827200401,0.00020675779
C,2024-01-31,2024-01-31 12:40:00,0.0011368605159598477,0.0011368605159598477,9.221147e-05
C,2024-01-31,2024-01-31 12:41:00,0.0003494060097835039,0.0003494060097835039,-0.0002008398
C,2024-01-31,2024-01-31 12:42:00,0.0004366049598321098,0.0004366049598321098,-8.6384e-05
C,2024-01-31,2024-01-31 12:43:00,-0.0001745657676528456,-0.0001745657676528456,4.6759604e-05
C,2024-01-31,2024-01-31 12:44:00,-0.0003491924923615386,-0.0003491924923615386,-5.8219546e-05
C,2024-01-31,2024-01-31 12:45:00,0.0003493144703521356,0.0003493144703521356,-1.3853772e-05
C,2024-01-31,2024-01-31 12:46:00,0.00017459624618054725,0.00017459624618054725,-3.630169e-05
C,2024-01-31,2024-01-31 12:47:00,0.0007855459544383603,0.0007855459544383603,5.491047e-05
C,2024-01-31,2024-01-31 12:48:00,-0.00026164311878595914,-0.00026164311878595914,-0.00021985183
C,2024-01-31,2024-01-31 12:49:00,0.0,0.0,-4.3310756e-05
C,2024-01-31,2024-01-31 12:50:00,0.000348948791764947,0.000348948791764947,3.9285587e-05
C,2024-01-31,2024-01-31 12:51:00,-0.004273131595011748,-0.0029875631899746614,1.2097593e-05
C,2024-01-31,2024-01-31 12:52:00,0.0033280784725870927,0.0030342078402711362,0.0010451364
C,2024-01-31,2024-01-31 12:53:00,0.00034916201117307644,0.00034916201117307644,-0.00038459818
C,2024-01-31,2024-01-31 12:54:00,0.0002617801047120061,0.0002617801047120061,-9.9139696e-05
C,2024-01-31,2024-01-31 12:55:00,-0.00017447439588236247,-0.00017447439588236247,-1.1990631e-05
C,2024-01-31,2024-01-31 12:56:00,0.0004362621062734551,0.0004362621062734551,-1.4522428e-05
C,2024-01-31,2024-01-31 12:57:00,-0.004186289900575568,-0.0029875631899746614,-0.00014545265
C,2024-01-31,2024-01-31 12:58:00,0.004466631634261642,0.0030342078402711362,0.0014128938
C,2024-01-31,2024-01-31 12:59:00,0.0006975324788560666,0.0006975324788560666,-0.0005993351
C,2024-01-31,2024-01-31 13:00:00,-0.0012198309662805329,-0.0012198309662805329,-4.7919886e-05
C,2024-01-31,2024-01-31 13:01:00,-0.0005234231876471984,-0.0005234231876471984,0.00048106798
C,2024-01-31,2024-01-31 13:02:00,-0.0003491315353058022,-0.0003491315353058022,0.00012848785
C,2024-01-31,2024-01-31 13:03:00,0.0006111935737360685,0.0006111935737360685,-3.2063483e-05
C,2024-01-31,2024-01-31 13:04:00,0.0004363001745202322,0.0004363001745202322,-5.6180597e-06
C,2024-01-31,2024-01-31 13:05:00,-0.000610553859572649,-0.000610553859572649,0.00015451606
C,2024-01-31,2024-01-31 13:06:00,-0.00026182579856859345,-0.00026182579856859345,4.6700858e-05
C,2024-01-31,2024-01-31 13:07:00,-0.0008729812309037355,-0.0008729812309037355,7.44267e-05
C,2024-01-31,2024-01-31 13:08:00,0.0006116207951072372,0.0006116207951072372,0.00026075862
C,2024-01-31,2024-01-31 13:09:00,0.0001746419839327995,0.0001746419839327995,-0.00022787371
C,2024-01-31,2024-01-31 13:10:00,0.0007857517024620897,0.0007857517024620897,-4.9391267e-05
C,2024-01-31,2024-01-31 13:11:00,0.001657506760882832,0.001657506760882832,-0.0002539868
C,2024-01-31,2024-01-31 13:12:00,-0.00130639261452703,-0.00130639261452703,-0.0007282794
C,2024-01-31,2024-01-31 13:13:00,-0.0008720676724514043,-0.0008720676724514043,0.0005612918
C,2024-01-31,2024-01-31 13:14:00,0.001396526141223653,0.001396526141223653,0.00017681002
C,2024-01-31,2024-01-31 13:15:00,-8.71611609866152e-05,-8.71611609866152e-05,-0.00043516955
C,2024-01-31,2024-01-31 13:16:00,0.00026150627615062483,0.00026150627615062483,-5.8504982e-05
C,2024-01-31,2024-01-31 13:17:00,-0.00034858387799552304,-0.00034858387799552304,9.195268e-05
C,2024-01-31,2024-01-31 13:18:00,-0.00026152907331533637,-0.00026152907331533637,9.604478e-05
C,2024-01-31,2024-01-31 13:19:00,-0.000261597488664167,-0.000261597488664167,7.453159e-05
C,2024-01-31,2024-01-31 13:20:00,-0.000610553859572649,-0.000610553859572649,8.62661e-06
C,2024-01-31,2024-01-31 13:21:00,-0.00026182579856859345,-0.00026182579856859345,0.00020746145
C,2024-01-31,2024-01-31 13:22:00,-0.0008729812309037355,-0.0008729812309037355,-2.1758648e-05
C,2024-01-31,2024-01-31 13:23:00,-0.0005242463958059496,-0.0005242463958059496,0.00038403002
C,2024-01-31,2024-01-31 13:24:00,0.0005245213742459676,0.0005245213742459676,0.0002496017
C,2024-01-31,2024-01-31 13:25:00,-8.737439930095459e-05,-8.737439930095459e-05,0.00011367726
C,2024-01-31,2024-01-31 13:26:00,0.0,0.0,0.00013372907
C,2024-01-31,2024-01-31 13:27:00,8.73820342537357e-05,8.73820342537357e-05,0.00010693748
C,2024-01-31,2024-01-31 13:28:00,0.0006989951944080808,0.0006989951944080808,6.8746354e-05
C,2024-01-31,2024-01-31 13:29:00,-0.00034925347070624557,-0.00034925347070624557,-6.9107184e-05
C,2024-01-31,2024-01-31 13:30:00,0.0008734387282731682,0.0008734387282731682,-6.295918e-07
C,2024-01-31,2024-01-31 13:31:00,-0.0006981411990576447,-0.0006981411990576447,-0.00027607413
C,2024-01-31,2024-01-31 13:32:00,-0.00017465723517584575,-0.00017465723517584575,7.594324e-05
C,2024-01-31,2024-01-31 13:33:00,-0.0006987509826186233,-0.0006987509826186233,-1.2288416e-05
C,2024-01-31,2024-01-31 13:34:00,0.0,0.0,0.00010412104
C,2024-01-31,2024-01-31 13:35:00,-0.0004370247356000334,-0.0004370247356000334,5.60622e-05
C,2024-01-31,2024-01-31 13:36:00,0.0006121021336131793,0.0006121021336131793,-8.472335e-08
C,2024-01-31,2024-01-31 13:37:00,0.0003495586821637975,0.0003495586821637975,3.239249e-05
C,2024-01-31,2024-01-31 13:38:00,0.0,0.0,3.1965355e-05
C,2024-01-31,2024-01-31 13:39:00,0.0004367956669870665,0.0004367956669870665,0.00012379336
C,2024-01-31,2024-01-31 13:40:00,0.0002619629758993103,0.0002619629758993103,6.8647554e-05
C,2024-01-31,2024-01-31 13:41:00,-0.0001745962461807693,-0.0001745962461807693,6.136029e-06
C,2024-01-31,2024-01-31 13:42:00,8.731336767642262e-05,8.731336767642262e-05,1.5659036e-05
C,2024-01-31,2024-01-31 13:43:00,0.00034922297887196585,0.00034922297887196585,0.000114485774
C,2024-01-31,2024-01-31 13:44:00,-0.00026182579856859345,-0.00026182579856859345,2.937541e-05
C,2024-01-31,2024-01-31 13:45:00,0.0,0.0,7.4142365e-05
C,2024-01-31,2024-01-31 13:46:00,0.0006983849847226331,0.0006983849847226331,0.000111987356
C,2024-01-31,2024-01-31 13:47:00,-0.00034894879176472493,-0.00034894879176472493,-4.0184696e-05
C,2024-01-31,2024-01-31 13:48:00,0.0011344794484684506,0.0011344794484684506,-9.6673276e-08
C,2024-01-31,2024-01-31 13:49:00,-0.0007845188284518745,-0.0007845188284518745,-4.2203552e-05
C,2024-01-31,2024-01-31 13:50:00,-0.00017447439588236247,-0.00017447439588236247,0.00015007709
C,2024-01-31,2024-01-31 13:51:00,0.0001745048425092488,0.0001745048425092488,5.6379475e-05
C,2024-01-31,2024-01-31 13:52:00,-0.00034894879176472493,-0.00034894879176472493,4.3371354e-05
C,2024-01-31,2024-01-31 13:53:00,0.0,0.0,3.0370516e-05
C,2024-01-31,2024-01-31 13:54:00,0.00017453529976441118,0.00017453529976441118,0.00026472769
C,2024-01-31,2024-01-31 13:55:00,-0.00017450484250935983,-0.00017450484250935983,6.1052495e-05
C,2024-01-31,2024-01-31 13:56:00,-0.0008726764988218338,-0.0008726764988218338,-2.6018253e-05
C,2024-01-31,2024-01-31 13:57:00,0.0001746877456545448,0.0001746877456545448,4.5936547e-05
C,2024-01-31,2024-01-31 13:58:00,0.0057636887608070175,0.0030342078402711362,0.000119068965
C,2024-01-31,2024-01-31 13:59:00,-0.00937744204219848,-0.0029875631899746614,-0.0011193246
C,2024-01-31,2024-01-31 14:00:00,0.0021912525199403454,0.0021912525199403454,0.001101602
C,2024-01-31,2024-01-31 14:01:00,-0.0019240860591218656,-0.0019240860591218656,-6.111782e-05
C,2024-01-31,2024-01-31 14:02:00,0.0,0.0,0.0009768248
C,2024-01-31,2024-01-31 14:03:00,0.00814931650893791,0.0030342078402711362,0.0005311719
C,2024-01-31,2024-01-31 14:04:00,-0.0061712299000433735,-0.0029875631899746614,-0.00060124695
C,2024-01-31,2024-01-31 14:05:00,0.0012244184012593085,0.0012244184012593085,0.00046214246
C,2024-01-31,2024-01-31 14:06:00,-0.0012229210342417085,-0.0012229210342417085,-7.8543686e-05
C,2024-01-31,2024-01-31 14:07:00,-0.0004372922861641815,-0.0004372922861641815,0.00046019553
C,2024-01-31,2024-01-31 14:08:00,0.00043748359436524,0.00043748359436524,0.00015355773
C,2024-01-31,2024-01-31 14:09:00,0.00043729228616395943,0.00043729228616395943,0.0003639686
C,2024-01-31,2024-01-31 14:10:00,-0.00017484045808191517,-0.00017484045808191517,-0.00010418179
C,2024-01-31,2024-01-31 14:11:00,0.0008743551630672197,0.0008743551630672197,9.427582e-05
C,2024-01-31,2024-01-31 14:12:00,-0.0005241548003843688,-0.0005241548003843688,-0.00013477028
C,2024-01-31,2024-01-31 14:13:00,-0.0006118346298399358,-0.0006118346298399358,5.2151216e-05
C,2024-01-31,2024-01-31 14:14:00,-0.0014867937729579062,-0.0014867937729579062,-1.3770515e-05
C,2024-01-31,2024-01-31 14:15:00,0.0,0.0,0.0004616383
C,2024-01-31,2024-01-31 14:16:00,-0.0007882981518787524,-0.0007882981518787524,8.276591e-05
C,2024-01-31,2024-01-31 14:17:00,0.0,0.0,0.00043178457
C,2024-01-31,2024-01-31 14:18:00,0.0003506311360448322,0.0003506311360448322,0.00026114873
C,2024-01-31,2024-01-31 14:19:00,0.000350508236943492,0.000350508236943492,8.7272885e-05
C,2024-01-31,2024-01-31 14:20:00,0.0003503854239663706,0.0003503854239663706,-2.3457545e-05
C,2024-01-31,2024-01-31 14:21:00,-0.0012259194395796147,-0.0012259194395796147,-3.6156638e-05
C,2024-01-31,2024-01-31 14:22:00,0.000876731544800835,0.000876731544800835,0.00046454844
C,2024-01-31,2024-01-31 14:23:00,8.759635599164817e-05,8.759635599164817e-05,-0.00014302085
C,2024-01-31,2024-01-31 14:24:00,0.0005255321012525016,0.0005255321012525016,4.154342e-05
C,2024-01-31,2024-01-31 14:25:00,-8.754267705501917e-05,-8.754267705501917e-05,-0.00019717729
C,2024-01-31,2024-01-31 14:26:00,-0.0006128523901242078,-0.0006128523901242078,-0.00014870439
C,2024-01-31,2024-01-31 14:27:00,-0.00035041611914155,-0.00035041611914155,-1.3964558e-05
C,2024-01-31,2024-01-31 14:28:00,-8.763473841033598e-05,-8.763473841033598e-05,-1.6430762e-05
C,2024-01-31,2024-01-31 14:29:00,-0.00043821209465366717,-0.00043821209465366717,8.036929e-06
C,2024-01-31,2024-01-31 14:30:00,0.0011398509425690762,0.0011398509425690762,4.1988893e-05
C,2024-01-31,2024-01-31 14:31:00,0.0005254860746191081,0.0005254860746191081,2.7101996e-05
C,2024-01-31,2024-01-31 14:32:00,-0.00043767507002812067,-0.00043767507002812067,-0.00014697439
C,2024-01-31,2024-01-31 14:33:00,0.00017514668534901467,0.00017514668534901467,7.820243e-06
C,2024-01-31,2024-01-31 14:34:00,0.0007880220646176994,0.0007880220646176994,-2.8421515e-05
C,2024-01-31,2024-01-31 14:35:00,-0.00034995625546807574,-0.00034995625546807574,4.8581693e-05
C,2024-01-31,2024-01-31 14:36:00,8.75196919307708e-05,8.75196919307708e-05,2.651869e-05
C,2024-01-31,2024-01-31 14:37:00,0.0009626323619496002,0.0009626323619496002,0.000105489824
C,2024-01-31,2024-01-31 14:38:00,-0.0006994229760447501,-0.0006994229760447501,-1.6101307e-05
C,2024-01-31,2024-01-31 14:39:00,0.0032370953630795896,0.0030342078402711362,0.00031699918
C,2024-01-31,2024-01-31 14:40:00,0.0007848609052061306,0.0007848609052061306,-0.00081351097
C,2024-01-31,2024-01-31 14:41:00,0.0,0.0,-0.0005079835
C,2024-01-31,2024-01-31 14:42:00,-0.00017427675148118382,-0.00017427675148118382,-0.00019717308
C,2024-01-31,2024-01-31 14:43:00,-0.000871535645807997,-0.000871535645807997,-1.042079e-05
C,2024-01-31,2024-01-31 14:44:00,0.00017445917655267706,0.00017445917655267706,-8.302984e-05
C,2024-01-31,2024-01-31 14:45:00,8.721437292869005e-05,8.721437292869005e-05,0.00014004734
C,2024-01-31,2024-01-31 14:46:00,-0.0011336879741868922,-0.0011336879741868922,-3.0262827e-06
C,2024-01-31,2024-01-31 14:47:00,-0.0008730574471800256,-0.0008730574471800256,0.0003931851
C,2024-01-31,2024-01-31 14:48:00,-0.002009786787836365,-0.002009786787836365,0.00060135993
C,2024-01-31,2024-01-31 14:49:00,-0.00035023202871908854,-0.00035023202871908854,0.0010996278
C,2024-01-31,2024-01-31 14:50:00,-0.0019269510379258392,-0.0019269510379258392,0.00061062997
C,2024-01-31,2024-01-31 14:51:00,-0.0002632733655112407,-0.0002632733655112407,0.0013630484
C,2024-01-31,2024-01-31 14:52:00,-0.0066713483146068064,-0.0029875631899746614,0.0004224134
C,2024-01-31,2024-01-31 14:53:00,0.008395192647578709,0.0030342078402711362,0.001173296
C,2024-01-31,2024-01-31 14:54:00,-0.0002629042152308969,-0.0002629042152308969,-0.00038029096
C,2024-01-31,2024-01-31 14:55:00,-0.0009642356241233996,-0.0009642356241233996,-3.5766323e-05
C,2024-01-31,2024-01-31 14:56:00,0.006843906291129187,0.0030342078402711362,3.1956493e-05
C,2024-01-31,2024-01-31 14:57:00,-0.006623093681917158,-0.0029875631899746614,-0.0009667649
C,2024-01-31,2024-01-31 14:58:00,-0.0008772699359593794,-0.0008772699359593794,0.00022657354
C,2024-01-31,2024-01-31 14:59:00,-0.0012292562999385304,-0.0012292562999385304,0.00029158627
C,2024-01-31,2024-01-31 15:00:00,-0.0017582417582416854,-0.0017582417582416854,0.0010759126
C,2024-01-31,2024-01-31 15:01:00,-0.0024658740642888866,-0.0024658740642888866,0.0013905976
C,2024-01-31,2024-01-31 15:02:00,-0.0002648538889379326,-0.0002648538889379326,0.0012497306
C,2024-01-31,2024-01-31 15:03:00,-0.0005298481102083974,-0.0005298481102083974,0.0005314098
C,2024-01-31,2024-01-31 15:04:00,-0.00044177416504698197,-0.00044177416504698197,0.000550774
C,2024-01-31,2024-01-31 15:05:00,-0.008574206664898831,-0.0029875631899746614,0.00046267686
C,2024-01-31,2024-01-31 15:06:00,0.003655492154065687,0.0030342078402711362,0.0012039853
C,2024-01-31,2024-01-31 15:07:00,0.0035533445855913115,0.0030342078402711362,0.00030501705
C,2024-01-31,2024-01-31 15:08:00,0.0005311144551651825,0.0005311144551651825,-8.819745e-05
C,2024-01-31,2024-01-31 15:09:00,0.001415553392904556,0.001415553392904556,0.00028005592
C,2024-01-31,2024-01-31 15:10:00,-0.0003533881084900603,-0.0003533881084900603,-0.00039805457
C,2024-01-31,2024-01-31 15:11:00,0.0015024304021209467,0.0015024304021209467,-0.00015970365
C,2024-01-31,2024-01-31 15:12:00,0.0003529827038475375,0.0003529827038475375,-0.00093543576
C,2024-01-31,2024-01-31 15:13:00,0.007233592095977404,0.0030342078402711362,-0.0002586551
C,2024-01-31,2024-01-31 15:14:00,-0.0078822911192854,-0.0029875631899746614,-0.00088588486
C,2024-01-31,2024-01-31 15:15:00,-0.0005296610169491789,-0.0005296610169491789,0.00040012746
C,2024-01-31,2024-01-31 15:16:00,0.0001766472354709503,0.0001766472354709503,0.00016003112
C,2024-01-31,2024-01-31 15:17:00,-0.0010596962204169058,-0.0010596962204169058,1.736297e-05
C,2024-01-31,2024-01-31 15:18:00,-0.0010608203677511252,-0.0010608203677511252,0.0003583292
C,2024-01-31,2024-01-31 15:19:00,0.001061946902654931,0.001061946902654931,0.0005398993
C,2024-01-31,2024-01-31 15:20:00,0.0007072135785006761,0.0007072135785006761,-4.0916548e-05
C,2024-01-31,2024-01-31 15:21:00,0.0007067137809186885,0.0007067137809186885,0.00015932569
C,2024-01-31,2024-01-31 15:22:00,-0.009887005649717562,-0.0029875631899746614,-0.000106887426
C,2024-01-31,2024-01-31 15:23:00,0.009539942938658896,0.0030342078402711362,0.0011257239
C,2024-01-31,2024-01-31 15:24:00,-0.001501368895169053,-0.001501368895169053,-0.00035855523
C,2024-01-31,2024-01-31 15:25:00,0.00035379444542704697,0.00035379444542704697,0.00036069658
C,2024-01-31,2024-01-31 15:26:00,0.0007073386383731339,0.0007073386383731339,0.00021165224
C,2024-01-31,2024-01-31 15:27:00,-0.0013253224951405018,-0.0013253224951405018,-2.233377e-05
C,2024-01-31,2024-01-31 15:28:00,0.0001769441741130695,0.0001769441741130695,0.00033880956
C,2024-01-31,2024-01-31 15:29:00,-0.0010614772224679658,-0.0010614772224679658,0.00011787063
C,2024-01-31,2024-01-31 15:30:00,-0.00017710085893929417,-0.00017710085893929417,0.00012976478
C,2024-01-31,2024-01-31 15:31:00,-0.0009742272606501068,-0.0009742272606501068,3.767441e-05
C,2024-01-31,2024-01-31 15:32:00,0.00026595744680846245,0.00026595744680846245,0.0005246363
C,2024-01-31,2024-01-31 15:33:00,-0.0005317734645040595,-0.0005317734645040595,3.313337e-05
C,2024-01-31,2024-01-31 15:34:00,-0.0011527888622862026,-0.0011527888622862026,0.00037646733
C,2024-01-31,2024-01-31 15:35:00,0.0004438920454545858,0.0004438920454545858,0.0005731297
C,2024-01-31,2024-01-31 15:36:00,-0.0004436950927322325,-0.0004436950927322325,9.847403e-05
C,2024-01-31,2024-01-31 15:37:00,0.00017755681818187874,0.00017755681818187874,9.864676e-05
C,2024-01-31,2024-01-31 15:38:00,0.0002662879460322287,0.0002662879460322287,4.222489e-05
C,2024-01-31,2024-01-31 15:39:00,0.000532434111278679,0.000532434111278679,0.00021134432
C,2024-01-31,2024-01-31 15:40:00,-0.001685144124168536,-0.001685144124168536,2.1387103e-05
C,2024-01-31,2024-01-31 15:41:00,0.0002665245202557731,0.0002665245202557731,0.0005756276
C,2024-01-31,2024-01-31 15:42:00,0.0005329070077271236,0.0005329070077271236,0.00014543402
C,2024-01-31,2024-01-31 15:43:00,-0.0010652463382156974,-0.0010652463382156974,0.00018498099
C,2024-01-31,2024-01-31 15:44:00,-0.00026659557451347293,-0.00026659557451347293,0.00021284349
C,2024-01-31,2024-01-31 15:45:00,-0.0001777777777778322,-0.0001777777777778322,0.00037578447
C,2024-01-31,2024-01-31 15:46:00,0.0006223328591750121,0.0006223328591750121,0.00024053802
C,2024-01-31,2024-01-31 15:47:00,-0.0008884940026655519,-0.0008884940026655519,-4.2356616e-05
C,2024-01-31,2024-01-31 15:48:00,-0.00044464206313898913,-0.00044464206313898913,0.00024577326
C,2024-01-31,2024-01-31 15:49:00,-8.89679715302405e-05,-8.89679715302405e-05,-3.2352073e-05
C,2024-01-31,2024-01-31 15:50:00,0.00017795177506885196,0.00017795177506885196,5.790411e-05
C,2024-01-31,2024-01-31 15:51:00,-8.896005693437292e-05,-8.896005693437292e-05,-6.195417e-05
C,2024-01-31,2024-01-31 15:52:00,-0.0008007117437722755,-0.0008007117437722755,-1.1057958e-05
C,2024-01-31,2024-01-31 15:53:00,0.0012465497284301907,0.0012465497284301907,-2.9645991e-05
C,2024-01-31,2024-01-31 15:54:00,0.0,0.0,-0.0003327246
C,2024-01-31,2024-01-31 15:55:00,8.892841262797546e-05,8.892841262797546e-05,-9.126529e-05
C,2024-01-31,2024-01-31 15:56:00,0.0,0.0,2.3208526e-05
C,2024-01-31,2024-01-31 15:57:00,-0.0008892050506847937,-0.0008892050506847937,7.691548e-05
C,2024-01-31,2024-01-31 15:58:00,-8.899964400144178e-05,-8.899964400144178e-05,0.00011574904
