COMPANY,DATE,INTERVAL_TIME,y_true_raw,y_true,y_pred
C,2024-01-17,2024-01-17 09:40:00,-0.0007817080320501324,-0.0007817080320501324,4.544698772130983e-05
C,2024-01-17,2024-01-17 09:41:00,-0.00029336984158034873,-0.00029336984158034873,0.0002042003871207525
C,2024-01-17,2024-01-17 09:42:00,0.0014672796635040175,0.0014672796635040175,8.514729762860121e-05
C,2024-01-17,2024-01-17 09:43:00,0.0007814026176988786,0.0007814026176988786,-0.00027307728262478375
C,2024-01-17,2024-01-17 09:44:00,9.759906304895871e-05,9.759906304895871e-05,-0.00014428556062639792
C,2024-01-17,2024-01-17 09:45:00,0.0002927686152045528,0.0002927686152045528,-3.103242932970357e-05
C,2024-01-17,2024-01-17 09:46:00,0.0009756097560975618,0.0009756097560975618,-6.805626198180792e-05
C,2024-01-17,2024-01-17 09:47:00,0.0004873294346978696,0.0004873294346978696,-0.0002030185837028215
C,2024-01-17,2024-01-17 09:48:00,0.002727715538236808,0.002727715538236808,-8.204969223045873e-05
C,2024-01-17,2024-01-17 09:49:00,-0.0012629942679491801,-0.0012629942679491801,-0.0005295825106566911
C,2024-01-17,2024-01-17 09:50:00,0.0014591439688715901,0.0014591439688715901,0.00021048638747780135
C,2024-01-17,2024-01-17 09:51:00,-0.0027197668771247185,-0.0027197668771247185,-0.00031828059512709837
C,2024-01-17,2024-01-17 09:52:00,-0.007889354241745417,-0.003095470356366915,0.0005297559802147895
C,2024-01-17,2024-01-17 09:53:00,0.008541134891026703,0.0028558438647459253,0.000729026987188217
C,2024-01-17,2024-01-17 09:54:00,-0.0011681105811349735,-0.0011681105811349735,-0.000509692586520645
C,2024-01-17,2024-01-17 09:55:00,0.0025338660949225655,0.0025338660949225655,0.00024071468237449735
C,2024-01-17,2024-01-17 09:56:00,0.00029163021289013713,0.00029163021289013713,-0.00046539778332351547
C,2024-01-17,2024-01-17 09:57:00,-0.0007774538386784435,-0.0007774538386784435,-7.592465692735643e-05
C,2024-01-17,2024-01-17 09:58:00,0.0013616028010117187,0.0013616028010117187,6.401532505316679e-05
C,2024-01-17,2024-01-17 09:59:00,0.0006798756798755967,0.0006798756798755967,-0.0002792185079633436
C,2024-01-17,2024-01-17 10:00:00,-0.0002911773269921314,-0.0002911773269921314,-0.00018652008691899178
C,2024-01-17,2024-01-17 10:01:00,0.0008737864077670299,0.0008737864077670299,1.81893840053379e-05
C,2024-01-17,2024-01-17 10:02:00,0.0,0.0,-0.00017773327500725865
C,2024-01-17,2024-01-17 10:03:00,-0.0002910078572121444,-0.0002910078572121444,-3.6489035902830256e-07
C,2024-01-17,2024-01-17 10:04:00,-0.000582185134872959,-0.000582185134872959,3.615602739377407e-05
C,2024-01-17,2024-01-17 10:05:00,0.0005825242718446866,0.0005825242718446866,0.00014157525955564408
C,2024-01-17,2024-01-17 10:06:00,0.0012614011255578372,0.0012614011255578372,-7.526595123552713e-05
C,2024-01-17,2024-01-17 10:07:00,0.0012598119972864197,0.0012598119972864197,-0.000221584834021464
C,2024-01-17,2024-01-17 10:08:00,-0.00048393341076247154,-0.00048393341076247154,-0.00022033898936261732
C,2024-01-17,2024-01-17 10:09:00,-0.00029050062941804455,-0.00029050062941804455,8.196860260832234e-05
C,2024-01-17,2024-01-17 10:10:00,-9.686168151901153e-05,-9.686168151901153e-05,2.4020950126847577e-05
C,2024-01-17,2024-01-17 10:11:00,-0.0006780974522909711,-0.0006780974522909711,1.9684745367613154e-05
C,2024-01-17,2024-01-17 10:12:00,-0.00019387359441636054,-0.00019387359441636054,7.762239704008155e-05
C,2024-01-17,2024-01-17 10:13:00,-0.0007756447547023759,-0.0007756447547023759,1.7132460826250792e-06
C,2024-01-17,2024-01-17 10:14:00,9.703085581214133e-05,9.703085581214133e-05,0.00019067562331948437
C,2024-01-17,2024-01-17 10:15:00,-0.0012612787426020677,-0.0012612787426020677,1.5496329028010436e-05
C,2024-01-17,2024-01-17 10:16:00,0.0004857198367982374,0.0004857198367982374,0.0002409550059230247
C,2024-01-17,2024-01-17 10:17:00,0.0017477424992717872,0.0017477424992717872,-7.47010031588972e-05
C,2024-01-17,2024-01-17 10:18:00,-0.0015508384220219718,-0.0015508384220219718,-0.00028064096458975765
C,2024-01-17,2024-01-17 10:19:00,0.00038831181438725437,0.00038831181438725437,0.00032439747798567364
C,2024-01-17,2024-01-17 10:20:00,0.0009704027171275609,0.0009704027171275609,-5.780122834012334e-05
C,2024-01-17,2024-01-17 10:21:00,0.0004847309743092332,0.0004847309743092332,-0.000175452576868276
C,2024-01-17,2024-01-17 10:22:00,9.689922480626834e-05,9.689922480626834e-05,-7.768581156132128e-05
C,2024-01-17,2024-01-17 10:23:00,0.00019377967251221762,0.00019377967251221762,-1.7550995046883371e-06
C,2024-01-17,2024-01-17 10:24:00,0.0004843553230651221,0.0004843553230651221,-9.041417484965267e-05
C,2024-01-17,2024-01-17 10:25:00,0.0004841208365606864,0.0004841208365606864,-6.898612829135617e-05
C,2024-01-17,2024-01-17 10:26:00,-0.0006774412077810155,-0.0006774412077810155,-4.01759870613814e-05
C,2024-01-17,2024-01-17 10:27:00,-0.001549486732519867,-0.001549486732519867,0.00022063788891134471
C,2024-01-17,2024-01-17 10:28:00,-0.00019398642095047602,-0.00019398642095047602,0.00034856132391260415
C,2024-01-17,2024-01-17 10:29:00,-0.001358168412883165,-0.001358168412883165,8.606656236699436e-05
C,2024-01-17,2024-01-17 10:30:00,0.0008742957062366497,0.0008742957062366497,0.0003750405198284017
C,2024-01-17,2024-01-17 10:31:00,-0.0003882364359893975,-0.0003882364359893975,-9.414570799733796e-05
C,2024-01-17,2024-01-17 10:32:00,9.709680551495126e-05,9.709680551495126e-05,7.923196150316154e-05
C,2024-01-17,2024-01-17 10:33:00,0.0008737864077670299,0.0008737864077670299,3.305341816554698e-05
C,2024-01-17,2024-01-17 10:34:00,0.00019400523814128157,0.00019400523814128157,-0.00011832620245026442
C,2024-01-17,2024-01-17 10:35:00,0.0003879352148192794,0.0003879352148192794,-3.2871246948905705e-05
C,2024-01-17,2024-01-17 10:36:00,0.0012603005332039174,0.0012603005332039174,-0.00010184702874178779
C,2024-01-17,2024-01-17 10:37:00,-0.0014523625096825032,-0.0014523625096825032,-0.00016557212103245617
C,2024-01-17,2024-01-17 10:38:00,0.00029089498690981763,0.00029089498690981763,0.00023916156361869896
C,2024-01-17,2024-01-17 10:39:00,0.0002908103916245963,0.0002908103916245963,5.470143342408401e-06
C,2024-01-17,2024-01-17 10:40:00,-0.001065994766934808,-0.001065994766934808,-4.7086251660999526e-06
C,2024-01-17,2024-01-17 10:41:00,-0.0006790842064416935,-0.0006790842064416935,0.00018556083788164314
C,2024-01-17,2024-01-17 10:42:00,-0.00019415590719329412,-0.00019415590719329412,0.00020571821092320498
C,2024-01-17,2024-01-17 10:43:00,0.0003883872220602491,0.0003883872220602491,8.893982534186779e-05
C,2024-01-17,2024-01-17 10:44:00,-0.0008735319809763942,-0.0008735319809763942,3.374688256056322e-05
C,2024-01-17,2024-01-17 10:45:00,0.00145715951039449,0.00145715951039449,0.00022427059033887863
C,2024-01-17,2024-01-17 10:46:00,0.00019400523814128157,0.00019400523814128157,-0.00012573149205081464
C,2024-01-17,2024-01-17 10:47:00,-0.00019396760740952868,-0.00019396760740952868,-1.650212162207381e-05
C,2024-01-17,2024-01-17 10:48:00,0.0,0.0,0.00015261266279087028
C,2024-01-17,2024-01-17 10:49:00,0.00019400523814128157,0.00019400523814128157,3.111853824876062e-05
C,2024-01-17,2024-01-17 10:50:00,0.00019396760740941765,0.00019396760740941765,2.267785421264476e-06
C,2024-01-17,2024-01-17 10:51:00,-0.0009696499563657257,-0.0009696499563657257,6.780949065586116e-05
C,2024-01-17,2024-01-17 10:52:00,0.0003882364359895085,0.0003882364359895085,0.00014224245639994594
C,2024-01-17,2024-01-17 10:53:00,-0.0007761715339088537,-0.0007761715339088537,-7.760592061438767e-05
C,2024-01-17,2024-01-17 10:54:00,0.00029129041654529786,0.00029129041654529786,0.00013246170489813572
C,2024-01-17,2024-01-17 10:55:00,-0.0014560279557368494,-0.0014560279557368494,-8.534388042071779e-05
C,2024-01-17,2024-01-17 10:56:00,-0.0001944201419268321,-0.0001944201419268321,0.00024713223573512197
C,2024-01-17,2024-01-17 10:57:00,-0.0006806028196402192,-0.0006806028196402192,9.911123309434167e-06
C,2024-01-17,2024-01-17 10:58:00,9.729519361734162e-05,9.729519361734162e-05,0.00011250014123466295
C,2024-01-17,2024-01-17 10:59:00,0.0013620001945715554,0.0013620001945715554,0.00011046314539583188
C,2024-01-17,2024-01-17 11:00:00,0.00029146021568049463,0.00029146021568049463,-0.00012050305724992563
C,2024-01-17,2024-01-17 11:01:00,-0.0005827505827505908,-0.0005827505827505908,-3.460954008006943e-05
C,2024-01-17,2024-01-17 11:02:00,9.718172983474993e-05,9.718172983474993e-05,0.00016364003775698477
C,2024-01-17,2024-01-17 11:03:00,0.000777378291711317,0.000777378291711317,3.914919062433648e-05
C,2024-01-17,2024-01-17 11:04:00,0.00019419361103012456,0.00019419361103012456,-0.0001604911785426998
C,2024-01-17,2024-01-17 11:05:00,0.0005824677215804375,0.0005824677215804375,-4.045469665661902e-05
C,2024-01-17,2024-01-17 11:06:00,-9.702144173850957e-05,-9.702144173850957e-05,-8.591668047688398e-05
C,2024-01-17,2024-01-17 11:07:00,-0.00048515427906081765,-0.00048515427906081765,-4.1410574254871145e-05
C,2024-01-17,2024-01-17 11:08:00,0.00038831181438725437,0.00038831181438725437,4.963865104731737e-05
C,2024-01-17,2024-01-17 11:09:00,0.0035904900533718642,0.0028558438647459253,-5.491237469620216e-05
C,2024-01-17,2024-01-17 11:10:00,-0.0028040997872751383,-0.0028040997872751383,-0.0005179607047939319
C,2024-01-17,2024-01-17 11:11:00,0.0003878599825464235,0.0003878599825464235,0.000596969016966578
C,2024-01-17,2024-01-17 11:12:00,0.0004846370068818384,0.0004846370068818384,-7.977485100687679e-06
C,2024-01-17,2024-01-17 11:13:00,-0.00029064134857581525,-0.00029064134857581525,-0.00012651913115148362
C,2024-01-17,2024-01-17 11:14:00,0.0005814516910553902,0.0005814516910553902,0.00010210435295787999
C,2024-01-17,2024-01-17 11:15:00,-0.001259079903147664,-0.001259079903147664,-2.8464783310274168e-05
C,2024-01-17,2024-01-17 11:16:00,0.0004848719937935453,0.0004848719937935453,0.0001961031023736671
C,2024-01-17,2024-01-17 11:17:00,-9.69274013764565e-05,-9.69274013764565e-05,-3.2595551530310506e-05
C,2024-01-17,2024-01-17 11:18:00,0.0003877471888329431,0.0003877471888329431,-2.0439373686887083e-05
C,2024-01-17,2024-01-17 11:19:00,-0.0008720930232558599,-0.0008720930232558599,-5.113204636433991e-05
C,2024-01-17,2024-01-17 11:20:00,0.0006788866259335169,0.0006788866259335169,0.00015442519088997248
C,2024-01-17,2024-01-17 11:21:00,-0.0003876720294631042,-0.0003876720294631042,-5.317017468473037e-05
C,2024-01-17,2024-01-17 11:22:00,-0.0006786891603646206,-0.0006786891603646206,6.246705706991913e-05
C,2024-01-17,2024-01-17 11:23:00,-0.00019404288347701915,-0.00019404288347701915,0.0002050228978454398
C,2024-01-17,2024-01-17 11:24:00,-9.704027171297813e-05,-9.704027171297813e-05,0.00010766351155215041
C,2024-01-17,2024-01-17 11:25:00,-0.00019409937888181794,-0.00019409937888181794,4.6576850190083715e-05
C,2024-01-17,2024-01-17 11:26:00,-9.706853038260466e-05,-9.706853038260466e-05,7.120377124323166e-05
C,2024-01-17,2024-01-17 11:27:00,0.00019415590719362719,0.00019415590719362719,-3.606733649310551e-05
C,2024-01-17,2024-01-17 11:28:00,0.0,0.0,6.46856193567812e-06
C,2024-01-17,2024-01-17 11:29:00,-0.0005823546539842628,-0.0005823546539842628,-4.959658455901309e-05
C,2024-01-17,2024-01-17 11:30:00,0.00019423132951357225,0.00019423132951357225,5.134828607677596e-05
C,2024-01-17,2024-01-17 11:31:00,0.0008738712496356715,0.0008738712496356715,-2.575392120839277e-05
C,2024-01-17,2024-01-17 11:32:00,-0.0005820721769498327,-0.0005820721769498327,-5.4610487510050945e-05
C,2024-01-17,2024-01-17 11:33:00,0.0006794797126770113,0.0006794797126770113,6.0189085246237386e-05
C,2024-01-17,2024-01-17 11:34:00,9.700261907052976e-05,9.700261907052976e-05,-0.000109663238129062
C,2024-01-17,2024-01-17 11:35:00,0.0004849660523764676,0.0004849660523764676,-1.336721542760392e-05
C,2024-01-17,2024-01-17 11:36:00,-0.0001938923897237821,-0.0001938923897237821,-0.0001191614868465165
C,2024-01-17,2024-01-17 11:37:00,0.0003878599825464235,0.0003878599825464235,-7.196146985907012e-05
C,2024-01-17,2024-01-17 11:38:00,9.69274013764565e-05,9.69274013764565e-05,-0.00012601847209911532
C,2024-01-17,2024-01-17 11:39:00,-0.00048459003682899127,-0.00048459003682899127,-3.5163065451943335e-06
C,2024-01-17,2024-01-17 11:40:00,-0.0002908949869097066,-0.0002908949869097066,3.90889983445486e-06
C,2024-01-17,2024-01-17 11:41:00,0.00029097963142588057,0.00029097963142588057,6.97607485935403e-06
C,2024-01-17,2024-01-17 11:42:00,0.0,0.0,-2.510821107242056e-05
C,2024-01-17,2024-01-17 11:43:00,0.0004848249781830294,0.0004848249781830294,-2.994983439320077e-05
C,2024-01-17,2024-01-17 11:44:00,-0.0005815080441946563,-0.0005815080441946563,-0.00015573573820441464
C,2024-01-17,2024-01-17 11:45:00,-0.00038789759503499166,-0.00038789759503499166,9.321986297688666e-05
C,2024-01-17,2024-01-17 11:46:00,9.701202949163878e-05,9.701202949163878e-05,-3.137716221381228e-05
C,2024-01-17,2024-01-17 11:47:00,0.0,0.0,-2.1458029163818618e-05
C,2024-01-17,2024-01-17 11:48:00,-0.0005820157144242888,-0.0005820157144242888,-7.527696699262007e-05
C,2024-01-17,2024-01-17 11:49:00,-0.0002911773269921314,-0.0002911773269921314,7.715074200521484e-05
C,2024-01-17,2024-01-17 11:50:00,-0.00019417475728167322,-0.00019417475728167322,1.9905979868155643e-05
C,2024-01-17,2024-01-17 11:51:00,9.710623422032327e-05,9.710623422032327e-05,6.620125199093121e-05
C,2024-01-17,2024-01-17 11:52:00,-9.709680551528432e-05,-9.709680551528432e-05,3.916539129056015e-05
C,2024-01-17,2024-01-17 11:53:00,-0.0002913187026607478,-0.0002913187026607478,1.1253648934243746e-05
C,2024-01-17,2024-01-17 11:54:00,0.0,0.0,-2.587642098039259e-05
C,2024-01-17,2024-01-17 11:55:00,-0.0001942690626516308,-0.0001942690626516308,6.091005251656308e-06
C,2024-01-17,2024-01-17 11:56:00,0.00029146021568049463,0.00029146021568049463,6.0277336798768656e-05
C,2024-01-17,2024-01-17 11:57:00,-0.00048562548562558483,-0.00048562548562558483,-2.0049079770423947e-05
C,2024-01-17,2024-01-17 11:58:00,0.0,0.0,5.987591408418202e-05
C,2024-01-17,2024-01-17 11:59:00,0.0006802060052473191,0.0006802060052473191,-6.703325407509157e-05
C,2024-01-17,2024-01-17 12:00:00,-0.0002913187026608588,-0.0002913187026608588,-0.00011137947267053728
C,2024-01-17,2024-01-17 12:01:00,0.0,0.0,4.596655864312933e-05
C,2024-01-17,2024-01-17 12:02:00,-0.0012627489072364328,-0.0012627489072364328,-9.532392865174564e-05
C,2024-01-17,2024-01-17 12:03:00,-0.000583544057576324,-0.000583544057576324,0.00013563290938563776
C,2024-01-17,2024-01-17 12:04:00,-9.731413001157208e-05,-9.731413001157208e-05,8.853752204046203e-05
C,2024-01-17,2024-01-17 12:05:00,0.0,0.0,6.986069556215609e-05
C,2024-01-17,2024-01-17 12:06:00,0.0,0.0,8.145784582743066e-06
C,2024-01-17,2024-01-17 12:07:00,-0.00048661800486615725,-0.00048661800486615725,6.689022638196348e-06
C,2024-01-17,2024-01-17 12:08:00,9.737098344708706e-05,9.737098344708706e-05,6.034365032681456e-05
C,2024-01-17,2024-01-17 12:09:00,0.0008762535293544982,0.0008762535293544982,-0.00011454702527768301
C,2024-01-17,2024-01-17 12:10:00,-9.727626459166139e-05,-9.727626459166139e-05,-0.00022257246546798011
C,2024-01-17,2024-01-17 12:11:00,0.0,0.0,1.729790585234136e-05
C,2024-01-17,2024-01-17 12:12:00,0.0005837143691020952,0.0005837143691020952,-4.835878489068731e-05
C,2024-01-17,2024-01-17 12:13:00,-0.0003889158969372364,-0.0003889158969372364,-0.00012732571563300136
C,2024-01-17,2024-01-17 12:14:00,-0.00019453360568044697,-0.00019453360568044697,5.691490774703394e-05
C,2024-01-17,2024-01-17 12:15:00,0.0,0.0,1.6476227945791524e-05
C,2024-01-17,2024-01-17 12:16:00,-0.0002918571845510476,-0.0002918571845510476,-1.5956110140007835e-06
C,2024-01-17,2024-01-17 12:17:00,-0.00019462826002314415,-0.00019462826002314415,8.323963861255146e-05
C,2024-01-17,2024-01-17 12:18:00,9.733307377834954e-05,9.733307377834954e-05,-6.370269505543188e-06
C,2024-01-17,2024-01-17 12:19:00,0.0012652068126519644,0.0012652068126519644,2.649598365746334e-05
C,2024-01-17,2024-01-17 12:20:00,-0.0008748055987558567,-0.0008748055987558567,-0.00024846630748507937
C,2024-01-17,2024-01-17 12:21:00,9.728572818379355e-05,9.728572818379355e-05,0.00013676415360623168
C,2024-01-17,2024-01-17 12:22:00,9.727626459143934e-05,9.727626459143934e-05,-8.449600383068043e-05
C,2024-01-17,2024-01-17 12:23:00,9.726680284005695e-05,9.726680284005695e-05,-8.588855158657031e-05
C,2024-01-17,2024-01-17 12:24:00,-0.00048628671464689965,-0.00048628671464689965,-6.235160467171697e-05
C,2024-01-17,2024-01-17 12:25:00,0.0003892186435729972,0.0003892186435729972,-2.422277599630802e-05
C,2024-01-17,2024-01-17 12:26:00,0.0,0.0,-9.738398842736315e-05
C,2024-01-17,2024-01-17 12:27:00,-0.0004863340142010619,-0.0004863340142010619,-0.00013861375717788584
C,2024-01-17,2024-01-17 12:28:00,0.0005838847800700986,0.0005838847800700986,8.355129883872989e-06
C,2024-01-17,2024-01-17 12:29:00,0.000291772028788273,0.000291772028788273,-0.00023406304261741297
C,2024-01-17,2024-01-17 12:30:00,-0.0008750607681089484,-0.0008750607681089484,-8.284521677743167e-05
C,2024-01-17,2024-01-17 12:31:00,9.731413001179412e-05,9.731413001179412e-05,0.00011475682197567765
C,2024-01-17,2024-01-17 12:32:00,-0.0005838279653596068,-0.0005838279653596068,-4.069388052434326e-05
C,2024-01-17,2024-01-17 12:33:00,-0.0005841690195697025,-0.0005841690195697025,1.6543230499724238e-05
C,2024-01-17,2024-01-17 12:34:00,-0.000389673648319544,-0.000389673648319544,-4.9099391597700026e-05
C,2024-01-17,2024-01-17 12:35:00,-0.000779651106129986,-0.000779651106129986,6.918774349599552e-05
C,2024-01-17,2024-01-17 12:36:00,-0.00019506485906573,-0.00019506485906573,9.751794895044774e-05
C,2024-01-17,2024-01-17 12:37:00,0.0,0.0,5.7328810820413825e-05
C,2024-01-17,2024-01-17 12:38:00,-0.0005853087503656651,-0.0005853087503656651,5.371158505202495e-05
C,2024-01-17,2024-01-17 12:39:00,0.0003904343582235015,0.0003904343582235015,6.714627344299676e-05
C,2024-01-17,2024-01-17 12:40:00,0.0003902819787295897,0.0003902819787295897,4.063991529257438e-05
C,2024-01-17,2024-01-17 12:41:00,0.0,0.0,3.25670795007994e-05
C,2024-01-17,2024-01-17 12:42:00,-0.0006827270067296665,-0.0006827270067296665,-2.7498522728049122e-05
C,2024-01-17,2024-01-17 12:43:00,0.0011711887565879486,0.0011711887565879486,6.000652353499899e-05
C,2024-01-17,2024-01-17 12:44:00,-0.0002924546695262098,-0.0002924546695262098,-0.00014324099819085418
C,2024-01-17,2024-01-17 12:45:00,2.220446049250313e-16,2.220446049250313e-16,-3.6360784688643135e-05
C,2024-01-17,2024-01-17 12:46:00,0.0003900536323744319,0.0003900536323744319,6.748748647771881e-05
C,2024-01-17,2024-01-17 12:47:00,0.00019495077492925894,0.00019495077492925894,9.165023338973547e-05
C,2024-01-17,2024-01-17 12:48:00,-9.745638826630376e-05,-9.745638826630376e-05,4.8603079725856954e-05
C,2024-01-17,2024-01-17 12:49:00,-9.74658869394851e-05,-9.74658869394851e-05,-3.8269936353100046e-05
C,2024-01-17,2024-01-17 12:50:00,0.00019495077492925894,0.00019495077492925894,2.8335790399228546e-05
C,2024-01-17,2024-01-17 12:51:00,0.00019491277653238548,0.00019491277653238548,3.729213739661424e-05
C,2024-01-17,2024-01-17 12:52:00,0.0003897495858911082,0.0003897495858911082,2.8328813818048985e-05
C,2024-01-17,2024-01-17 12:53:00,-0.00019479887016649045,-0.00019479887016649045,-6.137604649061671e-05
C,2024-01-17,2024-01-17 12:54:00,0.0,0.0,1.2942728124908309e-05
C,2024-01-17,2024-01-17 12:55:00,0.0,0.0,-3.996609330766126e-05
C,2024-01-17,2024-01-17 12:56:00,-0.000389673648319544,-0.000389673648319544,-5.867215131301776e-05
C,2024-01-17,2024-01-17 12:57:00,-0.00048728194133118574,-0.00048728194133118574,4.5475481303964105e-06
C,2024-01-17,2024-01-17 12:58:00,-0.0004875195007801869,-0.0004875195007801869,-4.693785915173564e-05
C,2024-01-17,2024-01-17 12:59:00,0.00029265437518288806,0.00029265437518288806,9.830306679084021e-06
C,2024-01-17,2024-01-17 13:00:00,-9.752291788556189e-05,-9.752291788556189e-05,-4.291323093632866e-05
C,2024-01-17,2024-01-17 13:01:00,0.000390129718131238,0.000390129718131238,-8.975555962951765e-05
C,2024-01-17,2024-01-17 13:02:00,0.0,0.0,-5.133877480119031e-05
C,2024-01-17,2024-01-17 13:03:00,0.0,0.0,1.3773833450592218e-05
C,2024-01-17,2024-01-17 13:04:00,-0.0002924831822170848,-0.0002924831822170848,-1.44851566527928e-05
C,2024-01-17,2024-01-17 13:05:00,9.752291788589496e-05,9.752291788589496e-05,4.4497651133951354e-05
C,2024-01-17,2024-01-17 13:06:00,0.0,0.0,-3.1083500872689916e-05
C,2024-01-17,2024-01-17 13:07:00,0.0,0.0,-4.4331179401023225e-05
C,2024-01-17,2024-01-17 13:08:00,-0.00039005363237465396,-0.00039005363237465396,-1.3299968266707304e-05
C,2024-01-17,2024-01-17 13:09:00,-0.0007804116671542571,-0.0007804116671542571,-1.196397053359067e-05
C,2024-01-17,2024-01-17 13:10:00,0.0001952552962998233,0.0001952552962998233,0.00010744434488273639
C,2024-01-17,2024-01-17 13:11:00,0.0005856515373352522,0.0005856515373352522,-2.7418861278014973e-05
C,2024-01-17,2024-01-17 13:12:00,-9.7551458394185e-05,-9.7551458394185e-05,-4.279743716358335e-05
C,2024-01-17,2024-01-17 13:13:00,9.756097560975618e-05,9.756097560975618e-05,-4.1456067327800925e-05
C,2024-01-17,2024-01-17 13:14:00,-0.0004877572919713691,-0.0004877572919713691,6.745120246915573e-05
C,2024-01-17,2024-01-17 13:15:00,-0.00019519812609813947,-0.00019519812609813947,4.043688868992168e-05
C,2024-01-17,2024-01-17 13:16:00,-0.00029285435376802393,-0.00029285435376802393,1.7402188867456055e-05
C,2024-01-17,2024-01-17 13:17:00,-0.0003905868567521953,-0.0003905868567521953,3.55189742170757e-05
C,2024-01-17,2024-01-17 13:18:00,0.0002930546058415029,0.0002930546058415029,1.258191999882996e-05
C,2024-01-17,2024-01-17 13:19:00,-0.0007812500000000666,-0.0007812500000000666,-4.6099603814670485e-05
C,2024-01-17,2024-01-17 13:20:00,-9.773260359646763e-05,-9.773260359646763e-05,3.214473605439543e-05
C,2024-01-17,2024-01-17 13:21:00,0.0,0.0,-8.377530818358961e-05
C,2024-01-17,2024-01-17 13:22:00,0.00019548431238392006,0.00019548431238392006,-2.0663459618668908e-05
C,2024-01-17,2024-01-17 13:23:00,0.00019544610573629662,0.00019544610573629662,-6.839092182403463e-05
C,2024-01-17,2024-01-17 13:24:00,0.00039081582804101345,0.00039081582804101345,2.824748548112219e-05
C,2024-01-17,2024-01-17 13:25:00,-0.0005859947260474785,-0.0005859947260474785,5.509453469848275e-05
C,2024-01-17,2024-01-17 13:26:00,9.772305286825933e-05,9.772305286825933e-05,0.00010034193020031339
C,2024-01-17,2024-01-17 13:27:00,-0.00029314051201878577,-0.00029314051201878577,0.00011379478517276378
C,2024-01-17,2024-01-17 13:28:00,0.0,0.0,6.657853478955178e-05
C,2024-01-17,2024-01-17 13:29:00,-0.0002932264685758801,-0.0002932264685758801,-3.9181673007572275e-06
C,2024-01-17,2024-01-17 13:30:00,-0.000977708251857612,-0.000977708251857612,6.18097852401936e-05
C,2024-01-17,2024-01-17 13:31:00,0.00019573302016051564,0.00019573302016051564,7.222020905194956e-05
C,2024-01-17,2024-01-17 13:32:00,9.784735812146117e-05,9.784735812146117e-05,-2.7974482060203387e-05
C,2024-01-17,2024-01-17 13:33:00,-0.0003913511398102587,-0.0003913511398102587,-3.6526206336791304e-05
C,2024-01-17,2024-01-17 13:34:00,-9.787608887157351e-05,-9.787608887157351e-05,4.538271815581556e-05
C,2024-01-17,2024-01-17 13:35:00,-9.788566953794486e-05,-9.788566953794486e-05,5.949089945667877e-05
C,2024-01-17,2024-01-17 13:36:00,-0.0002936857562407802,-0.0002936857562407802,6.650152977124526e-05
C,2024-01-17,2024-01-17 13:37:00,-0.000293772032902484,-0.000293772032902484,-3.9824076509343135e-06
C,2024-01-17,2024-01-17 13:38:00,9.795278675661656e-05,9.795278675661656e-05,7.574325118584564e-06
C,2024-01-17,2024-01-17 13:39:00,0.0004897159647405669,0.0004897159647405669,8.221356293605496e-05
C,2024-01-17,2024-01-17 13:40:00,0.0,0.0,1.797829820378513e-05
C,2024-01-17,2024-01-17 13:41:00,0.00019579050416052013,0.00019579050416052013,1.684398234699235e-05
C,2024-01-17,2024-01-17 13:42:00,0.0004893804443573124,0.0004893804443573124,-4.515291000639413e-05
C,2024-01-17,2024-01-17 13:43:00,0.0002934846409705649,0.0002934846409705649,-2.5157749769055547e-05
C,2024-01-17,2024-01-17 13:44:00,0.0001955990220050552,0.0001955990220050552,-7.030103735207047e-05
C,2024-01-17,2024-01-17 13:45:00,-0.00039112154101905716,-0.00039112154101905716,-7.851889146025614e-05
C,2024-01-17,2024-01-17 13:46:00,0.00039127457693433065,0.00039127457693433065,-1.009282498103618e-05
C,2024-01-17,2024-01-17 13:47:00,-0.0007822430820377813,-0.0007822430820377813,-1.8962922764271887e-05
C,2024-01-17,2024-01-17 13:48:00,0.0001957138663275515,0.0001957138663275515,3.111649374537772e-05
C,2024-01-17,2024-01-17 13:49:00,0.0004891889247626846,0.0004891889247626846,-2.7377074026592086e-05
C,2024-01-17,2024-01-17 13:50:00,-0.000684529630353925,-0.000684529630353925,-8.555841057883721e-05
C,2024-01-17,2024-01-17 13:51:00,-0.00039142773265476993,-0.00039142773265476993,1.0531121186197453e-05
C,2024-01-17,2024-01-17 13:52:00,0.00019579050416052013,0.00019579050416052013,8.63773053170245e-05
C,2024-01-17,2024-01-17 13:53:00,0.0006851326221004594,0.0006851326221004594,1.248211086538442e-07
C,2024-01-17,2024-01-17 13:54:00,9.780907668233141e-05,9.780907668233141e-05,-3.886302747298489e-05
C,2024-01-17,2024-01-17 13:55:00,-0.0005867970660147215,-0.0005867970660147215,4.354400418668418e-06
C,2024-01-17,2024-01-17 13:56:00,0.00039142773265488096,0.00039142773265488096,0.00013296165016337232
C,2024-01-17,2024-01-17 13:57:00,0.00039127457693433065,0.00039127457693433065,-4.2510531544069866e-05
C,2024-01-17,2024-01-17 13:58:00,0.0,0.0,-2.715107056478039e-05
C,2024-01-17,2024-01-17 13:59:00,0.00019556077050930654,0.00019556077050930654,-7.764050962734658e-06
C,2024-01-17,2024-01-17 14:00:00,0.0006843288689022398,0.0006843288689022398,4.352332738117935e-05
C,2024-01-17,2024-01-17 14:01:00,-0.0002930832356389246,-0.0002930832356389246,-3.590615107019366e-05
C,2024-01-17,2024-01-17 14:02:00,0.00029316915860455595,0.00029316915860455595,1.9319583143815295e-05
C,2024-01-17,2024-01-17 14:03:00,0.0002930832356389246,0.0002930832356389246,-8.479077997487168e-05
C,2024-01-17,2024-01-17 14:04:00,9.766578767456124e-05,9.766578767456124e-05,-4.980104834518742e-05
C,2024-01-17,2024-01-17 14:05:00,-0.000488281250000111,-0.000488281250000111,-0.00012780300831020383
C,2024-01-17,2024-01-17 14:06:00,0.0002931118710307601,0.0002931118710307601,-8.010354086842317e-06
C,2024-01-17,2024-01-17 14:07:00,0.0002930259816369407,0.0002930259816369407,-3.111920916670797e-05
C,2024-01-17,2024-01-17 14:08:00,0.0,0.0,-1.841408808699558e-05
C,2024-01-17,2024-01-17 14:09:00,-0.00019529342837609764,-0.00019529342837609764,1.7514784801813673e-05
C,2024-01-17,2024-01-17 14:10:00,-0.0009766578767458345,-0.0009766578767458345,7.605582480326746e-05
C,2024-01-17,2024-01-17 14:11:00,-0.00019552253397181474,-0.00019552253397181474,0.00010710201939297376
C,2024-01-17,2024-01-17 14:12:00,0.00019556077050930654,0.00019556077050930654,1.056734233817616e-05
C,2024-01-17,2024-01-17 14:13:00,-0.0007820901358880361,-0.0007820901358880361,-7.186802891011226e-05
C,2024-01-17,2024-01-17 14:14:00,-9.783778495275897e-05,-9.783778495275897e-05,4.740502218841873e-05
C,2024-01-17,2024-01-17 14:15:00,0.0010763209393347406,0.0010763209393347406,3.631250576789207e-05
C,2024-01-17,2024-01-17 14:16:00,-0.00019548431238403108,-0.00019548431238403108,-7.349873573137972e-05
C,2024-01-17,2024-01-17 14:17:00,0.0,0.0,-1.6511836326504355e-05
C,2024-01-17,2024-01-17 14:18:00,0.0,0.0,-7.69719700436546e-05
C,2024-01-17,2024-01-17 14:19:00,0.0,0.0,-1.3444580261745056e-05
C,2024-01-17,2024-01-17 14:20:00,0.00019552253397203678,0.00019552253397203678,-2.8825783579968055e-05
C,2024-01-17,2024-01-17 14:21:00,-9.774215619207105e-05,-9.774215619207105e-05,-4.240505835269601e-06
C,2024-01-17,2024-01-17 14:22:00,0.000684261974584599,0.000684261974584599,4.048068485086245e-06
C,2024-01-17,2024-01-17 14:23:00,0.0,0.0,-1.5991251649175614e-06
C,2024-01-17,2024-01-17 14:24:00,0.0,0.0,-1.6544702262253523e-05
C,2024-01-17,2024-01-17 14:25:00,0.0004884243430691715,0.0004884243430691715,4.662237629489655e-05
C,2024-01-17,2024-01-17 14:26:00,-0.0007810974419059091,-0.0007810974419059091,-1.4992114404996723e-05
C,2024-01-17,2024-01-17 14:27:00,0.00039085401602489966,0.00039085401602489966,5.319175622263145e-05
C,2024-01-17,2024-01-17 14:28:00,0.0,0.0,-9.604190475053917e-05
C,2024-01-17,2024-01-17 14:29:00,0.0002930259816369407,0.0002930259816369407,-7.273387988755883e-05
C,2024-01-17,2024-01-17 14:30:00,0.0,0.0,1.922431031127393e-05
C,2024-01-17,2024-01-17 14:31:00,-0.0070305634215408475,-0.003095470356366915,-5.868376860616894e-05
C,2024-01-17,2024-01-17 14:32:00,0.0065886517848363635,0.0028558438647459253,0.0005588998760019808
C,2024-01-17,2024-01-17 14:33:00,-0.0002930832356389246,-0.0002930832356389246,-0.0005918811755110102
C,2024-01-17,2024-01-17 14:34:00,0.0,0.0,-2.9283965634007704e-06
C,2024-01-17,2024-01-17 14:35:00,-0.0004886152643408526,-0.0004886152643408526,-0.00011953967421378313
C,2024-01-17,2024-01-17 14:36:00,0.0002933124755573058,0.0002933124755573058,-1.9819708398019794e-05
C,2024-01-17,2024-01-17 14:37:00,0.0,0.0,-0.00019049374419597914
C,2024-01-17,2024-01-17 14:38:00,0.00019548431238392006,0.00019548431238392006,-0.00010767113449328862
C,2024-01-17,2024-01-17 14:39:00,0.0,0.0,5.5761403655290966e-05
C,2024-01-17,2024-01-17 14:40:00,0.00029316915860455595,0.00029316915860455595,1.3268548526530561e-06
C,2024-01-17,2024-01-17 14:41:00,9.769441187978956e-05,9.769441187978956e-05,-2.6329326226467208e-05
C,2024-01-17,2024-01-17 14:42:00,0.0,0.0,-3.507898675487848e-05
C,2024-01-17,2024-01-17 14:43:00,0.0003907394744553372,0.0003907394744553372,4.772873326941989e-05
C,2024-01-17,2024-01-17 14:44:00,9.764671418821536e-05,9.764671418821536e-05,9.644374541914374e-05
C,2024-01-17,2024-01-17 14:45:00,-0.00029291154071475756,-0.00029291154071475756,-3.4574756651754634e-06
C,2024-01-17,2024-01-17 14:46:00,0.0001953315753491225,0.0001953315753491225,-5.796651984603839e-05
C,2024-01-17,2024-01-17 14:47:00,-0.0006835269993163973,-0.0006835269993163973,4.908991256286402e-06
C,2024-01-17,2024-01-17 14:48:00,9.77135040061139e-05,9.77135040061139e-05,2.0052150033343666e-05
C,2024-01-17,2024-01-17 14:49:00,0.0,0.0,-7.70757549674644e-05
C,2024-01-17,2024-01-17 14:50:00,0.00019540791402072877,0.00019540791402072877,-5.2593604811835005e-06
C,2024-01-17,2024-01-17 14:51:00,-0.0005861092116831168,-0.0005861092116831168,3.655212662334637e-05
C,2024-01-17,2024-01-17 14:52:00,0.00019548431238392006,0.00019548431238392006,4.853359566857091e-06
C,2024-01-17,2024-01-17 14:53:00,9.772305286825933e-05,9.772305286825933e-05,6.319803491740631e-05
C,2024-01-17,2024-01-17 14:54:00,-0.0004885675200313466,-0.0004885675200313466,-7.94401904178707e-05
C,2024-01-17,2024-01-17 14:55:00,0.0,0.0,2.650185603985748e-06
C,2024-01-17,2024-01-17 14:56:00,9.776126698612941e-05,9.776126698612941e-05,-6.491577418668598e-05
C,2024-01-17,2024-01-17 14:57:00,-9.775171065495858e-05,-9.775171065495858e-05,-2.5796464614002644e-05
C,2024-01-17,2024-01-17 14:58:00,0.00039104506794407357,0.00039104506794407357,5.579539060828588e-05
C,2024-01-17,2024-01-17 14:59:00,-0.0005863383172088898,-0.0005863383172088898,-2.2134964256136738e-05
C,2024-01-17,2024-01-17 15:00:00,-0.0004889019262737104,-0.0004889019262737104,0.00011392395913271329
C,2024-01-17,2024-01-17 15:01:00,0.00019565642731378396,0.00019565642731378396,5.678691949722697e-05
C,2024-01-17,2024-01-17 15:02:00,9.780907668233141e-05,9.780907668233141e-05,-1.0986630077940643e-05
C,2024-01-17,2024-01-17 15:03:00,0.0,0.0,3.3089685648628215e-06
C,2024-01-17,2024-01-17 15:04:00,0.0003911980440096663,0.0003911980440096663,-6.702628927575022e-05
C,2024-01-17,2024-01-17 15:05:00,0.0,0.0,1.4553192739795831e-05
C,2024-01-17,2024-01-17 15:06:00,0.0,0.0,2.626221154348625e-06
C,2024-01-17,2024-01-17 15:07:00,-9.776126698590737e-05,-9.776126698590737e-05,-3.2520258947405593e-06
C,2024-01-17,2024-01-17 15:08:00,-9.777082518569458e-05,-9.777082518569458e-05,3.8920107472933866e-05
C,2024-01-17,2024-01-17 15:09:00,9.778038525465327e-05,9.778038525465327e-05,-5.219711337780699e-06
C,2024-01-17,2024-01-17 15:10:00,-0.0002933124755573058,-0.0002933124755573058,-3.026098941992027e-05
C,2024-01-17,2024-01-17 15:11:00,0.0005867970660147215,0.0005867970660147215,-2.248874859299905e-05
C,2024-01-17,2024-01-17 15:12:00,0.00019548431238392006,0.00019548431238392006,-6.351751121112968e-05
C,2024-01-17,2024-01-17 15:13:00,0.0004886152643408526,0.0004886152643408526,2.398897956527603e-05
C,2024-01-17,2024-01-17 15:14:00,9.767532721238759e-05,9.767532721238759e-05,-0.0001236938396330926
C,2024-01-17,2024-01-17 15:15:00,0.000390663150698467,0.000390663150698467,-2.7752184360207054e-05
C,2024-01-17,2024-01-17 15:16:00,-0.00039051059259986864,-0.00039051059259986864,-4.713120850544956e-05
C,2024-01-17,2024-01-17 15:17:00,0.0009766578767458345,0.0009766578767458345,-1.3716473297905194e-05
C,2024-01-17,2024-01-17 15:18:00,0.001170845936188769,0.001170845936188769,-0.00017412858536902342
C,2024-01-17,2024-01-17 15:19:00,0.000779651106129986,0.000779651106129986,-0.00025876803566765886
C,2024-01-17,2024-01-17 15:20:00,0.0009738046547862478,0.0009738046547862478,-0.0002267250343155971
C,2024-01-17,2024-01-17 15:21:00,-0.0006810000972856667,-0.0006810000972856667,-0.0003010982696418906
C,2024-01-17,2024-01-17 15:22:00,0.0006814641744548044,0.0006814641744548044,-3.882574184505356e-05
C,2024-01-17,2024-01-17 15:23:00,-0.00019457145636714301,-0.00019457145636714301,-0.00014332635532550311
C,2024-01-17,2024-01-17 15:24:00,-0.0001946093217866096,-0.0001946093217866096,-0.00012474902323769788
C,2024-01-17,2024-01-17 15:25:00,-9.732360097314263e-05,-9.732360097314263e-05,-0.0001111816876166507
C,2024-01-17,2024-01-17 15:26:00,-0.00048666536889241385,-0.00048666536889241385,-4.807924746188347e-05
C,2024-01-17,2024-01-17 15:27:00,-9.738046547858037e-05,-9.738046547858037e-05,-7.537171206598871e-05
C,2024-01-17,2024-01-17 15:28:00,-0.0006817296455006172,-0.0006817296455006172,-2.6679588722652737e-05
C,2024-01-17,2024-01-17 15:29:00,0.0,0.0,-1.3109721742807054e-05
C,2024-01-17,2024-01-17 15:30:00,-9.745638826630376e-05,-9.745638826630376e-05,-3.4531967059867344e-05
C,2024-01-17,2024-01-17 15:31:00,0.0008771929824562541,0.0008771929824562541,1.6289835874934793e-06
C,2024-01-17,2024-01-17 15:32:00,0.0003895218619143215,0.0003895218619143215,-9.036707504188268e-05
C,2024-01-17,2024-01-17 15:33:00,0.00038937019371187986,0.00038937019371187986,-9.308260226341701e-05
C,2024-01-17,2024-01-17 15:34:00,0.0006811326262528006,0.0006811326262528006,-0.00016113624997165553
C,2024-01-17,2024-01-17 15:35:00,0.0001944768572539335,0.0001944768572539335,-0.0001905129717315875
C,2024-01-17,2024-01-17 15:36:00,0.00048609760839979366,0.00048609760839979366,-8.635604839221489e-05
C,2024-01-17,2024-01-17 15:37:00,0.0005830337187833212,0.0005830337187833212,-0.00011243205606734875
C,2024-01-17,2024-01-17 15:38:00,-0.00038846265902681143,-0.00038846265902681143,-0.00014811238600965384
C,2024-01-17,2024-01-17 15:39:00,0.00019430681045351506,0.00019430681045351506,-1.6101411316833566e-05
C,2024-01-17,2024-01-17 15:40:00,-0.0001942690626516308,-0.0001942690626516308,-0.00010716209275569724
C,2024-01-17,2024-01-17 15:41:00,-0.00019430681045384812,-0.00019430681045384812,-9.832297708791986e-05
C,2024-01-17,2024-01-17 15:42:00,0.00029151685939177163,0.00029151685939177163,-5.429814833102158e-05
C,2024-01-17,2024-01-17 15:43:00,9.714396735960307e-05,9.714396735960307e-05,-0.00012389844245688873
C,2024-01-17,2024-01-17 15:44:00,-9.713453132575989e-05,-9.713453132575989e-05,-0.0001120933545789152
C,2024-01-17,2024-01-17 15:45:00,-0.0006800077715173325,-0.0006800077715173325,-8.059329026039148e-05
C,2024-01-17,2024-01-17 15:46:00,-0.0005832604257801632,-0.0005832604257801632,4.835657687964703e-06
C,2024-01-17,2024-01-17 15:47:00,0.0,0.0,-1.945838510884321e-06
C,2024-01-17,2024-01-17 15:48:00,-0.00019453360568044697,-0.00019453360568044697,-5.198230457217916e-05
C,2024-01-17,2024-01-17 15:49:00,0.0,0.0,3.329076555878002e-05
C,2024-01-17,2024-01-17 15:50:00,0.00029185718455093657,0.00029185718455093657,-3.507284712563034e-05
C,2024-01-17,2024-01-17 15:51:00,9.725734292942434e-05,9.725734292942434e-05,-7.22804862547041e-05
C,2024-01-17,2024-01-17 15:52:00,-0.0008752309637264366,-0.0008752309637264366,-3.422197655644146e-06
C,2024-01-17,2024-01-17 15:53:00,0.0004866653688921918,0.0004866653688921918,0.00016442023928830765
C,2024-01-17,2024-01-17 15:54:00,0.00029185718455093657,0.00029185718455093657,-2.2284299276876913e-05
C,2024-01-17,2024-01-17 15:55:00,9.725734292942434e-05,9.725734292942434e-05,1.998162621719278e-06
C,2024-01-17,2024-01-17 15:56:00,0.0,0.0,-5.8593822643745685e-05
C,2024-01-17,2024-01-17 15:57:00,-0.0003889915394340582,-0.0003889915394340582,7.92144435191926e-05
C,2024-01-17,2024-01-17 15:58:00,-0.0003891429127346191,-0.0003891429127346191,-1.7843020918366613e-05
C,2024-01-18,2024-01-18 09:40:00,-0.0018554687499999778,-0.0018554687499999778,-0.00023424761442247802
C,2024-01-18,2024-01-18 09:41:00,0.0008805400645728323,0.0008805400645728323,0.000321154240113986
C,2024-01-18,2024-01-18 09:42:00,-0.0011730205278591699,-0.0011730205278591699,-0.00020673058196760014
C,2024-01-18,2024-01-18 09:43:00,0.00019573302016051564,0.00019573302016051564,0.00017630320513292909
C,2024-01-18,2024-01-18 09:44:00,-0.0009784735812133905,-0.0009784735812133905,-4.815974019750165e-05
C,2024-01-18,2024-01-18 09:45:00,-0.0015670910871694588,-0.0015670910871694588,0.0002073366292361406
C,2024-01-18,2024-01-18 09:46:00,-0.004414361389052268,-0.003089910647061753,0.0003239722460122309
C,2024-01-18,2024-01-18 09:47:00,0.004828061878017431,0.0030073397013112707,0.0006782499546378135
C,2024-01-18,2024-01-18 09:48:00,-0.00019611688566367746,-0.00019611688566367746,-0.000573326395846145
C,2024-01-18,2024-01-18 09:49:00,-0.0015692428403296654,-0.0015692428403296654,4.257957670506895e-05
C,2024-01-18,2024-01-18 09:50:00,-0.0007858546168958425,-0.0007858546168958425,0.0003340259890757916
C,2024-01-18,2024-01-18 09:51:00,9.83090837591849e-05,9.83090837591849e-05,0.0001476376185762212
C,2024-01-18,2024-01-18 09:52:00,0.0009829942003343195,0.0009829942003343195,-0.00010387186529187225
C,2024-01-18,2024-01-18 09:53:00,-0.0004910144358243329,-0.0004910144358243329,-8.113345165187929e-05
C,2024-01-18,2024-01-18 09:54:00,-9.825112988792739e-05,-9.825112988792739e-05,0.00020094026941077763
C,2024-01-18,2024-01-18 09:55:00,9.8260784120896e-05,9.8260784120896e-05,0.00010972126754063654
C,2024-01-18,2024-01-18 09:56:00,-0.0006877579092159358,-0.0006877579092159358,7.571582620082354e-05
C,2024-01-18,2024-01-18 09:57:00,0.0010815062432405487,0.0010815062432405487,0.00017563358011057198
C,2024-01-18,2024-01-18 09:58:00,9.821253191910628e-05,9.821253191910628e-05,-0.0001252855798445499
C,2024-01-18,2024-01-18 09:59:00,0.0009820288716488879,0.0009820288716488879,1.3590882386349557e-05
C,2024-01-18,2024-01-18 10:00:00,0.00039242617482582176,0.00039242617482582176,-0.00021205838746344438
C,2024-01-18,2024-01-18 10:01:00,-9.80680592330696e-05,-9.80680592330696e-05,-0.00012759358136147045
C,2024-01-18,2024-01-18 10:02:00,0.0017653981953706932,0.0017653981953706932,-3.794083800423623e-05
C,2024-01-18,2024-01-18 10:03:00,0.0007832386919912615,0.0007832386919912615,-0.00034668591289408005
C,2024-01-18,2024-01-18 10:04:00,0.0006847974955976888,0.0006847974955976888,-0.00019594048811889963
C,2024-01-18,2024-01-18 10:05:00,-0.0011731352038321097,-0.0011731352038321097,-0.00017663054353252535
C,2024-01-18,2024-01-18 10:06:00,0.0008808847998433844,0.0008808847998433844,0.00019196358454677908
C,2024-01-18,2024-01-18 10:07:00,0.0003911597887737983,0.0003911597887737983,-0.00022632073466163246
C,2024-01-18,2024-01-18 10:08:00,-9.775171065495858e-05,-9.775171065495858e-05,-0.00013858259980356285
C,2024-01-18,2024-01-18 10:09:00,0.00019552253397203678,0.00019552253397203678,-3.2665611980383565e-05
C,2024-01-18,2024-01-18 10:10:00,0.0014661323428795114,0.0014661323428795114,-6.640525012362346e-05
C,2024-01-18,2024-01-18 10:11:00,-0.0004879953152451266,-0.0004879953152451266,-0.0003100066783094088
C,2024-01-18,2024-01-18 10:12:00,0.0013670539986330166,0.0013670539986330166,7.656484678956252e-05
C,2024-01-18,2024-01-18 10:13:00,0.0005850804485616479,0.0005850804485616479,-0.0002759349816915234
C,2024-01-18,2024-01-18 10:14:00,-0.0016567586005262758,-0.0016567586005262758,-0.00013955664914509197
C,2024-01-18,2024-01-18 10:15:00,0.0004880905896136323,0.0004880905896136323,0.00028285301521535405
C,2024-01-18,2024-01-18 10:16:00,-9.757049468261947e-05,-9.757049468261947e-05,-0.00012750495028384913
C,2024-01-18,2024-01-18 10:17:00,-0.00019516003122543868,-0.00019516003122543868,6.211771402332904e-05
C,2024-01-18,2024-01-18 10:18:00,0.0036111653328128046,0.0030073397013112707,9.423294350781028e-06
C,2024-01-18,2024-01-18 10:19:00,-0.005056890012642312,-0.003089910647061753,-0.0006779220806556568
C,2024-01-18,2024-01-18 10:20:00,0.0004887107809599112,0.0004887107809599112,0.000517784175467592
C,2024-01-18,2024-01-18 10:21:00,-0.0002930832356389246,-0.0002930832356389246,-0.00013995765244894843
C,2024-01-18,2024-01-18 10:22:00,0.00019544610573629662,0.00019544610573629662,9.814890341487511e-07
C,2024-01-18,2024-01-18 10:23:00,0.0007816316560822489,0.0007816316560822489,-3.766939730391616e-05
C,2024-01-18,2024-01-18 10:24:00,-0.001171531777799495,-0.001171531777799495,-5.3096521931453644e-05
C,2024-01-18,2024-01-18 10:25:00,0.0,0.0,0.00020084302775485376
C,2024-01-18,2024-01-18 10:26:00,-0.0014661323428795114,-0.0014661323428795114,3.432899389924708e-05
C,2024-01-18,2024-01-18 10:27:00,-0.0012725137039937273,-0.0012725137039937273,0.0003007786903517706
C,2024-01-18,2024-01-18 10:28:00,9.801038910106641e-05,9.801038910106641e-05,0.0002892727039420768
C,2024-01-18,2024-01-18 10:29:00,0.0002940023520188184,0.0002940023520188184,3.6382235458578746e-05
C,2024-01-18,2024-01-18 10:30:00,-0.0009797198001371132,-0.0009797198001371132,5.153679962253979e-05
C,2024-01-18,2024-01-18 10:31:00,-0.0005884083553986397,-0.0005884083553986397,0.00024901860359207096
C,2024-01-18,2024-01-18 10:32:00,0.0008831321754489974,0.0008831321754489974,0.00014162426751040594
C,2024-01-18,2024-01-18 10:33:00,-0.0006862745098038525,-0.0006862745098038525,-8.327259914067449e-05
C,2024-01-18,2024-01-18 10:34:00,0.0002943196311193663,0.0002943196311193663,0.00014188205327321456
C,2024-01-18,2024-01-18 10:35:00,0.000980776775205916,0.000980776775205916,-7.723783145624048e-05
C,2024-01-18,2024-01-18 10:36:00,-0.000685871056241405,-0.000685871056241405,-0.0001482413132275256
C,2024-01-18,2024-01-18 10:37:00,-0.0004902441415826075,-0.0004902441415826075,0.00013085966697761373
C,2024-01-18,2024-01-18 10:38:00,-0.000980969197567183,-0.000980969197567183,8.529304819342844e-05
C,2024-01-18,2024-01-18 10:39:00,0.0,0.0,0.00014324010147621493
C,2024-01-18,2024-01-18 10:40:00,-0.00029457973291435735,-0.00029457973291435735,1.0457498122174928e-05
C,2024-01-18,2024-01-18 10:41:00,-0.0005893330714075162,-0.0005893330714075162,6.230847937699611e-05
C,2024-01-18,2024-01-18 10:42:00,0.0006879606879606204,0.0006879606879606204,8.969796728882607e-05
C,2024-01-18,2024-01-18 10:43:00,0.0005892751915144157,0.0005892751915144157,-5.968379681467286e-05
C,2024-01-18,2024-01-18 10:44:00,-0.001079701609736805,-0.001079701609736805,-6.907403883376922e-05
C,2024-01-18,2024-01-18 10:45:00,-0.0011791294094527505,-0.0011791294094527505,0.0001820410811198241
C,2024-01-18,2024-01-18 10:46:00,-0.0003935071323167838,-0.0003935071323167838,0.00022733802332722833
C,2024-01-18,2024-01-18 10:47:00,-0.001180986123412997,-0.001180986123412997,9.120749367878756e-05
C,2024-01-18,2024-01-18 10:48:00,0.0009853187506156935,0.0009853187506156935,0.000250526153871032
C,2024-01-18,2024-01-18 10:49:00,-0.00039373954129340305,-0.00039373954129340305,-0.00015947634379896117
C,2024-01-18,2024-01-18 10:50:00,-0.000984736582964274,-0.000984736582964274,8.927058680614003e-05
C,2024-01-18,2024-01-18 10:51:00,0.0011828486939380323,0.0011828486939380323,0.00017772434368404916
C,2024-01-18,2024-01-18 10:52:00,0.0002953628039774614,0.0002953628039774614,-0.00018556356650501821
C,2024-01-18,2024-01-18 10:53:00,-0.0010826771653541511,-0.0010826771653541511,-6.584325499446329e-05
C,2024-01-18,2024-01-18 10:54:00,-0.00039412750024647725,-0.00039412750024647725,0.0001913300082724782
C,2024-01-18,2024-01-18 10:55:00,0.0007885657959587622,0.0007885657959587622,9.590181376492386e-05
C,2024-01-18,2024-01-18 10:56:00,-0.0018713680685511491,-0.0018713680685511491,-0.00016604304571727073
C,2024-01-18,2024-01-18 10:57:00,-0.000197355437142388,-0.000197355437142388,0.0003212884895157591
C,2024-01-18,2024-01-18 10:58:00,-0.00019739439399901748,-0.00019739439399901748,9.996481960013762e-06
C,2024-01-18,2024-01-18 10:59:00,-0.0015794669299112885,-0.0015794669299112885,4.5211862013440776e-05
C,2024-01-18,2024-01-18 11:00:00,0.00019774569903097117,0.00019774569903097117,0.00029173030331934395
C,2024-01-18,2024-01-18 11:01:00,-0.0005931198102017143,-0.0005931198102017143,4.0495970194225364e-05
C,2024-01-18,2024-01-18 11:02:00,9.891196834832527e-05,9.891196834832527e-05,0.00012477133687577806
C,2024-01-18,2024-01-18 11:03:00,-0.00019780437147653984,-0.00019780437147653984,3.377238598044693e-05
C,2024-01-18,2024-01-18 11:04:00,0.0,0.0,7.571527389718555e-05
C,2024-01-18,2024-01-18 11:05:00,-0.0003956870115737754,-0.0003956870115737754,2.606193016941373e-05
C,2024-01-18,2024-01-18 11:06:00,-0.00019792182088085308,-0.00019792182088085308,8.220904822265039e-05
C,2024-01-18,2024-01-18 11:07:00,0.0,0.0,-7.916099311489524e-07
C,2024-01-18,2024-01-18 11:08:00,0.0004949025042066957,0.0004949025042066957,2.2885073449766318e-05
C,2024-01-18,2024-01-18 11:09:00,0.001088246933122372,0.001088246933122372,-5.040337710352869e-05
C,2024-01-18,2024-01-18 11:10:00,0.0007905919557269492,0.0007905919557269492,-0.0001924756188470386
C,2024-01-18,2024-01-18 11:11:00,-0.0008887133405747205,-0.0008887133405747205,-0.00016267802763685694
C,2024-01-18,2024-01-18 11:12:00,0.0016801739474203714,0.0016801739474203714,0.00012971232070720632
C,2024-01-18,2024-01-18 11:13:00,-0.0002960039467192477,-0.0002960039467192477,-0.00032347018429511884
C,2024-01-18,2024-01-18 11:14:00,0.00039478878799847905,0.00039478878799847905,-4.111047284922415e-05
C,2024-01-18,2024-01-18 11:15:00,0.0008879242304655754,0.0008879242304655754,-0.00015975439158049545
C,2024-01-18,2024-01-18 11:16:00,0.0007885657959587622,0.0007885657959587622,-0.0001595638968039543
C,2024-01-18,2024-01-18 11:17:00,-0.001280409731113874,-0.001280409731113874,-0.0001785799017664439
C,2024-01-18,2024-01-18 11:18:00,0.0,0.0,0.00014813987239553045
C,2024-01-18,2024-01-18 11:19:00,-9.861932938859397e-05,-9.861932938859397e-05,-5.945979612469884e-06
C,2024-01-18,2024-01-18 11:20:00,0.0004931452805996273,0.0004931452805996273,-1.9136155060303584e-05
C,2024-01-18,2024-01-18 11:21:00,-0.0004929022082018619,-0.0004929022082018619,-9.881392763401648e-05
C,2024-01-18,2024-01-18 11:22:00,0.0001972581122398065,0.0001972581122398065,8.386883199613138e-05
C,2024-01-18,2024-01-18 11:23:00,0.00019721920915105606,0.00019721920915105606,-3.804751226224611e-05
C,2024-01-18,2024-01-18 11:24:00,0.00019718032140381148,0.00019718032140381148,-5.312832512700676e-05
C,2024-01-18,2024-01-18 11:25:00,0.00019714144898985708,0.00019714144898985708,-1.3032454685854944e-05
C,2024-01-18,2024-01-18 11:26:00,0.0007884103675963594,0.0007884103675963594,-8.447803337650592e-05
C,2024-01-18,2024-01-18 11:27:00,-0.00019694731659292142,-0.00019694731659292142,-0.0001703553475105931
C,2024-01-18,2024-01-18 11:28:00,-0.0009849305623953475,-0.0009849305623953475,-1.1988511041314409e-05
C,2024-01-18,2024-01-18 11:29:00,-0.0009859016070197235,-0.0009859016070197235,6.876849601791109e-05
C,2024-01-18,2024-01-18 11:30:00,0.00019737491364835158,0.00019737491364835158,0.0001544928483131121
C,2024-01-18,2024-01-18 11:31:00,-0.00019733596447946145,-0.00019733596447946145,-3.2131053510079236e-05
C,2024-01-18,2024-01-18 11:32:00,0.00019737491364835158,0.00019737491364835158,3.066508762151833e-05
C,2024-01-18,2024-01-18 11:33:00,0.00019733596447957247,0.00019733596447957247,-7.896499448064465e-06
C,2024-01-18,2024-01-18 11:34:00,0.00019729703067961069,0.00019729703067961069,3.4841145807960304e-05
C,2024-01-18,2024-01-18 11:35:00,-0.000789032448959448,-0.000789032448959448,-6.9116118031151225e-06
C,2024-01-18,2024-01-18 11:36:00,0.0,0.0,0.00013689907018554336
C,2024-01-18,2024-01-18 11:37:00,-0.0004935346954891839,-0.0004935346954891839,5.2328912121105375e-05
C,2024-01-18,2024-01-18 11:38:00,-0.0007900454276119628,-0.0007900454276119628,6.17267501684364e-05
C,2024-01-18,2024-01-18 11:39:00,-0.0004941688080649653,-0.0004941688080649653,0.0001467190716807748
C,2024-01-18,2024-01-18 11:40:00,-0.0005932957579353193,-0.0005932957579353193,0.00010025640608170214
C,2024-01-18,2024-01-18 11:41:00,0.00039576531117058167,0.00039576531117058167,9.372839975127908e-05
C,2024-01-18,2024-01-18 11:42:00,0.0008901196716448734,0.0008901196716448734,-7.26719278464908e-05
C,2024-01-18,2024-01-18 11:43:00,-0.00029644268774708937,-0.00029644268774708937,-0.00018582792664651615
C,2024-01-18,2024-01-18 11:44:00,-0.0009884353069092855,-0.0009884353069092855,4.418098544883981e-05
C,2024-01-18,2024-01-18 11:45:00,-0.0001978826555850688,-0.0001978826555850688,8.682946629882975e-05
C,2024-01-18,2024-01-18 11:46:00,0.00019792182088052002,0.00019792182088052002,1.7729696911366326e-05
C,2024-01-18,2024-01-18 11:47:00,-0.0003957653111703596,-0.0003957653111703596,-3.0839802251607005e-05
C,2024-01-18,2024-01-18 11:48:00,0.00019796100168267827,0.00019796100168267827,4.5708771036354375e-05
C,2024-01-18,2024-01-18 11:49:00,0.0003958436417614841,0.0003958436417614841,-2.5389096226193074e-05
C,2024-01-18,2024-01-18 11:50:00,0.001681669799188823,0.001681669799188823,-6.842568856676836e-05
C,2024-01-18,2024-01-18 11:51:00,-0.00019751135690282418,-0.00019751135690282418,-0.0003468028624085493
C,2024-01-18,2024-01-18 11:52:00,0.0016791781904383907,0.0016791781904383907,-3.0092784016311195e-05
C,2024-01-18,2024-01-18 11:53:00,0.0006902672320283632,0.0006902672320283632,-0.00038151148699301467
C,2024-01-18,2024-01-18 11:54:00,-0.0004927079227432518,-0.0004927079227432518,-0.00019842974895155702
C,2024-01-18,2024-01-18 11:55:00,0.00019718032140381148,0.00019718032140381148,-4.0427350239897934e-05
C,2024-01-18,2024-01-18 11:56:00,0.0013799901429276673,0.0013799901429276673,-0.00012082679123163961
C,2024-01-18,2024-01-18 11:57:00,0.00019686977064670153,0.00019686977064670153,-0.00038019802360386555
C,2024-01-18,2024-01-18 11:58:00,-0.0004920775514221098,-0.0004920775514221098,-5.5519508761152905e-05
C,2024-01-18,2024-01-18 11:59:00,-0.0008861756597086101,-0.0008861756597086101,1.4064494021921898e-05
C,2024-01-18,2024-01-18 12:00:00,-0.0003942051837980687,-0.0003942051837980687,6.512863253712578e-05
C,2024-01-18,2024-01-18 12:01:00,0.00019718032140381148,0.00019718032140381148,3.6161624519188074e-05
C,2024-01-18,2024-01-18 12:02:00,-9.85707244947065e-05,-9.85707244947065e-05,-9.277767923667532e-05
C,2024-01-18,2024-01-18 12:03:00,9.858044164023916e-05,9.858044164023916e-05,-1.1151375950907835e-05
C,2024-01-18,2024-01-18 12:04:00,0.0013799901429276673,0.0013799901429276673,-5.880151710142427e-05
C,2024-01-18,2024-01-18 12:05:00,9.843488532323974e-05,9.843488532323974e-05,-0.0002736938580365454
C,2024-01-18,2024-01-18 12:06:00,-0.0006889763779527325,-0.0006889763779527325,-5.5546023622589555e-05
C,2024-01-18,2024-01-18 12:07:00,0.0006894513936765989,0.0006894513936765989,3.891344407805657e-05
C,2024-01-18,2024-01-18 12:08:00,0.0004921259842520787,0.0004921259842520787,-0.00016270463052287938
C,2024-01-18,2024-01-18 12:09:00,-0.0004918839153961185,-0.0004918839153961185,-0.00013998541731140136
C,2024-01-18,2024-01-18 12:10:00,-0.0004921259842517456,-0.0004921259842517456,1.0838140443649381e-05
C,2024-01-18,2024-01-18 12:11:00,-0.00039389463318584284,-0.00039389463318584284,6.988982209370422e-05
C,2024-01-18,2024-01-18 12:12:00,-0.000788099694611244,-0.000788099694611244,0.00010180038436486087
C,2024-01-18,2024-01-18 12:13:00,0.0009859016070195015,0.0009859016070195015,0.00015519353611746434
C,2024-01-18,2024-01-18 12:14:00,-0.0009849305623953475,-0.0009849305623953475,-0.00019919180299115286
C,2024-01-18,2024-01-18 12:15:00,0.0005915409642118785,0.0005915409642118785,0.00015678119032241277
C,2024-01-18,2024-01-18 12:16:00,0.00019706375012296107,0.00019706375012296107,-0.00012419507292794755
C,2024-01-18,2024-01-18 12:17:00,-0.000788099694611244,-0.000788099694611244,3.3253643453466776e-06
C,2024-01-18,2024-01-18 12:18:00,9.859016070179472e-05,9.859016070179472e-05,5.937270143543827e-05
C,2024-01-18,2024-01-18 12:19:00,9.858044164023916e-05,9.858044164023916e-05,-8.296733631905058e-05
C,2024-01-18,2024-01-18 12:20:00,9.857072449492854e-05,9.857072449492854e-05,-3.4507624703470404e-05
C,2024-01-18,2024-01-18 12:21:00,-0.0004928050463237632,-0.0004928050463237632,-6.484377467300097e-05
C,2024-01-18,2024-01-18 12:22:00,0.003944384183019567,0.0030073397013112707,9.91451665504611e-05
C,2024-01-18,2024-01-18 12:23:00,-0.0033395540713093697,-0.003089910647061753,-0.0006621216579725882
C,2024-01-18,2024-01-18 12:24:00,-0.00019710259189920087,-0.00019710259189920087,0.000574340388181646
C,2024-01-18,2024-01-18 12:25:00,9.857072449492854e-05,9.857072449492854e-05,3.527494237724293e-05
C,2024-01-18,2024-01-18 12:26:00,0.0005913660555885158,0.0005913660555885158,5.6339941441675875e-05
C,2024-01-18,2024-01-18 12:27:00,-0.0008865248226950229,-0.0008865248226950229,-4.732956545235239e-05
C,2024-01-18,2024-01-18 12:28:00,0.0,0.0,0.0001712753534159214
C,2024-01-18,2024-01-18 12:29:00,-0.000394360642807956,-0.000394360642807956,3.6554251713256906e-06
C,2024-01-18,2024-01-18 12:30:00,0.0001972581122398065,0.0001972581122398065,-7.630046232215137e-06
C,2024-01-18,2024-01-18 12:31:00,-0.00019721920915094504,-0.00019721920915094504,2.06001258308785e-05
C,2024-01-18,2024-01-18 12:32:00,0.0008876615050792402,0.0008876615050792402,3.0798358846969574e-05
C,2024-01-18,2024-01-18 12:33:00,-0.0005912495072919466,-0.0005912495072919466,-3.5846583826901756e-05
C,2024-01-18,2024-01-18 12:34:00,-0.000295799645040451,-0.000295799645040451,9.29829577046267e-05
C,2024-01-18,2024-01-18 12:35:00,0.00029588716835982076,0.00029588716835982076,4.546659894688393e-05
C,2024-01-18,2024-01-18 12:36:00,0.0007887990534412026,0.0007887990534412026,-7.220702978398761e-05
C,2024-01-18,2024-01-18 12:37:00,9.852216748762466e-05,9.852216748762466e-05,-6.021289129835443e-05
C,2024-01-18,2024-01-18 12:38:00,-0.000394049847305622,-0.000394049847305622,2.940389610584301e-06
C,2024-01-18,2024-01-18 12:39:00,0.0002956538878486903,0.0002956538878486903,0.00010444354163835301
C,2024-01-18,2024-01-18 12:40:00,-0.00019704433497547136,-0.00019704433497547136,-3.408463269863112e-05
C,2024-01-18,2024-01-18 12:41:00,0.0002956247536460843,0.0002956247536460843,-1.1162087379521612e-05
C,2024-01-18,2024-01-18 12:42:00,0.000197024923652922,0.000197024923652922,-5.008729470065514e-05
C,2024-01-18,2024-01-18 12:43:00,0.00039397222495796136,0.00039397222495796136,-7.428088057944511e-05
C,2024-01-18,2024-01-18 12:44:00,0.0007876341439403411,0.0007876341439403411,-8.951772227383237e-05
C,2024-01-18,2024-01-18 12:45:00,0.0001967535661584474,0.0001967535661584474,-0.0001651636514671308
C,2024-01-18,2024-01-18 12:46:00,0.00019671486180783404,0.00019671486180783404,-5.1789728620283684e-05
C,2024-01-18,2024-01-18 12:47:00,-0.00019667617268159798,-0.00019667617268159798,-7.10857071005427e-05
C,2024-01-18,2024-01-18 12:48:00,-0.00019671486180772302,-0.00019671486180772302,-4.7189013604753796e-05
C,2024-01-18,2024-01-18 12:49:00,-0.0004918839153961185,-0.0004918839153961185,-5.545759146892784e-05
C,2024-01-18,2024-01-18 12:50:00,0.0002952755905512028,0.0002952755905512028,2.9597397158276252e-05
C,2024-01-18,2024-01-18 12:51:00,-0.0007871691429693906,-0.0007871691429693906,-5.9883220761785184e-05
C,2024-01-18,2024-01-18 12:52:00,-0.00019694731659292142,-0.00019694731659292142,0.00011649157452992629
C,2024-01-18,2024-01-18 12:53:00,9.849305623954585e-05,9.849305623954585e-05,6.398607259732847e-05
C,2024-01-18,2024-01-18 12:54:00,0.000689383494189677,0.000689383494189677,6.167841867092489e-05
C,2024-01-18,2024-01-18 12:55:00,-0.0013778171439819964,-0.0013778171439819964,-0.00011796297402011415
C,2024-01-18,2024-01-18 12:56:00,0.0003942051837981797,0.0003942051837981797,0.00031018196185247877
C,2024-01-18,2024-01-18 12:57:00,-0.000394049847305622,-0.000394049847305622,7.959527162704299e-05
C,2024-01-18,2024-01-18 12:58:00,-0.0002956538878486903,-0.0002956538878486903,0.00011552641980735909
C,2024-01-18,2024-01-18 12:59:00,-9.858044164023916e-05,-9.858044164023916e-05,0.00011060047394807482
C,2024-01-18,2024-01-18 13:00:00,-0.000394360642807956,-0.000394360642807956,-2.8903656661858896e-05
C,2024-01-18,2024-01-18 13:01:00,-0.0001972581122398065,-0.0001972581122398065,2.285990453687667e-05
C,2024-01-18,2024-01-18 13:02:00,0.00019729703067961069,0.00019729703067961069,-2.6219856231332854e-06
C,2024-01-18,2024-01-18 13:03:00,-0.0005917743367196415,-0.0005917743367196415,-3.7961480014843274e-05
C,2024-01-18,2024-01-18 13:04:00,-0.0017763742228361634,-0.0017763742228361634,3.969228990626972e-05
C,2024-01-18,2024-01-18 13:05:00,0.0010874938210576612,0.0010874938210576612,0.00033766001451903386
C,2024-01-18,2024-01-18 13:06:00,-0.00029626703535456933,-0.00029626703535456933,-0.00027203585340551835
C,2024-01-18,2024-01-18 13:07:00,0.0002963548355230383,0.0002963548355230383,6.593860710819857e-05
C,2024-01-18,2024-01-18 13:08:00,-9.875567845141209e-05,-9.875567845141209e-05,-8.29311506144746e-05
C,2024-01-18,2024-01-18 13:09:00,0.0,0.0,-9.798726399508811e-06
C,2024-01-18,2024-01-18 13:10:00,0.0001975308641977147,0.0001975308641977147,1.8596746874195725e-05
C,2024-01-18,2024-01-18 13:11:00,0.0003949837069219253,0.0003949837069219253,-8.635266511798922e-06
C,2024-01-18,2024-01-18 13:12:00,0.0007896555127824278,0.0007896555127824278,-0.00011357386102795772
C,2024-01-18,2024-01-18 13:13:00,-0.0001972581122398065,-0.0001972581122398065,-0.0001704718518426383
C,2024-01-18,2024-01-18 13:14:00,-0.0003945940613594434,-0.0003945940613594434,-4.314540090992905e-05
C,2024-01-18,2024-01-18 13:15:00,0.0,0.0,-2.7090636712831324e-05
C,2024-01-18,2024-01-18 13:16:00,0.0006908121977697856,0.0006908121977697856,-9.891642607950264e-05
C,2024-01-18,2024-01-18 13:17:00,9.861932938837192e-05,9.861932938837192e-05,-8.316409732529906e-05
C,2024-01-18,2024-01-18 13:18:00,0.0003944384183018901,0.0003944384183018901,-7.361421070349139e-05
C,2024-01-18,2024-01-18 13:19:00,-0.00029571217348434153,-0.00029571217348434153,-3.0891455575917966e-05
C,2024-01-18,2024-01-18 13:20:00,9.859988168026135e-05,9.859988168026135e-05,1.4018884198027436e-05
C,2024-01-18,2024-01-18 13:21:00,-0.00019718032140403352,-0.00019718032140403352,-3.902986964523237e-05
C,2024-01-18,2024-01-18 13:22:00,0.00029582881372647307,0.00029582881372647307,-3.348832302450385e-05
C,2024-01-18,2024-01-18 13:23:00,0.003647476340693956,0.0030073397013112707,-6.549873828390782e-05
C,2024-01-18,2024-01-18 13:24:00,-0.004714664571260241,-0.003089910647061753,-0.000734208826759677
C,2024-01-18,2024-01-18 13:25:00,0.0008881871114181372,0.0008881871114181372,0.0005643774136522806
C,2024-01-18,2024-01-18 13:26:00,0.0010845986984815426,0.0010845986984815426,-0.0001247986237277659
C,2024-01-18,2024-01-18 13:27:00,-0.0009849305623953475,-0.0009849305623953475,-6.715091363609951e-05
C,2024-01-18,2024-01-18 13:28:00,-0.000394360642807956,-0.000394360642807956,0.00019004113451027708
C,2024-01-18,2024-01-18 13:29:00,0.000789032448959448,0.000789032448959448,0.00021647824482120184
C,2024-01-18,2024-01-18 13:30:00,0.0,0.0,-9.680837007173703e-05
C,2024-01-18,2024-01-18 13:31:00,0.0003942051837981797,0.0003942051837981797,-2.283583766334128e-05
C,2024-01-18,2024-01-18 13:32:00,-0.000492562309131972,-0.000492562309131972,-7.027430389120098e-05
C,2024-01-18,2024-01-18 13:33:00,-0.0002956830277942579,-0.0002956830277942579,4.789381660785419e-05
C,2024-01-18,2024-01-18 13:34:00,-0.00029577048210593926,-0.00029577048210593926,-2.0639849822832297e-05
C,2024-01-18,2024-01-18 13:35:00,0.0004930966469427478,0.0004930966469427478,-1.1201077135438992e-05
C,2024-01-18,2024-01-18 13:36:00,-0.00019714144898963504,-0.00019714144898963504,-8.497932489437066e-05
C,2024-01-18,2024-01-18 13:37:00,-0.001183081928423535,-0.001183081928423535,-1.6220578887331068e-06
C,2024-01-18,2024-01-18 13:38:00,0.0024676734774453646,0.0024676734774453646,0.00027921728306743137
C,2024-01-18,2024-01-18 13:39:00,0.0001969279243796418,0.0001969279243796418,-0.00047046397401341616
C,2024-01-18,2024-01-18 13:40:00,9.844457570395981e-05,9.844457570395981e-05,-8.08912066363883e-06
C,2024-01-18,2024-01-18 13:41:00,-0.00039373954129340305,-0.00039373954129340305,-2.6527865363513857e-05
C,2024-01-18,2024-01-18 13:42:00,0.00019694731659258835,0.00019694731659258835,4.0115388041086e-05
C,2024-01-18,2024-01-18 13:43:00,-9.845426799237611e-05,-9.845426799237611e-05,-3.885310121616659e-05
C,2024-01-18,2024-01-18 13:44:00,-0.0006892477353288573,-0.0006892477353288573,4.129689142487089e-05
C,2024-01-18,2024-01-18 13:45:00,0.0015765100009852429,0.0015765100009852429,0.00014707224605164647
C,2024-01-18,2024-01-18 13:46:00,0.0002951303492375601,0.0002951303492375601,-0.00022782261037710842
C,2024-01-18,2024-01-18 13:47:00,0.000295043273013329,0.000295043273013329,-8.727613674268838e-05
C,2024-01-18,2024-01-18 13:48:00,-0.0005899124963130165,-0.0005899124963130165,-5.852867498252845e-05
C,2024-01-18,2024-01-18 13:49:00,0.0015740285292671352,0.0015740285292671352,-2.1661103665881026e-05
C,2024-01-18,2024-01-18 13:50:00,-0.0006875552499753246,-0.0006875552499753246,-0.00040441723503404357
C,2024-01-18,2024-01-18 13:51:00,-9.828975820735941e-05,-9.828975820735941e-05,4.7795868149395985e-05
C,2024-01-18,2024-01-18 13:52:00,0.00019659884006695272,0.00019659884006695272,-2.8752771361734718e-05
C,2024-01-18,2024-01-18 13:53:00,-0.0005896805896805635,-0.0005896805896805635,-7.440519636399057e-05
C,2024-01-18,2024-01-18 13:54:00,-9.833808634074348e-05,-9.833808634074348e-05,1.1316686506450142e-05
C,2024-01-18,2024-01-18 13:55:00,-0.0003933910306845867,-0.0003933910306845867,-5.80597321944841e-05
C,2024-01-18,2024-01-18 13:56:00,9.838646202298129e-05,9.838646202298129e-05,3.6740910693459626e-05
C,2024-01-18,2024-01-18 13:57:00,0.0,0.0,1.457143947542906e-05
C,2024-01-18,2024-01-18 13:58:00,-9.83767830792237e-05,-9.83767830792237e-05,-2.725684261234208e-05
C,2024-01-18,2024-01-18 13:59:00,0.0005903187721367775,0.0005903187721367775,1.7975419199903732e-05
C,2024-01-18,2024-01-18 14:00:00,-9.832841691237437e-05,-9.832841691237437e-05,-7.054818302617465e-05
C,2024-01-18,2024-01-18 14:01:00,0.00039335234536319597,0.00039335234536319597,-7.065999291172374e-05
C,2024-01-18,2024-01-18 14:02:00,-0.00039319768013357237,-0.00039319768013357237,-0.00012171201470498196
C,2024-01-18,2024-01-18 14:03:00,0.0,0.0,1.0559198034637354e-05
C,2024-01-18,2024-01-18 14:04:00,9.83380863408545e-05,9.83380863408545e-05,-3.08879812029735e-05
C,2024-01-18,2024-01-18 14:05:00,-0.0005899705014749124,-0.0005899705014749124,-8.00406258448077e-06
C,2024-01-18,2024-01-18 14:06:00,0.0008854781582052773,0.0008854781582052773,0.00018176805232502966
C,2024-01-18,2024-01-18 14:07:00,0.00019659884006695272,0.00019659884006695272,-8.754633648473133e-05
C,2024-01-18,2024-01-18 14:08:00,-0.00019656019656033585,-0.00019656019656033585,4.561834928806753e-05
C,2024-01-18,2024-01-18 14:09:00,-0.00019659884006661965,-0.00019659884006661965,1.358463736926116e-06
C,2024-01-18,2024-01-18 14:10:00,0.0004915937469274212,0.0004915937469274212,2.2062437435713716e-05
C,2024-01-18,2024-01-18 14:11:00,0.0004913522012579552,0.0004913522012579552,-6.250003717255148e-05
C,2024-01-18,2024-01-18 14:12:00,-0.0005893330714075162,-0.0005893330714075162,-0.00024907845819418834
C,2024-01-18,2024-01-18 14:13:00,0.00019656019656033585,0.00019656019656033585,6.91046586011192e-05
C,2024-01-18,2024-01-18 14:14:00,0.00019652156824201406,0.00019652156824201406,-5.798066375818698e-05
C,2024-01-18,2024-01-18 14:15:00,0.0,0.0,5.327976592916228e-06
C,2024-01-18,2024-01-18 14:16:00,0.0,0.0,-4.971114756936433e-05
C,2024-01-18,2024-01-18 14:17:00,-0.00029472443265543546,-0.00029472443265543546,-2.438224740817618e-05
C,2024-01-18,2024-01-18 14:18:00,0.00029481132075481753,0.00029481132075481753,-7.009228484378016e-05
C,2024-01-18,2024-01-18 14:19:00,-0.000589448865310982,-0.000589448865310982,-8.978104043000194e-05
C,2024-01-18,2024-01-18 14:20:00,0.00029489826010031805,0.00029489826010031805,1.3622232116625426e-05
C,2024-01-18,2024-01-18 14:21:00,9.827044025167986e-05,9.827044025167986e-05,-0.00010324312503898026
C,2024-01-18,2024-01-18 14:22:00,0.0004913039206051462,0.0004913039206051462,-3.145543398926614e-05
C,2024-01-18,2024-01-18 14:23:00,0.001080337851109947,0.001080337851109947,-9.854932062402534e-05
C,2024-01-18,2024-01-18 14:24:00,0.0006867458059451881,0.0006867458059451881,-0.00022441296638430646
C,2024-01-18,2024-01-18 14:25:00,-9.803921568618534e-05,-9.803921568618534e-05,-0.0001621014685382001
C,2024-01-18,2024-01-18 14:26:00,0.00019609765663286538,0.00019609765663286538,-1.1196373378795151e-05
C,2024-01-18,2024-01-18 14:27:00,0.00019605920988152725,0.00019605920988152725,4.280334493949862e-05
C,2024-01-18,2024-01-18 14:28:00,0.0001960207782025769,0.0001960207782025769,-0.00010151161923520002
C,2024-01-18,2024-01-18 14:29:00,0.000979911807937217,0.000979911807937217,-0.00013594491106843793
C,2024-01-18,2024-01-18 14:30:00,-0.00019579050416063115,-0.00019579050416063115,-0.0002347950446371673
C,2024-01-18,2024-01-18 14:31:00,0.00019582884558899671,0.00019582884558899671,2.434593294587031e-05
C,2024-01-18,2024-01-18 14:32:00,-0.0005873715124816714,-0.0005873715124816714,-8.275315561022516e-05
C,2024-01-18,2024-01-18 14:33:00,-0.0005877167205406986,-0.0005877167205406986,7.273611131902473e-05
C,2024-01-18,2024-01-18 14:34:00,0.0002940311673036433,0.0002940311673036433,4.859285903546556e-05
C,2024-01-18,2024-01-18 14:35:00,9.798157946305786e-05,9.798157946305786e-05,-2.3633081171818327e-05
C,2024-01-18,2024-01-18 14:36:00,9.797198001382235e-05,9.797198001382235e-05,-4.2678956539831453e-05
C,2024-01-18,2024-01-18 14:37:00,-0.000979623824451492,-0.000979623824451492,-1.706235837664628e-05
C,2024-01-18,2024-01-18 14:38:00,0.00029417532849573824,0.00029417532849573824,8.06537454705908e-05
C,2024-01-18,2024-01-18 14:39:00,0.00019605920988152725,0.00019605920988152725,-7.33141834215757e-05
C,2024-01-18,2024-01-18 14:40:00,-0.0001960207782025769,-0.0001960207782025769,-4.8179754051174644e-05
C,2024-01-18,2024-01-18 14:41:00,-0.00039211841976272144,-0.00039211841976272144,-1.6145442026756332e-05
C,2024-01-18,2024-01-18 14:42:00,-0.0005884083553986397,-0.0005884083553986397,8.407024338154884e-05
C,2024-01-18,2024-01-18 14:43:00,0.0005887547836327389,0.0005887547836327389,7.653566713481248e-05
C,2024-01-18,2024-01-18 14:44:00,-0.00019613611846636125,-0.00019613611846636125,-0.00010439595659653482
C,2024-01-18,2024-01-18 14:45:00,-0.0007846983815594788,-0.0007846983815594788,4.634071191721536e-05
C,2024-01-18,2024-01-18 14:46:00,0.0,0.0,6.479121043295104e-05
C,2024-01-18,2024-01-18 14:47:00,0.00029449298125072687,0.00029449298125072687,4.25444396782703e-05
C,2024-01-18,2024-01-18 14:48:00,9.813542688896781e-05,9.813542688896781e-05,-7.357947903988858e-05
C,2024-01-18,2024-01-18 14:49:00,0.00019625159454439434,0.00019625159454439434,-6.568396252982996e-05
C,2024-01-18,2024-01-18 14:50:00,-0.0001962130874130219,-0.0001962130874130219,-5.8800956449509355e-05
C,2024-01-18,2024-01-18 14:51:00,0.0007850063781769112,0.0007850063781769112,-1.2834064851399937e-05
C,2024-01-18,2024-01-18 14:52:00,0.0003921953132659528,0.0003921953132659528,-0.00011029097557508074
C,2024-01-18,2024-01-18 14:53:00,-0.00039204155640493177,-0.00039204155640493177,-9.8574972834264e-05
C,2024-01-18,2024-01-18 14:54:00,0.0005882929698990402,0.0005882929698990402,-4.821811218430233e-06
C,2024-01-18,2024-01-18 14:55:00,0.0,0.0,-4.846333546908652e-05
C,2024-01-18,2024-01-18 14:56:00,-0.00019598236158757665,-0.00019598236158757665,-6.648212011920993e-05
C,2024-01-18,2024-01-18 14:57:00,-0.00039204155640493177,-0.00039204155640493177,-1.2968051123553928e-05
C,2024-01-18,2024-01-18 14:58:00,-0.00039219531326617485,-0.00039219531326617485,2.0834966907683322e-05
C,2024-01-18,2024-01-18 14:59:00,-0.0001961745953896754,-0.0001961745953896754,3.841874377357531e-05
C,2024-01-18,2024-01-18 15:00:00,0.000882958893358321,0.000882958893358321,7.450557272046345e-05
C,2024-01-18,2024-01-18 15:01:00,0.000294059988237505,0.000294059988237505,-3.5854005521974567e-05
C,2024-01-18,2024-01-18 15:02:00,0.0,0.0,7.145105195437898e-05
C,2024-01-18,2024-01-18 15:03:00,-0.00019598236158757665,-0.00019598236158757665,9.586020087372714e-05
C,2024-01-18,2024-01-18 15:04:00,-9.801038910117743e-05,-9.801038910117743e-05,8.016933410232157e-06
C,2024-01-18,2024-01-18 15:05:00,-9.801999607939038e-05,-9.801999607939038e-05,-6.829241532232786e-05
C,2024-01-18,2024-01-18 15:06:00,-0.00039211841976272144,-0.00039211841976272144,-9.478547305143106e-05
C,2024-01-18,2024-01-18 15:07:00,0.0007845444738650009,0.0007845444738650009,-3.150601608171139e-05
C,2024-01-18,2024-01-18 15:08:00,-0.0023517883390495875,-0.0023517883390495875,-7.13094474783398e-05
C,2024-01-18,2024-01-18 15:09:00,0.0025537766427659037,0.0025537766427659037,0.0005722206868465582
C,2024-01-18,2024-01-18 15:10:00,0.00019594396002742265,0.00019594396002742265,-0.0005617835317173026
C,2024-01-18,2024-01-18 15:11:00,-0.0001959055735136772,-0.0001959055735136772,2.44633950387262e-05
C,2024-01-18,2024-01-18 15:12:00,-0.0001959439600272006,-0.0001959439600272006,-1.9590270248705783e-05
C,2024-01-18,2024-01-18 15:13:00,0.0007839294463496405,0.0007839294463496405,-7.548729358795164e-06
C,2024-01-18,2024-01-18 15:14:00,0.00019582884558899671,0.00019582884558899671,-0.000261396672450967
C,2024-01-18,2024-01-18 15:15:00,0.00019579050416052013,0.00019579050416052013,-7.742220808575372e-05
C,2024-01-18,2024-01-18 15:16:00,0.000391504355486072,0.000391504355486072,-5.7449024169094384e-05
C,2024-01-18,2024-01-18 15:17:00,-0.00019567556990518487,-0.00019567556990518487,-2.3277638301454956e-05
C,2024-01-18,2024-01-18 15:18:00,-0.0005871415989823214,-0.0005871415989823214,1.431371847351029e-05
C,2024-01-18,2024-01-18 15:19:00,-9.791442279438733e-05,-9.791442279438733e-05,1.0630056288297101e-05
C,2024-01-18,2024-01-18 15:20:00,0.00029377203290237297,0.00029377203290237297,-4.953480601181681e-05
C,2024-01-18,2024-01-18 15:21:00,0.0002936857562407802,0.0002936857562407802,-6.249391841403715e-05
C,2024-01-18,2024-01-18 15:22:00,-0.00029359953024077345,-0.00029359953024077345,-3.556452357053153e-05
C,2024-01-18,2024-01-18 15:23:00,0.00039158100832104026,0.00039158100832104026,1.7939970563593062e-05
C,2024-01-18,2024-01-18 15:24:00,0.00039142773265488096,0.00039142773265488096,-1.440449370221929e-05
C,2024-01-18,2024-01-18 15:25:00,-9.781864423352715e-05,-9.781864423352715e-05,-1.0866967635607893e-05
C,2024-01-18,2024-01-18 15:26:00,-0.0002934846409704539,-0.0002934846409704539,-1.710062404670814e-05
C,2024-01-18,2024-01-18 15:27:00,-0.00019571386632744048,-0.00019571386632744048,-1.1502021551496887e-05
C,2024-01-18,2024-01-18 15:28:00,0.0,0.0,-6.758187095643226e-05
C,2024-01-18,2024-01-18 15:29:00,0.0007830087109719219,0.0007830087109719219,-3.589763918710775e-05
C,2024-01-18,2024-01-18 15:30:00,0.0001955990220050552,0.0001955990220050552,-0.00010263518153519234
C,2024-01-18,2024-01-18 15:31:00,-0.0004889019262737104,-0.0004889019262737104,1.1982562776023531e-05
C,2024-01-18,2024-01-18 15:32:00,0.0010761103502250347,0.0010761103502250347,0.00018823048472608114
C,2024-01-18,2024-01-18 15:33:00,-0.00019544610573629662,-0.00019544610573629662,-0.00016687121297788516
C,2024-01-18,2024-01-18 15:34:00,-0.00019548431238403108,-0.00019548431238403108,-1.8941544692457863e-05
C,2024-01-18,2024-01-18 15:35:00,-0.00019552253397181474,-0.00019552253397181474,-4.9804975472538987e-05
C,2024-01-18,2024-01-18 15:36:00,0.0003911215410188351,0.0003911215410188351,-8.228002031023294e-05
C,2024-01-18,2024-01-18 15:37:00,-0.0048871078095983345,-0.003089910647061753,-0.00020379674928501163
C,2024-01-18,2024-01-18 15:38:00,0.0038306649641488555,0.0030073397013112707,0.0005673484850114248
C,2024-01-18,2024-01-18 15:39:00,0.0002935420743639394,0.0002935420743639394,-0.0007153924064019849
C,2024-01-18,2024-01-18 15:40:00,0.000586911865401607,0.000586911865401607,-7.109868489619892e-05
C,2024-01-18,2024-01-18 15:41:00,-0.00019552253397181474,-0.00019552253397181474,-6.343071754385003e-05
C,2024-01-18,2024-01-18 15:42:00,0.00019556077050930654,0.00019556077050930654,-5.647762325404906e-05
C,2024-01-18,2024-01-18 15:43:00,-0.00039104506794396254,-0.00039104506794396254,-8.561892948989363e-05
C,2024-01-18,2024-01-18 15:44:00,0.0003911980440096663,0.0003911980440096663,3.8038892855782047e-06
C,2024-01-18,2024-01-18 15:45:00,0.0005865676019161103,0.0005865676019161103,-2.2584841765698027e-06
C,2024-01-18,2024-01-18 15:46:00,-0.001367855398143547,-0.001367855398143547,9.524990928981292e-08
C,2024-01-18,2024-01-18 15:47:00,-0.003913511398102032,-0.003089910647061753,0.000234380506669236
C,2024-01-18,2024-01-18 15:48:00,0.0030448875356055005,0.0030073397013112707,0.0005815691364249016
C,2024-01-18,2024-01-18 15:49:00,0.0004896200548374363,0.0004896200548374363,-0.0006185614243833376
C,2024-01-18,2024-01-18 15:50:00,0.0006851326221004594,0.0006851326221004594,-0.00010735422305741133
C,2024-01-18,2024-01-18 15:51:00,0.000489045383411435,0.000489045383411435,-0.00013337334929778042
C,2024-01-18,2024-01-18 15:52:00,-0.0004888063349299809,-0.0004888063349299809,-8.637176253715986e-05
C,2024-01-18,2024-01-18 15:53:00,-9.780907668255345e-05,-9.780907668255345e-05,2.6118344321639885e-05
C,2024-01-18,2024-01-18 15:54:00,-0.0007825491538685503,-0.0007825491538685503,-1.3598225876262077e-05
C,2024-01-18,2024-01-18 15:55:00,0.00019579050416052013,0.00019579050416052013,3.6151467440720456e-05
C,2024-01-18,2024-01-18 15:56:00,0.0,0.0,-4.7911157137751686e-05
C,2024-01-18,2024-01-18 15:57:00,-0.0002936282666144985,-0.0002936282666144985,-3.2294794989235906e-05
C,2024-01-18,2024-01-18 15:58:00,0.0007832386919912615,0.0007832386919912615,1.859815629628617e-05
C,2024-01-19,2024-01-19 09:40:00,0.0018713680685511491,0.0018713680685511491,5.95823109759856e-05
C,2024-01-19,2024-01-19 09:41:00,-0.002949272512780099,-0.002949272512780099,-0.00047076137373112655
C,2024-01-19,2024-01-19 09:42:00,-0.0009859988168015033,-0.0009859988168015033,0.0006169125074886467
C,2024-01-19,2024-01-19 09:43:00,0.0012830635609948349,0.0012830635609948349,0.00027511248499218415
C,2024-01-19,2024-01-19 09:44:00,0.0005914243469689051,0.0005914243469689051,-0.00024257973321014173
C,2024-01-19,2024-01-19 09:45:00,-0.000492562309131972,-0.000492562309131972,-0.00017102897351984272
C,2024-01-19,2024-01-19 09:46:00,0.0002956830277940359,0.0002956830277940359,0.0001279888604928686
C,2024-01-19,2024-01-19 09:47:00,0.0013794462508620597,0.0013794462508620597,-0.00010541674784708139
C,2024-01-19,2024-01-19 09:48:00,0.0011807537144543634,0.0011807537144543634,-0.00039514004548841353
C,2024-01-19,2024-01-19 09:49:00,-0.00029484029484028174,-0.00029484029484028174,-0.0003466691787382807
C,2024-01-19,2024-01-19 09:50:00,0.0006881635863154045,0.0006881635863154045,-5.386431716494379e-06
C,2024-01-19,2024-01-19 09:51:00,-0.001080656253069856,-0.001080656253069856,-0.00023520185732465868
C,2024-01-19,2024-01-19 09:52:00,0.0013768686073956093,0.0013768686073956093,0.00012637810723342967
C,2024-01-19,2024-01-19 09:53:00,0.0009821253191908408,0.0009821253191908408,-0.0003136553080303685
C,2024-01-19,2024-01-19 09:54:00,0.0004905808477235762,0.0004905808477235762,-0.00023813046982378827
C,2024-01-19,2024-01-19 09:55:00,-0.00039227223693238944,-0.00039227223693238944,-0.00016164805095163833
C,2024-01-19,2024-01-19 09:56:00,0.0012753850681839207,0.0012753850681839207,2.687016357107522e-05
C,2024-01-19,2024-01-19 09:57:00,0.0,0.0,-0.0003308459773279106
C,2024-01-19,2024-01-19 09:58:00,-0.0012737605330197521,-0.0012737605330197521,-4.2419079910212584e-05
C,2024-01-19,2024-01-19 09:59:00,0.0011772785244776873,0.0011772785244776873,0.0002997224467763948
C,2024-01-19,2024-01-19 10:00:00,-0.0004899559039687196,-0.0004899559039687196,-0.0002712813902252001
C,2024-01-19,2024-01-19 10:01:00,-0.00019607843137270375,-0.00019607843137270375,3.7315804442241225e-05
C,2024-01-19,2024-01-19 10:02:00,0.0004902922141598598,0.0004902922141598598,1.6378319587163267e-05
C,2024-01-19,2024-01-19 10:03:00,0.0002940311673036433,0.0002940311673036433,-0.0001343825006750288
C,2024-01-19,2024-01-19 10:04:00,-0.0005878894767783471,-0.0005878894767783471,-0.00012058598734987356
C,2024-01-19,2024-01-19 10:05:00,0.00019607843137259273,0.00019607843137259273,9.782249014512583e-05
C,2024-01-19,2024-01-19 10:06:00,0.0006861399725544004,0.0006861399725544004,-4.485826636364794e-05
C,2024-01-19,2024-01-19 10:07:00,0.0,0.0,-0.00018992560311631651
C,2024-01-19,2024-01-19 10:08:00,0.0007836222940542648,0.0007836222940542648,-1.762779641407572e-05
C,2024-01-19,2024-01-19 10:09:00,0.0007830087109719219,0.0007830087109719219,-0.0001801487885590204
C,2024-01-19,2024-01-19 10:10:00,-0.0004889975550121939,-0.0004889975550121939,-0.0002493600654601945
C,2024-01-19,2024-01-19 10:11:00,-0.00029354207436405044,-0.00029354207436405044,3.466540753061123e-05
C,2024-01-19,2024-01-19 10:12:00,-0.000587256533228997,-0.000587256533228997,6.818638697751188e-05
C,2024-01-19,2024-01-19 10:13:00,0.00039173440407402893,0.00039173440407402893,5.6329229421394556e-05
C,2024-01-19,2024-01-19 10:14:00,0.00039158100832104026,0.00039158100832104026,-8.606714813065983e-05
C,2024-01-19,2024-01-19 10:15:00,0.0006849985321459862,0.0006849985321459862,-0.0001283441855694882
C,2024-01-19,2024-01-19 10:16:00,-0.0007823195775472636,-0.0007823195775472636,-0.0001751038236895436
C,2024-01-19,2024-01-19 10:17:00,0.0006850655705616937,0.0006850655705616937,7.595290337934534e-05
C,2024-01-19,2024-01-19 10:18:00,0.0004889975550124159,0.0004889975550124159,-0.00018550274811464346
C,2024-01-19,2024-01-19 10:19:00,-0.0006842619745848211,-0.0006842619745848211,-0.00020061477509862837
C,2024-01-19,2024-01-19 10:20:00,9.78186442337492e-05,9.78186442337492e-05,8.181240244184131e-05
C,2024-01-19,2024-01-19 10:21:00,-0.0011737089201878659,-0.0011737089201878659,-4.197290166663997e-05
C,2024-01-19,2024-01-19 10:22:00,-9.792401096753167e-05,-9.792401096753167e-05,0.00021098230296169308
C,2024-01-19,2024-01-19 10:23:00,0.0014690040152776085,0.0014690040152776085,5.9210909831436994e-05
C,2024-01-19,2024-01-19 10:24:00,-0.0004889497359670258,-0.0004889497359670258,-0.00022460671054599435
C,2024-01-19,2024-01-19 10:25:00,0.00029351335485761076,0.00029351335485761076,2.5902957064125214e-05
C,2024-01-19,2024-01-19 10:26:00,-0.00039123630672932563,-0.00039123630672932563,-6.844398462722214e-05
C,2024-01-19,2024-01-19 10:27:00,0.0002935420743639394,0.0002935420743639394,-9.358769937529095e-06
C,2024-01-19,2024-01-19 10:28:00,0.0012716423750367412,0.0012716423750367412,-0.0001161769537198229
C,2024-01-19,2024-01-19 10:29:00,-0.0004884720593981706,-0.0004884720593981706,-0.0002698690367572942
C,2024-01-19,2024-01-19 10:30:00,0.0003909686247678401,0.0003909686247678401,-3.709210081200952e-05
C,2024-01-19,2024-01-19 10:31:00,-0.0002931118710307601,-0.0002931118710307601,-0.00015163901454350322
C,2024-01-19,2024-01-19 10:32:00,-9.773260359646763e-05,-9.773260359646763e-05,1.1286424127607382e-05
C,2024-01-19,2024-01-19 10:33:00,0.00019548431238392006,0.00019548431238392006,-5.480096866368408e-05
C,2024-01-19,2024-01-19 10:34:00,0.0011726766344180017,0.0011726766344180017,-0.00014389985305627055
C,2024-01-19,2024-01-19 10:35:00,0.0005856515373352522,0.0005856515373352522,-0.00027199298739006265
C,2024-01-19,2024-01-19 10:36:00,-0.0012681689591258483,-0.0012681689591258483,-0.0001570617307652057
C,2024-01-19,2024-01-19 10:37:00,9.767532721238759e-05,9.767532721238759e-05,0.00015533865343244672
C,2024-01-19,2024-01-19 10:38:00,-0.001171989452094846,-0.001171989452094846,4.753737011242254e-06
C,2024-01-19,2024-01-19 10:39:00,0.0007822430820376702,0.0007822430820376702,0.00026858697016433176
C,2024-01-19,2024-01-19 10:40:00,0.0005862237420615202,0.0005862237420615202,-0.00013466394145672934
C,2024-01-19,2024-01-19 10:41:00,-0.0012694072844448012,-0.0012694072844448012,-6.892569335561679e-05
C,2024-01-19,2024-01-19 10:42:00,0.0010754790770433065,0.0010754790770433065,0.0001808032950346031
C,2024-01-19,2024-01-19 10:43:00,-9.766578767467227e-05,-9.766578767467227e-05,-0.00017810345284216105
C,2024-01-19,2024-01-19 10:44:00,-0.0004883766360617159,-0.0004883766360617159,-4.849692681591376e-05
C,2024-01-19,2024-01-19 10:45:00,-0.00019544610573629662,-0.00019544610573629662,4.076957983002914e-05
C,2024-01-19,2024-01-19 10:46:00,0.0003909686247678401,0.0003909686247678401,-4.303934692322297e-05
C,2024-01-19,2024-01-19 10:47:00,-0.0003908158280409024,-0.0003908158280409024,-0.0001155199674117233
C,2024-01-19,2024-01-19 10:48:00,-9.774215619207105e-05,-9.774215619207105e-05,1.8017960983190244e-05
C,2024-01-19,2024-01-19 10:49:00,0.0009775171065493637,0.0009775171065493637,-7.249139955800739e-07
C,2024-01-19,2024-01-19 10:50:00,9.765624999991118e-05,9.765624999991118e-05,-0.0003142934181188985
C,2024-01-19,2024-01-19 10:51:00,0.0,0.0,3.6532156665101276e-06
C,2024-01-19,2024-01-19 10:52:00,9.764671418821536e-05,9.764671418821536e-05,-8.589077209344391e-05
C,2024-01-19,2024-01-19 10:53:00,0.0006834602616676566,0.0006834602616676566,-9.510463019774723e-05
C,2024-01-19,2024-01-19 10:54:00,-0.00019514098936490587,-0.00019514098936490587,-0.00012732918478002348
C,2024-01-19,2024-01-19 10:55:00,-0.0004879476920074399,-0.0004879476920074399,8.22600283259318e-06
C,2024-01-19,2024-01-19 10:56:00,0.00048818590119115157,0.00048818590119115157,6.14960553791253e-05
C,2024-01-19,2024-01-19 10:57:00,-0.0001951790768031092,-0.0001951790768031092,-0.0001255985731133647
C,2024-01-19,2024-01-19 10:58:00,0.0003904343582235015,0.0003904343582235015,4.4680392160263585e-05
C,2024-01-19,2024-01-19 10:59:00,-0.0005854229680943845,-0.0005854229680943845,-0.0001431770350861018
C,2024-01-19,2024-01-19 11:00:00,-0.0015620423703992525,-0.0015620423703992525,7.165397172170635e-05
C,2024-01-19,2024-01-19 11:01:00,0.0022489488608583574,0.0022489488608583574,0.00039030351457699364
C,2024-01-19,2024-01-19 11:02:00,9.756097560975618e-05,9.756097560975618e-05,-0.0003846924173164855
C,2024-01-19,2024-01-19 11:03:00,-0.00019510291678848102,-0.00019510291678848102,-0.00010984141216375917
C,2024-01-19,2024-01-19 11:04:00,-0.00039028197872981174,-0.00039028197872981174,5.816146792455491e-05
C,2024-01-19,2024-01-19 11:05:00,0.00019521717911175074,0.00019521717911175074,0.00010341613838295287
C,2024-01-19,2024-01-19 11:06:00,0.0,0.0,-0.0001138290409017278
C,2024-01-19,2024-01-19 11:07:00,9.758953840144358e-05,9.758953840144358e-05,-3.770363905023076e-06
C,2024-01-19,2024-01-19 11:08:00,0.00039032006245132145,0.00039032006245132145,2.5691349015419516e-05
C,2024-01-19,2024-01-19 11:09:00,-0.00029262582910638546,-0.00029262582910638546,-0.0001575229523749945
C,2024-01-19,2024-01-19 11:10:00,0.0015611279149185808,0.0015611279149185808,4.564236984888357e-05
C,2024-01-19,2024-01-19 11:11:00,-0.000584510472479316,-0.000584510472479316,-0.0003004682057855039
C,2024-01-19,2024-01-19 11:12:00,0.0,0.0,2.45518234926849e-05
C,2024-01-19,2024-01-19 11:13:00,-0.00019495077492948099,-0.00019495077492948099,-3.316691680978712e-05
C,2024-01-19,2024-01-19 11:14:00,0.0003899775762894464,0.0003899775762894464,-8.198633870448691e-05
C,2024-01-19,2024-01-19 11:15:00,0.0,0.0,-9.963856425504306e-05
C,2024-01-19,2024-01-19 11:16:00,-0.0013643894357274755,-0.0013643894357274755,-3.4264561214313956e-05
C,2024-01-19,2024-01-19 11:17:00,-0.0004879476920074399,-0.0004879476920074399,0.0002414502930129834
C,2024-01-19,2024-01-19 11:18:00,-0.0008787346221441616,-0.0008787346221441616,3.748786059835133e-05
C,2024-01-19,2024-01-19 11:19:00,0.0,0.0,0.00017214707237641814
C,2024-01-19,2024-01-19 11:20:00,-9.772305286825933e-05,-9.772305286825933e-05,8.186879965114091e-05
C,2024-01-19,2024-01-19 11:21:00,-0.0004886630179826712,-0.0004886630179826712,2.4997565767777335e-05
C,2024-01-19,2024-01-19 11:22:00,0.0,0.0,0.00011715077989322398
C,2024-01-19,2024-01-19 11:23:00,0.0003911215410188351,0.0003911215410188351,5.402415930028378e-05
C,2024-01-19,2024-01-19 11:24:00,9.7742156191849e-05,9.7742156191849e-05,-0.00010951087483170086
C,2024-01-19,2024-01-19 11:25:00,-0.0004886630179826712,-0.0004886630179826712,-3.296016732427859e-05
C,2024-01-19,2024-01-19 11:26:00,-0.0011733646230566164,-0.0011733646230566164,0.00011724948096705941
C,2024-01-19,2024-01-19 11:27:00,0.0007831620166420805,0.0007831620166420805,0.00016531523436120576
C,2024-01-19,2024-01-19 11:28:00,0.0002934559327008035,0.0002934559327008035,-0.0001354912329017794
C,2024-01-19,2024-01-19 11:29:00,-9.778994719333856e-05,-9.778994719333856e-05,-7.964070189135426e-05
C,2024-01-19,2024-01-19 11:30:00,0.0003911980440096663,0.0003911980440096663,-3.114490008567236e-05
C,2024-01-19,2024-01-19 11:31:00,9.776126698612941e-05,9.776126698612941e-05,1.0420980354870302e-05
C,2024-01-19,2024-01-19 11:32:00,-0.0002932551319646537,-0.0002932551319646537,-8.792550994581643e-05
C,2024-01-19,2024-01-19 11:33:00,-0.00039112154101905716,-0.00039112154101905716,2.8922151792761315e-05
C,2024-01-19,2024-01-19 11:34:00,-0.0001956372884670543,-0.0001956372884670543,6.52747907810724e-05
C,2024-01-19,2024-01-19 11:35:00,-0.00136972898933585,-0.00136972898933585,2.7458642385731547e-05
C,2024-01-19,2024-01-19 11:36:00,0.0004898599000686676,0.0004898599000686676,0.00022317888226673895
C,2024-01-19,2024-01-19 11:37:00,0.00029377203290237297,0.00029377203290237297,-3.3747703117509135e-05
C,2024-01-19,2024-01-19 11:38:00,0.0,0.0,-4.169501905529784e-05
C,2024-01-19,2024-01-19 11:39:00,-0.0008810572687224516,-0.0008810572687224516,-8.082664308540095e-05
C,2024-01-19,2024-01-19 11:40:00,-0.0010777973740938585,-0.0010777973740938585,5.5687652152186986e-05
C,2024-01-19,2024-01-19 11:41:00,0.00019617459539000848,0.00019617459539000848,0.0001693516952620289
C,2024-01-19,2024-01-19 11:42:00,0.0010787486515642097,0.0010787486515642097,-4.183286553900485e-05
C,2024-01-19,2024-01-19 11:43:00,-0.000489811912225635,-0.000489811912225635,-0.00024108522577640515
C,2024-01-19,2024-01-19 11:44:00,0.0002940311673036433,0.0002940311673036433,7.0256334435009476e-06
C,2024-01-19,2024-01-19 11:45:00,0.0,0.0,-9.731464350651783e-05
C,2024-01-19,2024-01-19 11:46:00,-0.00029394473838917357,-0.00029394473838917357,-8.550251445999869e-05
C,2024-01-19,2024-01-19 11:47:00,0.0001960207782025769,0.0001960207782025769,-1.1767068763087553e-05
C,2024-01-19,2024-01-19 11:48:00,0.0,0.0,-3.2044391507746714e-05
C,2024-01-19,2024-01-19 11:49:00,0.0,0.0,-3.716958814837143e-05
C,2024-01-19,2024-01-19 11:50:00,0.00039196472317493125,0.00039196472317493125,4.865022350188377e-05
C,2024-01-19,2024-01-19 11:51:00,-0.0002938583602704048,-0.0002938583602704048,-9.363746627000742e-05
C,2024-01-19,2024-01-19 11:52:00,9.798157946305786e-05,9.798157946305786e-05,3.719023503233114e-05
C,2024-01-19,2024-01-19 11:53:00,-0.0001959439600272006,-0.0001959439600272006,-2.1816603305052833e-05
C,2024-01-19,2024-01-19 11:54:00,-0.00029397354238114293,-0.00029397354238114293,2.4434984694891097e-06
C,2024-01-19,2024-01-19 11:55:00,9.801999607916834e-05,9.801999607916834e-05,5.071286544904231e-05
C,2024-01-19,2024-01-19 11:56:00,0.000882093501911152,0.000882093501911152,-2.7287923563929904e-05
C,2024-01-19,2024-01-19 11:57:00,-0.000293772032902484,-0.000293772032902484,-0.00010232272649029701
C,2024-01-19,2024-01-19 11:58:00,-9.79527867568386e-05,-9.79527867568386e-05,5.18355735867375e-05
C,2024-01-19,2024-01-19 11:59:00,9.79623824450826e-05,9.79623824450826e-05,4.348413411441413e-05
C,2024-01-19,2024-01-19 12:00:00,0.0003918111470271324,0.0003918111470271324,-4.1630402224129525e-05
C,2024-01-19,2024-01-19 12:01:00,0.001077058650739371,0.001077058650739371,-0.00012059115353553665
C,2024-01-19,2024-01-19 12:02:00,-0.0002934272300469942,-0.0002934272300469942,-0.00016448414606583549
C,2024-01-19,2024-01-19 12:03:00,0.0001956755699048518,0.0001956755699048518,-0.00010665140324641234
C,2024-01-19,2024-01-19 12:04:00,0.0003912745769345527,0.0003912745769345527,-8.868060650467648e-05
C,2024-01-19,2024-01-19 12:05:00,0.00019556077050930654,0.00019556077050930654,-8.445027060676468e-05
C,2024-01-19,2024-01-19 12:06:00,-0.00019552253397181474,-0.00019552253397181474,-0.00011584537796054204
C,2024-01-19,2024-01-19 12:07:00,0.0005866823115281417,0.0005866823115281417,-7.398474406838689e-05
C,2024-01-19,2024-01-19 12:08:00,-0.00039089221147270425,-0.00039089221147270425,-0.0001448725470993502
C,2024-01-19,2024-01-19 12:09:00,0.000488806334930203,0.000488806334930203,-4.953480712633261e-05
C,2024-01-19,2024-01-19 12:10:00,0.00019542700801244983,0.00019542700801244983,-8.138856396017985e-05
C,2024-01-19,2024-01-19 12:11:00,-0.00019538882375924604,-0.00019538882375924604,-6.555915727347814e-05
C,2024-01-19,2024-01-19 12:12:00,-0.0005862810240375715,-0.0005862810240375715,5.314769382998342e-06
C,2024-01-19,2024-01-19 12:13:00,0.00019554165037138915,0.00019554165037138915,1.1481250683052863e-06
C,2024-01-19,2024-01-19 12:14:00,0.0002932551319647647,0.0002932551319647647,6.5550813049808464e-06
C,2024-01-19,2024-01-19 12:15:00,0.0003908922114728153,0.0003908922114728153,-0.00012933723057847278
C,2024-01-19,2024-01-19 12:16:00,-0.0002930546058416139,-0.0002930546058416139,-0.00011334548541121079
C,2024-01-19,2024-01-19 12:17:00,0.00019542700801244983,0.00019542700801244983,-1.9583143425319237e-05
C,2024-01-19,2024-01-19 12:18:00,0.0,0.0,-2.7457352141788265e-05
C,2024-01-19,2024-01-19 12:19:00,-0.0004884720593981706,-0.0004884720593981706,-3.0295387848932008e-05
C,2024-01-19,2024-01-19 12:20:00,9.7742156191849e-05,9.7742156191849e-05,9.501156235719617e-05
C,2024-01-19,2024-01-19 12:21:00,9.773260359668967e-05,9.773260359668967e-05,-1.2404886838490199e-05
C,2024-01-19,2024-01-19 12:22:00,9.772305286825933e-05,9.772305286825933e-05,-6.302348225457895e-05
C,2024-01-19,2024-01-19 12:23:00,9.77135040061139e-05,9.77135040061139e-05,2.187156415235121e-05
C,2024-01-19,2024-01-19 12:24:00,0.00019540791402072877,0.00019540791402072877,-1.0818232825038739e-05
C,2024-01-19,2024-01-19 12:25:00,-0.0003907394744554482,-0.0003907394744554482,-2.0659534927329703e-05
C,2024-01-19,2024-01-19 12:26:00,0.0003908922114728153,0.0003908922114728153,4.346703021477726e-05
C,2024-01-19,2024-01-19 12:27:00,0.0003907394744553372,0.0003907394744553372,1.6878754012615434e-05
C,2024-01-19,2024-01-19 12:28:00,-0.00019529342837609764,-0.00019529342837609764,-3.38272820277037e-05
C,2024-01-19,2024-01-19 12:29:00,0.0,0.0,3.175085249592368e-05
C,2024-01-19,2024-01-19 12:30:00,0.001171989452094735,0.001171989452094735,5.762484888539635e-05
C,2024-01-19,2024-01-19 12:31:00,-0.00019510291678848102,-0.00019510291678848102,-0.00023245338630966699
C,2024-01-19,2024-01-19 12:32:00,-0.0005854229680944956,-0.0005854229680944956,2.559644658097362e-05
C,2024-01-19,2024-01-19 12:33:00,0.0,0.0,0.00017473352875459457
C,2024-01-19,2024-01-19 12:34:00,0.0003905105925996466,0.0003905105925996466,2.3083784923480866e-05
C,2024-01-19,2024-01-19 12:35:00,-0.00039035815360588533,-0.00039035815360588533,-9.000342217683098e-05
C,2024-01-19,2024-01-19 12:36:00,0.0005857658888996919,0.0005857658888996919,0.00013099839001232962
C,2024-01-19,2024-01-19 12:37:00,0.0007805639574591794,0.0007805639574591794,-3.82053192330507e-05
C,2024-01-19,2024-01-19 12:38:00,-0.0008774495466511434,-0.0008774495466511434,-0.00017513174722019135
C,2024-01-19,2024-01-19 12:39:00,0.0,0.0,0.000180279800986371
C,2024-01-19,2024-01-19 12:40:00,9.758001561288587e-05,9.758001561288587e-05,-1.5074958225708169e-05
C,2024-01-19,2024-01-19 12:41:00,0.0001951409893645728,0.0001951409893645728,4.231867125900474e-05
C,2024-01-19,2024-01-19 12:42:00,-0.0004877572919713691,-0.0004877572919713691,-2.0300384459369636e-05
C,2024-01-19,2024-01-19 12:43:00,0.00048799531524479356,0.00048799531524479356,6.668740874307895e-05
C,2024-01-19,2024-01-19 12:44:00,-0.00019510291678848102,-0.00019510291678848102,2.7416221572176842e-05
C,2024-01-19,2024-01-19 12:45:00,0.0008781344521415768,0.0008781344521415768,3.785330333919345e-05
C,2024-01-19,2024-01-19 12:46:00,-0.00048742444921034966,-0.00048742444921034966,-0.00016001428009804588
C,2024-01-19,2024-01-19 12:47:00,0.000975324295328095,0.000975324295328095,1.5531416293141957e-05
C,2024-01-19,2024-01-19 12:48:00,0.0,0.0,-0.0001334092633361154
C,2024-01-19,2024-01-19 12:49:00,0.0,0.0,-0.00012970348003704614
C,2024-01-19,2024-01-19 12:50:00,0.00019487479294566512,0.00019487479294566512,-2.7569437379172356e-05
C,2024-01-19,2024-01-19 12:51:00,9.7418412079886e-05,9.7418412079886e-05,-8.920804210430933e-05
C,2024-01-19,2024-01-19 12:52:00,-0.0002922267679719148,-0.0002922267679719148,-6.373314582591349e-05
C,2024-01-19,2024-01-19 12:53:00,0.00019487479294566512,0.00019487479294566512,6.176175879488982e-06
C,2024-01-19,2024-01-19 12:54:00,0.000681928884559202,0.000681928884559202,-4.8039458285698946e-05
C,2024-01-19,2024-01-19 12:55:00,0.0008761682242990343,0.0008761682242990343,-0.00015546897134565365
C,2024-01-19,2024-01-19 12:56:00,9.726680284005695e-05,9.726680284005695e-05,-0.00023974479521370826
C,2024-01-19,2024-01-19 12:57:00,-9.725734292931332e-05,-9.725734292931332e-05,-6.909318515864509e-05
C,2024-01-19,2024-01-19 12:58:00,0.0003890672113606719,0.0003890672113606719,-7.777232968659011e-05
C,2024-01-19,2024-01-19 12:59:00,0.0,0.0,-8.63844122583859e-06
C,2024-01-19,2024-01-19 13:00:00,-0.0001944579484686182,-0.0001944579484686182,-4.276998691694821e-05
C,2024-01-19,2024-01-19 13:01:00,0.00019449576971686255,0.00019449576971686255,-5.9364463739769834e-05
C,2024-01-19,2024-01-19 13:02:00,-0.0003889158969372364,-0.0003889158969372364,-3.978254590486521e-05
C,2024-01-19,2024-01-19 13:03:00,0.00029180040852061495,0.00029180040852061495,6.0968545461635024e-05
C,2024-01-19,2024-01-19 13:04:00,-0.0005834305717620225,-0.0005834305717620225,1.3424965761953528e-05
C,2024-01-19,2024-01-19 13:05:00,-0.00048647596808726323,-0.00048647596808726323,9.730409410948301e-05
C,2024-01-19,2024-01-19 13:06:00,0.0008760829358513966,0.0008760829358513966,7.280486272359434e-05
C,2024-01-19,2024-01-19 13:07:00,-9.725734292931332e-05,-9.725734292931332e-05,-0.00010409256905347213
C,2024-01-19,2024-01-19 13:08:00,-9.7266802840279e-05,-9.7266802840279e-05,3.8592037155322675e-05
C,2024-01-19,2024-01-19 13:09:00,9.727626459143934e-05,9.727626459143934e-05,8.864432874921299e-05
C,2024-01-19,2024-01-19 13:10:00,0.0,0.0,-3.713745606493201e-05
C,2024-01-19,2024-01-19 13:11:00,-0.0003890672113606719,-0.0003890672113606719,7.26737789531158e-05
C,2024-01-19,2024-01-19 13:12:00,0.0003892186435729972,0.0003892186435729972,0.00012015640520087824
C,2024-01-19,2024-01-19 13:13:00,-0.0003890672113606719,-0.0003890672113606719,8.242479300455218e-05
C,2024-01-19,2024-01-19 13:14:00,0.0003892186435729972,0.0003892186435729972,6.150506037367058e-05
C,2024-01-19,2024-01-19 13:15:00,0.0,0.0,1.2719627694260835e-05
C,2024-01-19,2024-01-19 13:16:00,0.0009726680284019018,0.0009726680284019018,2.4499805894883274e-05
C,2024-01-19,2024-01-19 13:17:00,-0.0009717228646389797,-0.0009717228646389797,-0.0001131274646008045
C,2024-01-19,2024-01-19 13:18:00,0.0005836008170412299,0.0005836008170412299,0.00021301034669749926
C,2024-01-19,2024-01-19 13:19:00,-9.721007096341605e-05,-9.721007096341605e-05,2.250652973385933e-05
C,2024-01-19,2024-01-19 13:20:00,9.721952167995873e-05,9.721952167995873e-05,6.343015423639339e-05
C,2024-01-19,2024-01-19 13:21:00,0.0003888402838532201,0.0003888402838532201,5.17156413450868e-05
C,2024-01-19,2024-01-19 13:22:00,-9.717228646377585e-05,-9.717228646377585e-05,4.098870310747667e-05
C,2024-01-19,2024-01-19 13:23:00,-9.718172983486095e-05,-9.718172983486095e-05,5.422247833959615e-05
C,2024-01-19,2024-01-19 13:24:00,0.00019438235008251148,0.00019438235008251148,2.503367147565709e-05
C,2024-01-19,2024-01-19 13:25:00,0.00019434457292799578,0.00019434457292799578,5.2460569227748354e-05
C,2024-01-19,2024-01-19 13:26:00,0.0,0.0,6.112250904671476e-05
C,2024-01-19,2024-01-19 13:27:00,0.0005829204313612113,0.0005829204313612113,4.883978697048429e-05
C,2024-01-19,2024-01-19 13:28:00,-0.0001941936110303466,-0.0001941936110303466,-7.800750964365486e-05
C,2024-01-19,2024-01-19 13:29:00,9.71156647566751e-05,9.71156647566751e-05,-6.399426905229177e-06
C,2024-01-19,2024-01-19 13:30:00,-9.710623422010123e-05,-9.710623422010123e-05,-1.749946179634944e-05
C,2024-01-19,2024-01-19 13:31:00,9.71156647566751e-05,9.71156647566751e-05,8.397316360553756e-05
C,2024-01-19,2024-01-19 13:32:00,0.0,0.0,9.69501443815866e-06
C,2024-01-19,2024-01-19 13:33:00,-0.0002913187026607478,-0.0002913187026607478,-7.854057330876494e-05
C,2024-01-19,2024-01-19 13:34:00,0.0003885381253037057,0.0003885381253037057,4.9440332559748295e-05
C,2024-01-19,2024-01-19 13:35:00,0.0,0.0,3.6224487967968364e-05
C,2024-01-19,2024-01-19 13:36:00,-0.0010680648606662402,-0.0010680648606662402,-3.491360383002113e-05
C,2024-01-19,2024-01-19 13:37:00,-0.0006804043545878269,-0.0006804043545878269,0.00012912089233862181
C,2024-01-19,2024-01-19 13:38:00,0.0,0.0,0.00014351609123199242
C,2024-01-19,2024-01-19 13:39:00,-0.0005836008170411189,-0.0005836008170411189,4.708087149277226e-05
C,2024-01-19,2024-01-19 13:40:00,0.0001946472019465073,0.0001946472019465073,8.265718486626207e-05
C,2024-01-19,2024-01-19 13:41:00,-0.0003892186435732192,-0.0003892186435732192,3.316212447209147e-05
C,2024-01-19,2024-01-19 13:42:00,2.220446049250313e-16,2.220446049250313e-16,8.082427693509998e-05
C,2024-01-19,2024-01-19 13:43:00,-1.1102230246251565e-16,-1.1102230246251565e-16,0.00012043367116052199
C,2024-01-19,2024-01-19 13:44:00,-0.00019468509685560687,-0.00019468509685560687,-7.047144416326198e-05
C,2024-01-19,2024-01-19 13:45:00,0.0,0.0,-1.794142754695252e-05
C,2024-01-19,2024-01-19 13:46:00,0.00019472300652312313,0.00019472300652312313,-5.8284656808003066e-05
C,2024-01-19,2024-01-19 13:47:00,0.00038937019371187986,0.00038937019371187986,-5.7893523795072125e-05
C,2024-01-19,2024-01-19 13:48:00,0.00048652330446619096,0.00048652330446619096,-0.00012869206279737846
C,2024-01-19,2024-01-19 13:49:00,-0.000291772028788162,-0.000291772028788162,-0.00011743619319310984
C,2024-01-19,2024-01-19 13:50:00,-0.0003891429127346191,-0.0003891429127346191,6.52134951571374e-05
C,2024-01-19,2024-01-19 13:51:00,0.00029197080291964994,0.00029197080291964994,2.2453334197714946e-05
C,2024-01-19,2024-01-19 13:52:00,-9.729519361734162e-05,-9.729519361734162e-05,-0.0001378565370818717
C,2024-01-19,2024-01-19 13:53:00,9.730466089319378e-05,9.730466089319378e-05,4.618140537503897e-05
C,2024-01-19,2024-01-19 13:54:00,0.001070247129791868,0.001070247129791868,-4.8095247361247445e-05
C,2024-01-19,2024-01-19 13:55:00,0.0,0.0,-0.00025971503382718144
C,2024-01-19,2024-01-19 13:56:00,0.0,0.0,-0.00010927777944888033
C,2024-01-19,2024-01-19 13:57:00,-0.0005831470502478675,-0.0005831470502478675,-2.855466965790331e-06
C,2024-01-19,2024-01-19 13:58:00,-0.0007779830788680053,-0.0007779830788680053,1.2646858757784019e-05
C,2024-01-19,2024-01-19 13:59:00,0.0001946472019465073,0.0001946472019465073,0.00011019762958618577
C,2024-01-19,2024-01-19 14:00:00,-0.0001946093217866096,-0.0001946093217866096,-1.5644613564309533e-05
C,2024-01-19,2024-01-19 14:01:00,0.00048661800486615725,0.00048661800486615725,-4.126182065945978e-06
C,2024-01-19,2024-01-19 14:02:00,0.0006809338521400754,0.0006809338521400754,-6.799205216321729e-05
C,2024-01-19,2024-01-19 14:03:00,-0.0005832604257801632,-0.0005832604257801632,-9.897048007650598e-05
C,2024-01-19,2024-01-19 14:04:00,-0.00019453360568044697,-0.00019453360568044697,6.334435337941532e-05
C,2024-01-19,2024-01-19 14:05:00,-9.728572818357151e-05,-9.728572818357151e-05,4.635600638437881e-05
C,2024-01-19,2024-01-19 14:06:00,0.0001945903872349053,0.0001945903872349053,2.0579130781348642e-05
C,2024-01-19,2024-01-19 14:07:00,0.00029182879377431803,0.00029182879377431803,2.1951461175149407e-05
C,2024-01-19,2024-01-19 14:08:00,0.0003889915394341692,0.0003889915394341692,-7.010143199017874e-06
C,2024-01-19,2024-01-19 14:09:00,0.00019442014192661006,0.00019442014192661006,2.849993400047464e-05
C,2024-01-19,2024-01-19 14:10:00,-0.0001943823500826225,-0.0001943823500826225,-3.5979475647328804e-05
C,2024-01-19,2024-01-19 14:11:00,-0.0002916302128900261,-0.0002916302128900261,0.0001291592043574483
C,2024-01-19,2024-01-19 14:12:00,0.00029171528588101125,0.00029171528588101125,0.00013650761025803127
C,2024-01-19,2024-01-19 14:13:00,0.0,0.0,0.00010391172285229488
C,2024-01-19,2024-01-19 14:14:00,0.0007776805677066623,0.0007776805677066623,-2.1724410112969066e-06
C,2024-01-19,2024-01-19 14:15:00,-0.0002914035939775017,-0.0002914035939775017,-4.813948025462344e-05
C,2024-01-19,2024-01-19 14:16:00,0.0005829770695684466,0.0005829770695684466,5.752995783714546e-05
C,2024-01-19,2024-01-19 14:17:00,-0.00048553117110106125,-0.00048553117110106125,-7.35881227366754e-05
C,2024-01-19,2024-01-19 14:18:00,-0.0003886136209074742,-0.0003886136209074742,9.547585769257598e-05
C,2024-01-19,2024-01-19 14:19:00,9.719117504136676e-05,9.719117504136676e-05,6.416336435513531e-05
C,2024-01-19,2024-01-19 14:20:00,9.718172983474993e-05,9.718172983474993e-05,3.706147999492416e-05
C,2024-01-19,2024-01-19 14:21:00,9.717228646399789e-05,9.717228646399789e-05,-2.4827162345578256e-05
C,2024-01-19,2024-01-19 14:22:00,-9.716284492811145e-05,-9.716284492811145e-05,-1.4807027275665446e-05
C,2024-01-19,2024-01-19 14:23:00,0.00019434457292799578,0.00019434457292799578,-5.7733770822019384e-05
C,2024-01-19,2024-01-19 14:24:00,0.00019430681045351506,0.00019430681045351506,-8.885531893827823e-05
C,2024-01-19,2024-01-19 14:25:00,-9.713453132575989e-05,-9.713453132575989e-05,-9.784425324625342e-05
C,2024-01-19,2024-01-19 14:26:00,0.00019428793471942818,0.00019428793471942818,-3.246593400236106e-05
C,2024-01-19,2024-01-19 14:27:00,9.712509712511697e-05,9.712509712511697e-05,-8.123871486058155e-05
C,2024-01-19,2024-01-19 14:28:00,-0.0015538506361075788,-0.0015538506361075788,-1.5471293244873108e-05
C,2024-01-19,2024-01-19 14:29:00,-0.0005836008170411189,-0.0005836008170411189,0.00032433106814822233
C,2024-01-19,2024-01-19 14:30:00,0.0,0.0,0.00014397999960662872
C,2024-01-19,2024-01-19 14:31:00,0.0008759124087591719,0.0008759124087591719,8.521041305313821e-05
C,2024-01-19,2024-01-19 14:32:00,0.000777907429015734,0.000777907429015734,-0.00018214370572553783
C,2024-01-19,2024-01-19 14:33:00,-0.0004858142246403352,-0.0004858142246403352,-0.00016174452737157988
C,2024-01-19,2024-01-19 14:34:00,-0.0006804704967435793,-0.0006804704967435793,2.6356502256600933e-05
C,2024-01-19,2024-01-19 14:35:00,0.0010700389105058328,0.0010700389105058328,8.172488255873371e-05
C,2024-01-19,2024-01-19 14:36:00,-0.00048586143231943435,-0.00048586143231943435,-0.00027181987013788895
C,2024-01-19,2024-01-19 14:37:00,0.001069414738479546,0.001069414738479546,-4.692814307462114e-06
C,2024-01-19,2024-01-19 14:38:00,0.0005826939885402727,0.0005826939885402727,-0.00019785847430453738
C,2024-01-19,2024-01-19 14:39:00,0.000776472871979017,0.000776472871979017,-0.00013449068250709245
C,2024-01-19,2024-01-19 14:40:00,0.0007758704296383367,0.0007758704296383367,-0.00017617215953545954
C,2024-01-19,2024-01-19 14:41:00,-0.0003876344607034454,-0.0003876344607034454,-0.0001547367105029163
C,2024-01-19,2024-01-19 14:42:00,9.6946194861669e-05,9.6946194861669e-05,-1.2922502871126734e-05
C,2024-01-19,2024-01-19 14:43:00,9.69367972083468e-05,9.69367972083468e-05,-5.739577068250404e-05
C,2024-01-19,2024-01-19 14:44:00,0.00038770960550560396,0.00038770960550560396,2.844215487093782e-06
C,2024-01-19,2024-01-19 14:45:00,0.0,0.0,-0.00012081811757034014
C,2024-01-19,2024-01-19 14:46:00,-0.0003875593450247683,-0.0003875593450247683,-0.00013013138347992375
C,2024-01-19,2024-01-19 14:47:00,0.0015508384220219718,0.0015508384220219718,3.196265564869417e-05
C,2024-01-19,2024-01-19 14:48:00,0.0001935546307945124,0.0001935546307945124,-0.0003612712488295298
C,2024-01-19,2024-01-19 14:49:00,-0.0007740686985968637,-0.0007740686985968637,-0.00012632804343517702
C,2024-01-19,2024-01-19 14:50:00,-0.0011620025176721782,-0.0011620025176721782,9.426638783575377e-05
C,2024-01-19,2024-01-19 14:51:00,-0.0007755695588949063,-0.0007755695588949063,0.0002191898151569035
C,2024-01-19,2024-01-19 14:52:00,0.0005821286504317236,0.0005821286504317236,0.00026384195227928934
C,2024-01-19,2024-01-19 14:53:00,-0.00038785998254620146,-0.00038785998254620146,2.5027078649115696e-05
C,2024-01-19,2024-01-19 14:54:00,0.0010670288097778258,0.0010670288097778258,0.00012575079259249835
C,2024-01-19,2024-01-19 14:55:00,-0.00029069767441858296,-0.00029069767441858296,-0.00016733379882838412
C,2024-01-19,2024-01-19 14:56:00,-0.0007754192110109859,-0.0007754192110109859,0.000125762203462451
C,2024-01-19,2024-01-19 14:57:00,0.0,0.0,0.00013270905700307926
C,2024-01-19,2024-01-19 14:58:00,9.700261907052976e-05,9.700261907052976e-05,7.096405986693704e-05
C,2024-01-19,2024-01-19 14:59:00,-9.69932104751825e-05,-9.69932104751825e-05,-1.8223042884176016e-05
C,2024-01-19,2024-01-19 15:00:00,0.0006790183334950406,0.0006790183334950406,-2.4432318100824347e-05
C,2024-01-19,2024-01-19 15:01:00,0.0002908103916245963,0.0002908103916245963,-4.3174418409112306e-05
C,2024-01-19,2024-01-19 15:02:00,0.00048454307587952883,0.00048454307587952883,-0.00010305657559026618
C,2024-01-19,2024-01-19 15:03:00,-0.0010654784967067954,-0.0010654784967067954,-0.00019631838469284988
C,2024-01-19,2024-01-19 15:04:00,9.696499563660588e-05,9.696499563660588e-05,0.00016877377150771288
C,2024-01-19,2024-01-19 15:05:00,-0.0004847779716888878,-0.0004847779716888878,5.8472948539052525e-05
C,2024-01-19,2024-01-19 15:06:00,0.00019400523814128157,0.00019400523814128157,4.0685301033617224e-05
C,2024-01-19,2024-01-19 15:07:00,-0.00038793521481916837,-0.00038793521481916837,6.665074312964986e-05
C,2024-01-19,2024-01-19 15:08:00,0.0001940428834772412,0.0001940428834772412,4.6013352960034384e-05
C,2024-01-19,2024-01-19 15:09:00,0.0,0.0,5.724424619719374e-06
C,2024-01-19,2024-01-19 15:10:00,0.0003880104762827852,0.0003880104762827852,7.297501426164751e-05
C,2024-01-19,2024-01-19 15:11:00,-0.00019392999127310073,-0.00019392999127310073,-3.995630126695222e-05
C,2024-01-19,2024-01-19 15:12:00,-0.0002909514111143485,-0.0002909514111143485,6.238730593496162e-05
C,2024-01-19,2024-01-19 15:13:00,-0.00029103608847480533,-0.00029103608847480533,4.849505817306356e-06
C,2024-01-19,2024-01-19 15:14:00,0.0005822416302765365,0.0005822416302765365,9.067371940077892e-06
C,2024-01-19,2024-01-19 15:15:00,-0.00038793521481916837,-0.00038793521481916837,-9.060881553165685e-05
C,2024-01-19,2024-01-19 15:16:00,-0.0002910643252158618,-0.0002910643252158618,7.404007147466048e-06
C,2024-01-19,2024-01-19 15:17:00,-0.0004852484472047669,-0.0004852484472047669,3.820875402411058e-05
C,2024-01-19,2024-01-19 15:18:00,0.00019419361103012456,0.00019419361103012456,8.856069041885858e-05
C,2024-01-19,2024-01-19 15:19:00,0.00029123386079032976,0.00029123386079032976,-5.778695507804253e-06
C,2024-01-19,2024-01-19 15:20:00,-0.0008734472049689579,-0.0008734472049689579,2.2111406645120946e-05
C,2024-01-19,2024-01-19 15:21:00,0.0003885381253037057,0.0003885381253037057,0.00014048422272673445
C,2024-01-19,2024-01-19 15:22:00,-0.0001941936110303466,-0.0001941936110303466,-1.4265087256062315e-05
C,2024-01-19,2024-01-19 15:23:00,-0.00019423132951357225,-0.00019423132951357225,1.1333943035993626e-05
C,2024-01-19,2024-01-19 15:24:00,0.00019426906265196386,0.00019426906265196386,7.837872165325784e-05
C,2024-01-19,2024-01-19 15:25:00,9.71156647566751e-05,9.71156647566751e-05,4.646375012871269e-05
C,2024-01-19,2024-01-19 15:26:00,0.00019421246844064655,0.00019421246844064655,1.7167131811916413e-05
C,2024-01-19,2024-01-19 15:27:00,9.70873786407811e-05,9.70873786407811e-05,3.851229386936122e-05
C,2024-01-19,2024-01-19 15:28:00,0.00019415590719362719,0.00019415590719362719,-3.0231729987455702e-05
C,2024-01-19,2024-01-19 15:29:00,-0.0004852955449869967,-0.0004852955449869967,-4.2469035113520784e-05
C,2024-01-19,2024-01-19 15:30:00,0.0,0.0,7.163894001841931e-05
C,2024-01-19,2024-01-19 15:31:00,0.0002913187026607478,0.0002913187026607478,2.9917150510485312e-05
C,2024-01-19,2024-01-19 15:32:00,0.0,0.0,-8.908886786600572e-05
C,2024-01-19,2024-01-19 15:33:00,9.707795359692462e-05,9.707795359692462e-05,0.00010341816589290356
C,2024-01-19,2024-01-19 15:34:00,-0.0002912055911473699,-0.0002912055911473699,-7.559265375243068e-05
C,2024-01-19,2024-01-19 15:35:00,9.709680551495126e-05,9.709680551495126e-05,4.850516490508896e-06
C,2024-01-19,2024-01-19 15:36:00,9.70873786407811e-05,9.70873786407811e-05,-3.131804783372363e-05
C,2024-01-19,2024-01-19 15:37:00,-0.00019415590719340514,-0.00019415590719340514,-7.811940090778271e-05
C,2024-01-19,2024-01-19 15:38:00,-0.00019419361103012456,-0.00019419361103012456,-4.898442292061817e-05
C,2024-01-19,2024-01-19 15:39:00,-0.0005826939885403837,-0.0005826939885403837,4.389739560339603e-05
C,2024-01-19,2024-01-19 15:40:00,0.00029151685939177163,0.00029151685939177163,8.542225700288177e-05
C,2024-01-19,2024-01-19 15:41:00,-9.714396735949204e-05,-9.714396735949204e-05,-3.4370619777957476e-05
C,2024-01-19,2024-01-19 15:42:00,-0.0003886136209074742,-0.0003886136209074742,-1.9134890401361593e-05
C,2024-01-19,2024-01-19 15:43:00,-0.00029157352512387824,-0.00029157352512387824,8.429347641830783e-05
C,2024-01-19,2024-01-19 15:44:00,0.00048609760839979366,0.00048609760839979366,1.932753090737656e-05
C,2024-01-19,2024-01-19 15:45:00,0.0005830337187833212,0.0005830337187833212,-0.0001012631460830854
C,2024-01-19,2024-01-19 15:46:00,-0.0005826939885403837,-0.0005826939885403837,-0.00015028323395163882
C,2024-01-19,2024-01-19 15:47:00,0.00019434457292799578,0.00019434457292799578,0.00010851746878182627
C,2024-01-19,2024-01-19 15:48:00,-0.006412124744972325,-0.0031269438185226373,-3.650937913816096e-05
C,2024-01-19,2024-01-19 15:49:00,0.00684462696783017,0.0030976230814392094,0.0008277458412171493
C,2024-01-19,2024-01-19 15:50:00,9.71156647566751e-05,9.71156647566751e-05,-0.0006092052607259127
C,2024-01-19,2024-01-19 15:51:00,-9.710623422010123e-05,-9.710623422010123e-05,-8.227279565984655e-05
C,2024-01-19,2024-01-19 15:52:00,0.00019423132951357225,0.00019423132951357225,4.23407459189276e-05
C,2024-01-19,2024-01-19 15:53:00,0.00029129041654529786,0.00029129041654529786,2.5216617297237138e-05
C,2024-01-19,2024-01-19 15:54:00,-0.0002912055911473699,-0.0002912055911473699,-9.897909360548652e-05
C,2024-01-19,2024-01-19 15:55:00,0.0,0.0,9.614072324834785e-05
C,2024-01-19,2024-01-19 15:56:00,0.009806777357024954,0.0030976230814392094,-5.771969905999251e-06
C,2024-01-19,2024-01-19 15:57:00,-0.009326923076923066,-0.0031269438185226373,-0.0006748018889689581
C,2024-01-19,2024-01-19 15:58:00,0.0003882364359895085,0.0003882364359895085,0.0007097640295909854
C,2024-01-22,2024-01-22 09:40:00,0.0019965772960637285,0.0019965772960637285,-6.523927445665679e-05
C,2024-01-22,2024-01-22 09:41:00,-0.000569313976658159,-0.000569313976658159,-0.0005245910902084014
C,2024-01-22,2024-01-22 09:42:00,-0.00066457799297448,-0.00066457799297448,6.447860768158845e-05
C,2024-01-22,2024-01-22 09:43:00,0.0012350370511116093,0.0012350370511116093,0.0001544176071086119
C,2024-01-22,2024-01-22 09:44:00,-0.002372141569409014,-0.002372141569409014,-0.00029305689546775613
C,2024-01-22,2024-01-22 09:45:00,0.002568004565341564,0.002568004565341564,0.0005174924849760813
C,2024-01-22,2024-01-22 09:46:00,-0.0017076178730671687,-0.0017076178730671687,-0.00045246808703610145
C,2024-01-22,2024-01-22 09:47:00,-0.0007602394754345765,-0.0007602394754345765,0.00032668331802431573
C,2024-01-22,2024-01-22 09:48:00,0.0005706134094152215,0.0005706134094152215,0.0002379814908809803
C,2024-01-22,2024-01-22 09:49:00,0.0008554319931564081,0.0008554319931564081,-4.663588064151923e-05
C,2024-01-22,2024-01-22 09:50:00,-0.001044634377967757,-0.001044634377967757,-0.00019595089935722622
C,2024-01-22,2024-01-22 09:51:00,0.0020914535602243323,0.0020914535602243323,0.00023349778825956324
C,2024-01-22,2024-01-22 09:52:00,0.0003794706384592228,0.0003794706384592228,-0.00045009454724927655
C,2024-01-22,2024-01-22 09:53:00,0.000948316737790611,0.000948316737790611,-0.00016625969264029845
C,2024-01-22,2024-01-22 09:54:00,0.0008526764566554323,0.0008526764566554323,-0.00019315098706617696
C,2024-01-22,2024-01-22 09:55:00,-0.0004733055660733898,-0.0004733055660733898,-0.00027534339300467654
C,2024-01-22,2024-01-22 09:56:00,0.00018941187612453447,0.00018941187612453447,2.0244937639483408e-05
C,2024-01-22,2024-01-22 09:57:00,-0.0010415680333302202,-0.0010415680333302202,-5.040606902943298e-05
C,2024-01-22,2024-01-22 09:58:00,-0.0007582938388625005,-0.0007582938388625005,0.0002383527864744995
C,2024-01-22,2024-01-22 09:59:00,0.0023714665148928393,0.0023714665148928393,0.00022765548932245606
C,2024-01-22,2024-01-22 10:00:00,-0.0017980505346835152,-0.0017980505346835152,-0.0004663348294598145
C,2024-01-22,2024-01-22 10:01:00,0.0006636329161928689,0.0006636329161928689,0.0003739747077867855
C,2024-01-22,2024-01-22 10:02:00,-0.001894836570345948,-0.001894836570345948,-0.00010405254918059324
C,2024-01-22,2024-01-22 10:03:00,-0.001328903654484903,-0.001328903654484903,0.0004187212509820211
C,2024-01-22,2024-01-22 10:04:00,-0.001235623990115009,-0.001235623990115009,0.000354894966678907
C,2024-01-22,2024-01-22 10:05:00,0.0011419870574800317,0.0011419870574800317,0.00043180550504277806
C,2024-01-22,2024-01-22 10:06:00,9.505703422063583e-05,9.505703422063583e-05,-0.000166662225406747
C,2024-01-22,2024-01-22 10:07:00,0.0011405759908753588,0.0011405759908753588,1.631623804734764e-05
C,2024-01-22,2024-01-22 10:08:00,0.00037975885312824254,0.00037975885312824254,-0.00018808600149792777
C,2024-01-22,2024-01-22 10:09:00,0.000569422036632794,0.000569422036632794,-0.00012045174057539099
C,2024-01-22,2024-01-22 10:10:00,0.0008536469695532567,0.0008536469695532567,-0.00018861551644191573
C,2024-01-22,2024-01-22 10:11:00,-9.476876421554703e-05,-9.476876421554703e-05,-0.00022906820128991803
C,2024-01-22,2024-01-22 10:12:00,-0.00018955549237020808,-0.00018955549237020808,-0.00010202094081426791
C,2024-01-22,2024-01-22 10:13:00,0.0001895914304672619,0.0001895914304672619,1.3572096258970645e-05
C,2024-01-22,2024-01-22 10:14:00,0.0011373329542223587,0.0011373329542223587,-6.975733774002417e-05
C,2024-01-22,2024-01-22 10:15:00,9.467007478947131e-05,9.467007478947131e-05,-0.00026750401412555094
C,2024-01-22,2024-01-22 10:16:00,-0.0004733055660733898,-0.0004733055660733898,-7.582396519982666e-05
C,2024-01-22,2024-01-22 10:17:00,-0.0008523534425608492,-0.0008523534425608492,9.201156935852929e-05
C,2024-01-22,2024-01-22 10:18:00,0.0006635071090046463,0.0006635071090046463,0.00017173685931391055
C,2024-01-22,2024-01-22 10:19:00,0.0006630671592309234,0.0006630671592309234,-0.0001265508498428365
C,2024-01-22,2024-01-22 10:20:00,-9.466111321476678e-05,-9.466111321476678e-05,-0.000167810788216559
C,2024-01-22,2024-01-22 10:21:00,0.00018934014957872058,0.00018934014957872058,1.0382489093404452e-05
C,2024-01-22,2024-01-22 10:22:00,9.465215333648302e-05,9.465215333648302e-05,-3.790362484700712e-05
C,2024-01-22,2024-01-22 10:23:00,0.0009464319515426478,0.0009464319515426478,4.339192353990781e-06
C,2024-01-22,2024-01-22 10:24:00,0.0012291981845689026,0.0012291981845689026,-0.00017868458037795896
C,2024-01-22,2024-01-22 10:25:00,-0.00018887524789867882,-0.00018887524789867882,-0.0002605947725881728
C,2024-01-22,2024-01-22 10:26:00,-0.0008500991782375289,-0.0008500991782375289,1.1046901909200819e-05
C,2024-01-22,2024-01-22 10:27:00,-0.0005672149744753163,-0.0005672149744753163,0.00014371519789722968
C,2024-01-22,2024-01-22 10:28:00,0.00028376844494903963,0.00028376844494903963,0.00011783335905426884
C,2024-01-22,2024-01-22 10:29:00,0.0,0.0,-7.13603148733635e-05
C,2024-01-22,2024-01-22 10:30:00,-0.00047281323877068626,-0.00047281323877068626,-8.810260179083023e-05
C,2024-01-22,2024-01-22 10:31:00,-0.0016083254493850507,-0.0016083254493850507,5.0651676718987894e-05
C,2024-01-22,2024-01-22 10:32:00,0.00047379891973853283,0.00047379891973853283,0.00031129712499529914
C,2024-01-22,2024-01-22 10:33:00,-0.0006630043568858213,-0.0006630043568858213,-7.422841630403155e-05
C,2024-01-22,2024-01-22 10:34:00,-0.0014216661927778373,-0.0014216661927778373,0.00012315109188375167
C,2024-01-22,2024-01-22 10:35:00,0.0004745634016705136,0.0004745634016705136,0.000355572080500771
C,2024-01-22,2024-01-22 10:36:00,-9.486765961475019e-05,-9.486765961475019e-05,-7.67189855410495e-05
C,2024-01-22,2024-01-22 10:37:00,-9.487666034158071e-05,-9.487666034158071e-05,-5.719238935817064e-07
C,2024-01-22,2024-01-22 10:38:00,-0.0009488566277636723,-0.0009488566277636723,5.83621608358043e-06
C,2024-01-22,2024-01-22 10:39:00,9.497578117589889e-05,9.497578117589889e-05,0.00018869093568427242
C,2024-01-22,2024-01-22 10:40:00,0.00018993352326690527,0.00018993352326690527,-5.685311761065188e-05
C,2024-01-22,2024-01-22 10:41:00,0.0008545385491833812,0.0008545385491833812,-7.16049985335277e-05
C,2024-01-22,2024-01-22 10:42:00,0.0007589412769188897,0.0007589412769188897,-0.00020024829444661042
C,2024-01-22,2024-01-22 10:43:00,-0.0007583657218694917,-0.0007583657218694917,-0.00021032223632772812
C,2024-01-22,2024-01-22 10:44:00,0.00018973531922972242,0.00018973531922972242,8.572270879639392e-05
C,2024-01-22,2024-01-22 10:45:00,0.0,0.0,-6.573649592787628e-05
C,2024-01-22,2024-01-22 10:46:00,-0.0006639476429859403,-0.0006639476429859403,-5.925213740408276e-05
C,2024-01-22,2024-01-22 10:47:00,0.00028473804100226374,0.00028473804100226374,2.6188014526340956e-05
C,2024-01-22,2024-01-22 10:48:00,-0.001138627953316207,-0.001138627953316207,-8.989527008072419e-05
C,2024-01-22,2024-01-22 10:49:00,9.499382540134604e-05,9.499382540134604e-05,0.0001426359840314661
C,2024-01-22,2024-01-22 10:50:00,0.001234802431610893,0.001234802431610893,-4.739563015280708e-05
C,2024-01-22,2024-01-22 10:51:00,-0.0011384119153781125,-0.0011384119153781125,-0.0002740476817856541
C,2024-01-22,2024-01-22 10:52:00,-0.0005698546870548382,-0.0005698546870548382,0.0002228156484199562
C,2024-01-22,2024-01-22 10:53:00,0.0,0.0,0.00018147801511782726
C,2024-01-22,2024-01-22 10:54:00,-0.00019005986885856085,-0.00019005986885856085,1.2223022105601808e-05
C,2024-01-22,2024-01-22 10:55:00,-0.0005702879954376794,-0.0005702879954376794,2.766895376350681e-05
C,2024-01-22,2024-01-22 10:56:00,0.0,0.0,0.00014316673262117303
C,2024-01-22,2024-01-22 10:57:00,-0.0007608178792203324,-0.0007608178792203324,-1.3635430310933203e-05
C,2024-01-22,2024-01-22 10:58:00,0.0001903492909489657,0.0001903492909489657,0.00013776778307392275
C,2024-01-22,2024-01-22 10:59:00,-0.0011418783899515006,-0.0011418783899515006,1.499840152973619e-05
C,2024-01-22,2024-01-22 11:00:00,-0.00019053062779850194,-0.00019053062779850194,0.00033838431994018486
C,2024-01-22,2024-01-22 11:01:00,9.528346831833012e-05,9.528346831833012e-05,2.1190615397399982e-05
C,2024-01-22,2024-01-22 11:02:00,-0.00019054878048785362,-0.00019054878048785362,-1.0388469858807418e-05
C,2024-01-22,2024-01-22 11:03:00,-0.00038117019249084283,-0.00038117019249084283,-2.2333246190232277e-06
C,2024-01-22,2024-01-22 11:04:00,0.0008579599618685485,0.0008579599618685485,1.5258568766440125e-05
C,2024-01-22,2024-01-22 11:05:00,0.0009524716639679465,0.0009524716639679465,-0.0001924035957246502
C,2024-01-22,2024-01-22 11:06:00,0.0,0.0,-0.00026154816760022397
C,2024-01-22,2024-01-22 11:07:00,-0.00028546959748787515,-0.00028546959748787515,-0.00012597054573633775
C,2024-01-22,2024-01-22 11:08:00,0.0002855511136492517,0.0002855511136492517,-5.347687679665809e-05
C,2024-01-22,2024-01-22 11:09:00,0.0006660957274715607,0.0006660957274715607,-8.238868338749579e-05
C,2024-01-22,2024-01-22 11:10:00,-0.0002852795739824998,-0.0002852795739824998,-0.00021026432008885033
C,2024-01-22,2024-01-22 11:11:00,0.00019024065442785343,0.00019024065442785343,-7.003526464329848e-05
C,2024-01-22,2024-01-22 11:12:00,0.00038040893960999966,0.00038040893960999966,-0.0001214893547034895
C,2024-01-22,2024-01-22 11:13:00,9.506607091935848e-05,9.506607091935848e-05,-8.478632236915646e-05
C,2024-01-22,2024-01-22 11:14:00,0.0002851711026614634,0.0002851711026614634,2.5872259244878354e-05
C,2024-01-22,2024-01-22 11:15:00,0.0009502993442935814,0.0009502993442935814,8.100995781917056e-06
C,2024-01-22,2024-01-22 11:16:00,-0.0005696382796922528,-0.0005696382796922528,-0.00016701707623580602
C,2024-01-22,2024-01-22 11:17:00,9.499382540134604e-05,9.499382540134604e-05,8.028503371776137e-05
C,2024-01-22,2024-01-22 11:18:00,9.498480243141927e-05,9.498480243141927e-05,1.2018507430167107e-06
C,2024-01-22,2024-01-22 11:19:00,-0.0007598062494063029,-0.0007598062494063029,-4.192445836788472e-05
C,2024-01-22,2024-01-22 11:20:00,-0.0009504799923962803,-0.0009504799923962803,9.671035211708714e-05
C,2024-01-22,2024-01-22 11:21:00,-0.0013319379697459555,-0.0013319379697459555,0.00016593416148292804
C,2024-01-22,2024-01-22 11:22:00,0.00028579594169753086,0.00028579594169753086,0.00029589570622634917
C,2024-01-22,2024-01-22 11:23:00,0.00019047619047629638,0.00019047619047629638,-4.312705962389994e-05
C,2024-01-22,2024-01-22 11:24:00,0.0009521995810322093,0.0009521995810322093,-5.2687224943100285e-05
C,2024-01-22,2024-01-22 11:25:00,0.001046423135464103,0.001046423135464103,-0.00020543795908581832
C,2024-01-22,2024-01-22 11:26:00,-0.00047514967214656867,-0.00047514967214656867,-0.00021903408082867384
C,2024-01-22,2024-01-22 11:27:00,0.00028522532800923095,0.00028522532800923095,-2.756360723836823e-06
C,2024-01-22,2024-01-22 11:28:00,-0.00019009599847930048,-0.00019009599847930048,-0.00014554825073037668
C,2024-01-22,2024-01-22 11:29:00,0.0,0.0,-2.9979281476230103e-05
C,2024-01-22,2024-01-22 11:30:00,-0.0002851982127578534,-0.0002851982127578534,-2.6515356574074456e-05
C,2024-01-22,2024-01-22 11:31:00,0.0005705591479649996,0.0005705591479649996,2.0779306613556903e-05
C,2024-01-22,2024-01-22 11:32:00,0.0002851168979280949,0.0002851168979280949,-0.000123964284289748
C,2024-01-22,2024-01-22 11:33:00,-0.00019002375296917062,-0.00019002375296917062,-0.00011389360437016079
C,2024-01-22,2024-01-22 11:34:00,0.0010453292787229174,0.0010453292787229174,-2.002084884657513e-05
C,2024-01-22,2024-01-22 11:35:00,0.0008543763052970554,0.0008543763052970554,-0.000211216438752551
C,2024-01-22,2024-01-22 11:36:00,0.0005690979797021711,0.0005690979797021711,-0.00028139608475146426
C,2024-01-22,2024-01-22 11:37:00,0.0001895914304672619,0.0001895914304672619,-0.00018416402269068124
C,2024-01-22,2024-01-22 11:38:00,-0.0003791109847407492,-0.0003791109847407492,-0.00011090204481765424
C,2024-01-22,2024-01-22 11:39:00,-0.0005688821465820171,-0.0005688821465820171,-3.9378119343166576e-05
C,2024-01-22,2024-01-22 11:40:00,-0.000948676596148279,-0.000948676596148279,5.779882286987044e-05
C,2024-01-22,2024-01-22 11:41:00,0.000569746462824039,0.000569746462824039,0.00019641292002781733
C,2024-01-22,2024-01-22 11:42:00,-0.0016133624371262867,-0.0016133624371262867,-0.0001635128629625497
C,2024-01-22,2024-01-22 11:43:00,0.0,0.0,0.00028641447833168673
C,2024-01-22,2024-01-22 11:44:00,0.0012357414448669335,0.0012357414448669335,2.0838138322658607e-05
C,2024-01-22,2024-01-22 11:45:00,-0.0002848191398462374,-0.0002848191398462374,-0.0002666587115074356
C,2024-01-22,2024-01-22 11:46:00,0.0002849002849003579,0.0002849002849003579,-8.300613347019002e-05
C,2024-01-22,2024-01-22 11:47:00,0.0002848191398461264,0.0002848191398461264,-0.00010583421181911394
C,2024-01-22,2024-01-22 11:48:00,0.00028473804100226374,0.00028473804100226374,-0.00016284829643789983
C,2024-01-22,2024-01-22 11:49:00,-1.1102230246251565e-16,-1.1102230246251565e-16,-9.693123383413121e-05
C,2024-01-22,2024-01-22 11:50:00,0.0012335136160928073,0.0012335136160928073,2.7965838779884698e-05
C,2024-01-22,2024-01-22 11:51:00,0.00018953752843042793,0.00018953752843042793,-0.0003330421776908255
C,2024-01-22,2024-01-22 11:52:00,0.0002842524161454918,0.0002842524161454918,-0.00011255935700472421
C,2024-01-22,2024-01-22 11:53:00,0.0008525149190110604,0.0008525149190110604,-0.00017991777468958901
C,2024-01-22,2024-01-22 11:54:00,-0.0006625023660797869,-0.0006625023660797869,-0.00019650098030220668
C,2024-01-22,2024-01-22 11:55:00,0.0009470593806231165,0.0009470593806231165,-1.8872651834843505e-05
C,2024-01-22,2024-01-22 11:56:00,-0.0018923266155737029,-0.0018923266155737029,-0.00023345327751358509
C,2024-01-22,2024-01-22 11:57:00,0.0008531614371030116,0.0008531614371030116,0.0003296086447411973
C,2024-01-22,2024-01-22 11:58:00,-0.0008524341731387386,-0.0008524341731387386,-0.00021234600094592962
C,2024-01-22,2024-01-22 11:59:00,0.0005687742914020077,0.0005687742914020077,0.00011918766364740012
C,2024-01-22,2024-01-22 12:00:00,0.0006631927996210152,0.0006631927996210152,-0.0001635875635812965
C,2024-01-22,2024-01-22 12:01:00,-0.00047339519030498156,-0.00047339519030498156,-0.00016016944065963453
C,2024-01-22,2024-01-22 12:02:00,0.0005683432793406329,0.0005683432793406329,1.9475683585266215e-05
C,2024-01-22,2024-01-22 12:03:00,0.0,0.0,-0.00016621820765787713
C,2024-01-22,2024-01-22 12:04:00,-0.0002840102243680809,-0.0002840102243680809,-6.406412362657698e-05
C,2024-01-22,2024-01-22 12:05:00,9.469696969710562e-05,9.469696969710562e-05,4.700428368925513e-05
C,2024-01-22,2024-01-22 12:06:00,-0.00047344001515003953,-0.00047344001515003953,1.3981182276238301e-05
C,2024-01-22,2024-01-22 12:07:00,0.0,0.0,6.920112602821609e-05
C,2024-01-22,2024-01-22 12:08:00,-0.00018946570670719254,-0.00018946570670719254,-4.069447397508919e-06
C,2024-01-22,2024-01-22 12:09:00,9.475080538212666e-05,9.475080538212666e-05,3.513724463478375e-05
C,2024-01-22,2024-01-22 12:10:00,9.474182851709756e-05,9.474182851709756e-05,4.098761166058286e-05
C,2024-01-22,2024-01-22 12:11:00,0.00028419856006056676,0.00028419856006056676,-5.7706221191208896e-05
C,2024-01-22,2024-01-22 12:12:00,9.470593806226724e-05,9.470593806226724e-05,-8.929386622217274e-05
C,2024-01-22,2024-01-22 12:13:00,0.00028409090909087276,0.00028409090909087276,-9.418168919586047e-05
C,2024-01-22,2024-01-22 12:14:00,-0.00018934014957872058,-0.00018934014957872058,-0.00010362955175083051
C,2024-01-22,2024-01-22 12:15:00,-0.0001893760060599492,-0.0001893760060599492,-5.026747279585034e-07
C,2024-01-22,2024-01-22 12:16:00,0.00018941187612453447,0.00018941187612453447,-1.247395074153646e-05
C,2024-01-22,2024-01-22 12:17:00,0.0,0.0,-4.947023556928456e-05
C,2024-01-22,2024-01-22 12:18:00,0.0007575040242400188,0.0007575040242400188,1.7649103858266886e-05
C,2024-01-22,2024-01-22 12:19:00,9.461633077867404e-05,9.461633077867404e-05,-0.00015120834859300153
C,2024-01-22,2024-01-22 12:20:00,0.0002838221381267214,0.0002838221381267214,-9.219782527727211e-05
C,2024-01-22,2024-01-22 12:21:00,0.00037832214130362196,0.00037832214130362196,-0.00010552982752828322
C,2024-01-22,2024-01-22 12:22:00,0.0005672686016828798,0.0005672686016828798,-0.0001167710852935215
C,2024-01-22,2024-01-22 12:23:00,9.449116507620481e-05,9.449116507620481e-05,-6.44754808963431e-05
C,2024-01-22,2024-01-22 12:24:00,-0.00028344671201818716,-0.00028344671201818716,-0.00012718466635363053
C,2024-01-22,2024-01-22 12:25:00,0.0,0.0,-2.8554085984841925e-05
C,2024-01-22,2024-01-22 12:26:00,0.0003780361024476875,0.0003780361024476875,-7.631018278633452e-05
C,2024-01-22,2024-01-22 12:27:00,9.447331128953351e-05,9.447331128953351e-05,-9.395118456916362e-05
C,2024-01-22,2024-01-22 12:28:00,-0.0004723219346306484,-0.0004723219346306484,-0.00015930066979402222
C,2024-01-22,2024-01-22 12:29:00,-0.0005670541536716422,-0.0005670541536716422,-1.5173854708509712e-05
C,2024-01-22,2024-01-22 12:30:00,-0.00018912529550840773,-0.00018912529550840773,7.959580695309427e-06
C,2024-01-22,2024-01-22 12:31:00,0.0,0.0,-1.527980004097734e-05
C,2024-01-22,2024-01-22 12:32:00,0.0005674832119550999,0.0005674832119550999,-8.358552017934046e-05
C,2024-01-22,2024-01-22 12:33:00,-0.00047263446450507285,-0.00047263446450507285,-0.00020232404155635727
C,2024-01-22,2024-01-22 12:34:00,-0.00018914318138840702,-0.00018914318138840702,1.2847783315508803e-05
C,2024-01-22,2024-01-22 12:35:00,0.0004729474082483254,0.0004729474082483254,-1.7099378727249645e-05
C,2024-01-22,2024-01-22 12:36:00,0.00018908953389429328,0.00018908953389429328,-4.473608395621232e-05
C,2024-01-22,2024-01-22 12:37:00,9.452689290090355e-05,9.452689290090355e-05,-2.1960354084042955e-06
C,2024-01-22,2024-01-22 12:38:00,0.0002835538752363753,0.0002835538752363753,-5.3217059668180663e-05
C,2024-01-22,2024-01-22 12:39:00,9.449116507620481e-05,9.449116507620481e-05,3.718835643858261e-05
C,2024-01-22,2024-01-22 12:40:00,0.00028344671201807614,0.00028344671201807614,2.8833774068706188e-06
C,2024-01-22,2024-01-22 12:41:00,-0.0008500991782375289,-0.0008500991782375289,6.61874407038725e-05
C,2024-01-22,2024-01-22 12:42:00,-0.00028360748723765816,-0.00028360748723765816,0.00015572051552449837
C,2024-01-22,2024-01-22 12:43:00,9.456264775398182e-05,9.456264775398182e-05,9.003011351944514e-05
C,2024-01-22,2024-01-22 12:44:00,-0.00018910741301036982,-0.00018910741301036982,-7.979397471416241e-05
C,2024-01-22,2024-01-22 12:45:00,0.0,0.0,-3.706525381082939e-05
C,2024-01-22,2024-01-22 12:46:00,-9.457159069425902e-05,-9.457159069425902e-05,-3.594168608543079e-05
C,2024-01-22,2024-01-22 12:47:00,-0.00018916107065158894,-0.00018916107065158894,-0.00010782163644741325
C,2024-01-22,2024-01-22 12:48:00,0.0006621890076623504,0.0006621890076623504,-2.045123620958467e-05
C,2024-01-22,2024-01-22 12:49:00,-0.00047267914539617095,-0.00047267914539617095,-0.00016377385377417102
C,2024-01-22,2024-01-22 12:50:00,-0.00018916107065147791,-0.00018916107065147791,-2.4147898289110144e-05
C,2024-01-22,2024-01-22 12:51:00,9.459842966608178e-05,9.459842966608178e-05,-2.0978329948371167e-05
C,2024-01-22,2024-01-22 12:52:00,9.458948164953185e-05,9.458948164953185e-05,-0.00012702898835385148
C,2024-01-22,2024-01-22 12:53:00,0.0,0.0,-0.00010973629804889124
C,2024-01-22,2024-01-22 12:54:00,0.00018916107065169996,0.00018916107065169996,-0.00012079782562956264
C,2024-01-22,2024-01-22 12:55:00,-0.00018912529550840773,-0.00018912529550840773,-0.00010134346863839516
C,2024-01-22,2024-01-22 12:56:00,0.00018916107065169996,0.00018916107065169996,-0.00010490863705242753
C,2024-01-22,2024-01-22 12:57:00,0.0,0.0,-0.00011961743014352375
C,2024-01-22,2024-01-22 12:58:00,0.0003782505910163714,0.0003782505910163714,-7.337892481490492e-05
C,2024-01-22,2024-01-22 12:59:00,-0.00018905378580202914,-0.00018905378580202914,-0.00012711437547394531
C,2024-01-22,2024-01-22 13:00:00,-0.00018908953389429328,-0.00018908953389429328,-1.5309407373885624e-05
C,2024-01-22,2024-01-22 13:01:00,9.456264775398182e-05,9.456264775398182e-05,-4.110132594551358e-05
C,2024-01-22,2024-01-22 13:02:00,0.0002836611195158323,0.0002836611195158323,7.326162007566533e-06
C,2024-01-22,2024-01-22 13:03:00,0.0,0.0,-8.967485464697951e-05
C,2024-01-22,2024-01-22 13:04:00,0.0003781075716042803,0.0003781075716042803,3.4232107930058994e-05
C,2024-01-22,2024-01-22 13:05:00,-0.00028347349522817034,-0.00028347349522817034,-4.806500142468239e-06
C,2024-01-22,2024-01-22 13:06:00,0.000945179584121103,0.000945179584121103,4.8036967401850026e-05
C,2024-01-22,2024-01-22 13:07:00,0.00018885741265339817,0.00018885741265339817,-0.00017046117007396742
C,2024-01-22,2024-01-22 13:08:00,0.0006608761329305324,0.0006608761329305324,-3.811072630235505e-05
C,2024-01-22,2024-01-22 13:09:00,0.0002830455703368706,0.0002830455703368706,-9.65321402410151e-05
C,2024-01-22,2024-01-22 13:10:00,0.0001886436521409962,0.0001886436521409962,-9.616448118173164e-05
C,2024-01-22,2024-01-22 13:11:00,0.0,0.0,-2.2759867444496855e-05
C,2024-01-22,2024-01-22 13:12:00,0.0008487363259148673,0.0008487363259148673,-9.741834261539207e-06
C,2024-01-22,2024-01-22 13:13:00,0.0,0.0,-0.0001635544477343035
C,2024-01-22,2024-01-22 13:14:00,0.0,0.0,-5.937419432759923e-05
C,2024-01-22,2024-01-22 13:15:00,-0.0007537925186090755,-0.0007537925186090755,-5.0813882989288115e-05
C,2024-01-22,2024-01-22 13:16:00,0.00018859028759998786,0.00018859028759998786,0.0001186752623428593
C,2024-01-22,2024-01-22 13:17:00,-0.00037710945601954204,-0.00037710945601954204,-3.5972344404835e-05
C,2024-01-22,2024-01-22 13:18:00,-0.0009431293030274235,-0.0009431293030274235,4.017680986967973e-05
C,2024-01-22,2024-01-22 13:19:00,0.00018880392712161687,0.00018880392712161687,0.00012858234810027446
C,2024-01-22,2024-01-22 13:20:00,-0.0009438414346388813,-0.0009438414346388813,-9.357158117557102e-06
C,2024-01-22,2024-01-22 13:21:00,-9.447331128942249e-05,-9.447331128942249e-05,0.0001725231274056612
C,2024-01-22,2024-01-22 13:22:00,0.000661375661375585,0.000661375661375585,5.972703592146952e-05
C,2024-01-22,2024-01-22 13:23:00,-0.0009441979038805615,-0.0009441979038805615,-9.68087345434966e-05
C,2024-01-22,2024-01-22 13:24:00,-0.00018901805122395476,-0.00018901805122395476,0.00012363107615039908
C,2024-01-22,2024-01-22 13:25:00,-0.0007562151432081166,-0.0007562151432081166,5.6222929410890085e-05
C,2024-01-22,2024-01-22 13:26:00,-0.0009459842966607068,-0.0009459842966607068,6.968681718886928e-05
C,2024-01-22,2024-01-22 13:27:00,-0.000852192027270049,-0.000852192027270049,0.00019694009632311625
C,2024-01-22,2024-01-22 13:28:00,-0.00028430629264597496,-0.00028430629264597496,0.00014680802407052079
C,2024-01-22,2024-01-22 13:29:00,-0.0006635700066357497,-0.0006635700066357497,8.854401591635628e-05
C,2024-01-22,2024-01-22 13:30:00,0.0006640106241699861,0.0006640106241699861,0.00019162894701531087
C,2024-01-22,2024-01-22 13:31:00,0.0001895914304672619,0.0001895914304672619,-6.951577575602882e-05
C,2024-01-22,2024-01-22 13:32:00,0.003032887877926438,0.003032887877926438,-2.77848220970643e-05
C,2024-01-22,2024-01-22 13:33:00,-0.0023622791269017895,-0.0023622791269017895,-0.0006498379097149251
C,2024-01-22,2024-01-22 13:34:00,9.471490812651417e-05,9.471490812651417e-05,0.0005594121417617295
C,2024-01-22,2024-01-22 13:35:00,0.000378823752249291,0.000378823752249291,1.0278400995183902e-05
C,2024-01-22,2024-01-22 13:36:00,0.0,0.0,-0.00010801477125916661
C,2024-01-22,2024-01-22 13:37:00,-0.0002840102243680809,-0.0002840102243680809,-1.3037678755344931e-05
C,2024-01-22,2024-01-22 13:38:00,0.00047348484848486194,0.00047348484848486194,0.00012120584951194864
C,2024-01-22,2024-01-22 13:39:00,-0.0005679129200188981,-0.0005679129200188981,-0.00013997807146943065
C,2024-01-22,2024-01-22 13:40:00,9.470593806226724e-05,9.470593806226724e-05,2.844399523412854e-05
C,2024-01-22,2024-01-22 13:41:00,0.00047348484848486194,0.00047348484848486194,-2.4831614649121862e-05
C,2024-01-22,2024-01-22 13:42:00,0.0002839564600094491,0.0002839564600094491,-5.2186427033161644e-05
C,2024-01-22,2024-01-22 13:43:00,-0.00037850113550341735,-0.00037850113550341735,-0.00010099075134594575
C,2024-01-22,2024-01-22 13:44:00,9.466111321465576e-05,9.466111321465576e-05,-2.9693725156185657e-05
C,2024-01-22,2024-01-22 13:45:00,0.0002839564600094491,0.0002839564600094491,-4.930905832953949e-05
C,2024-01-22,2024-01-22 13:46:00,0.00028387585162747975,0.00028387585162747975,-6.380191382038075e-06
C,2024-01-22,2024-01-22 13:47:00,-0.0001891968593322746,-0.0001891968593322746,-7.778650772937798e-05
C,2024-01-22,2024-01-22 13:48:00,-9.461633077856302e-05,-9.461633077856302e-05,-5.649199377870486e-05
C,2024-01-22,2024-01-22 13:49:00,-0.0001892505677517642,-0.0001892505677517642,-1.701954513176678e-05
C,2024-01-22,2024-01-22 13:50:00,0.00018928639030857397,0.00018928639030857397,6.551737963352879e-05
C,2024-01-22,2024-01-22 13:51:00,0.0006623769871307861,0.0006623769871307861,-4.1161863920817745e-05
C,2024-01-22,2024-01-22 13:52:00,0.0,0.0,-0.00022876015581613292
C,2024-01-22,2024-01-22 13:53:00,0.0003782505910163714,0.0003782505910163714,-7.821302331247667e-05
C,2024-01-22,2024-01-22 13:54:00,-0.00028358067870315473,-0.00028358067870315473,1.3574794842969334e-06
C,2024-01-22,2024-01-22 13:55:00,0.000661875945537238,0.000661875945537238,-8.024744429298471e-06
C,2024-01-22,2024-01-22 13:56:00,-0.0007559293206085282,-0.0007559293206085282,-0.00013890949338059397
C,2024-01-22,2024-01-22 13:57:00,-0.00018912529550840773,-0.00018912529550840773,0.00010049742396973616
C,2024-01-22,2024-01-22 13:58:00,-0.00018916107065147791,-0.00018916107065147791,5.2478559852645554e-05
C,2024-01-22,2024-01-22 13:59:00,0.0003783937186641051,0.0003783937186641051,-3.670408337634011e-05
C,2024-01-22,2024-01-22 14:00:00,-0.0003782505910164824,-0.0003782505910164824,-7.912078345434156e-06
C,2024-01-22,2024-01-22 14:01:00,0.0005675905779964907,0.0005675905779964907,2.553042872283859e-05
C,2024-01-22,2024-01-22 14:02:00,0.0007563581355769511,0.0007563581355769511,-6.689965218338466e-05
C,2024-01-22,2024-01-22 14:03:00,0.0,0.0,-0.0001710683423227546
C,2024-01-22,2024-01-22 14:04:00,0.0,0.0,6.406361260898458e-06
C,2024-01-22,2024-01-22 14:05:00,0.0,0.0,-7.006646419269771e-05
C,2024-01-22,2024-01-22 14:06:00,-0.00018894662257906703,-0.00018894662257906703,-6.714288657516574e-05
C,2024-01-22,2024-01-22 14:07:00,0.0,0.0,-7.995934756012457e-05
C,2024-01-22,2024-01-22 14:08:00,-0.00018898233015207655,-0.00018898233015207655,-3.8872888070109255e-05
C,2024-01-22,2024-01-22 14:09:00,0.00018901805122384374,0.00018901805122384374,-7.062603899822778e-06
C,2024-01-22,2024-01-22 14:10:00,0.00018898233015218757,0.00018898233015218757,-0.00012637197320843863
C,2024-01-22,2024-01-22 14:11:00,0.0005668398677374231,0.0005668398677374231,-0.0001249104889962427
C,2024-01-22,2024-01-22 14:12:00,-0.0001888395807760901,-0.0001888395807760901,-0.00018978342084155096
C,2024-01-22,2024-01-22 14:13:00,-9.443762394945043e-05,-9.443762394945043e-05,-6.486807310205848e-05
C,2024-01-22,2024-01-22 14:14:00,-9.444654325641011e-05,-9.444654325641011e-05,-3.183391070160365e-05
C,2024-01-22,2024-01-22 14:15:00,-0.00018891092849726565,-0.00018891092849726565,-4.30035033050307e-05
C,2024-01-22,2024-01-22 14:16:00,0.0,0.0,-5.314461643749207e-05
C,2024-01-22,2024-01-22 14:17:00,-0.0005668398677374231,-0.0005668398677374231,5.984665669892668e-05
C,2024-01-22,2024-01-22 14:18:00,0.0,0.0,8.610820551147369e-05
C,2024-01-22,2024-01-22 14:19:00,-0.0009452689290102567,-0.0009452689290102567,1.2049778269767577e-05
C,2024-01-22,2024-01-22 14:20:00,-0.00018923266155734808,-0.00018923266155734808,0.00016780590624723541
C,2024-01-22,2024-01-22 14:21:00,-0.0007570739093404333,-0.0007570739093404333,0.0001138314167853303
C,2024-01-22,2024-01-22 14:22:00,0.00018941187612453447,0.00018941187612453447,0.00014337949274746757
C,2024-01-22,2024-01-22 14:23:00,0.0006628160212100997,0.0006628160212100997,3.0202080956446763e-05
C,2024-01-22,2024-01-22 14:24:00,-0.00037850113550341735,-0.00037850113550341735,-6.637027381455004e-05
C,2024-01-22,2024-01-22 14:25:00,-0.0006626277925029234,-0.0006626277925029234,-1.3889429897855076e-06
C,2024-01-22,2024-01-22 14:26:00,-0.00018944775978024797,-0.00018944775978024797,0.00013876656673297616
C,2024-01-22,2024-01-22 14:27:00,2.220446049250313e-16,2.220446049250313e-16,9.931612268771202e-05
C,2024-01-22,2024-01-22 14:28:00,0.00018948365703441716,0.00018948365703441716,5.961783135770409e-05
C,2024-01-22,2024-01-22 14:29:00,-0.0003788955195603849,-0.0003788955195603849,-6.975973375061092e-05
C,2024-01-22,2024-01-22 14:30:00,-0.00018951956789547975,-0.00018951956789547975,6.944257481568912e-05
C,2024-01-22,2024-01-22 14:31:00,-0.0005686664771111793,-0.0005686664771111793,0.00011849821204472615
C,2024-01-22,2024-01-22 14:32:00,0.000568990042674189,0.000568990042674189,0.0001587449973364649
C,2024-01-22,2024-01-22 14:33:00,-0.0003791109847407492,-0.0003791109847407492,-4.960357355294678e-05
C,2024-01-22,2024-01-22 14:34:00,0.00028444107329095303,0.00028444107329095303,0.00010457997566069579
C,2024-01-22,2024-01-22 14:35:00,0.0006635071090046463,0.0006635071090046463,-3.0117092754804186e-05
C,2024-01-22,2024-01-22 14:36:00,0.00037889551956049594,0.00037889551956049594,-6.143391511341796e-05
C,2024-01-22,2024-01-22 14:37:00,0.0,0.0,-6.415533986978592e-05
C,2024-01-22,2024-01-22 14:38:00,0.0,0.0,5.722226471174487e-06
C,2024-01-22,2024-01-22 14:39:00,-0.0006628160212102108,-0.0006628160212102108,1.905900777539631e-05
C,2024-01-22,2024-01-22 14:40:00,9.475080538212666e-05,9.475080538212666e-05,6.233117318452658e-05
C,2024-01-22,2024-01-22 14:41:00,-0.0001894836570346392,-0.0001894836570346392,3.907822125706241e-06
C,2024-01-22,2024-01-22 14:42:00,-9.475978394757334e-05,-9.475978394757334e-05,-3.360067859597367e-05
C,2024-01-22,2024-01-22 14:43:00,-9.476876421554703e-05,-9.476876421554703e-05,1.1131682688484529e-05
C,2024-01-22,2024-01-22 14:44:00,0.0009477774618520396,0.0009477774618520396,0.00014607235185713113
C,2024-01-22,2024-01-22 14:45:00,9.468800303014113e-05,9.468800303014113e-05,-6.136080015812722e-05
C,2024-01-22,2024-01-22 14:46:00,-0.0002840371141829001,-0.0002840371141829001,4.005216386123812e-06
C,2024-01-22,2024-01-22 14:47:00,0.0,0.0,0.0001326163635378432
C,2024-01-22,2024-01-22 14:48:00,0.000757647504498582,0.000757647504498582,5.131484319449599e-05
C,2024-01-22,2024-01-22 14:49:00,0.0,0.0,-0.00012086900307023752
C,2024-01-22,2024-01-22 14:50:00,-0.00018926847733502505,-0.00018926847733502505,-3.6941765475908873e-05
C,2024-01-22,2024-01-22 14:51:00,-0.00018930430667307707,-0.00018930430667307707,-2.207331145179922e-05
C,2024-01-22,2024-01-22 14:52:00,0.0,0.0,-3.417723919969328e-05
C,2024-01-22,2024-01-22 14:53:00,-0.00018934014957872058,-0.00018934014957872058,1.8228150319697616e-05
C,2024-01-22,2024-01-22 14:54:00,0.0,0.0,-9.17060728024564e-06
C,2024-01-22,2024-01-22 14:55:00,-0.0001893760060599492,-0.0001893760060599492,-7.975875093059634e-05
C,2024-01-22,2024-01-22 14:56:00,-0.00037882375224917997,-0.00037882375224917997,-1.4397335813165144e-05
C,2024-01-22,2024-01-22 14:57:00,0.00018948365703441716,0.00018948365703441716,0.00010230292871595333
C,2024-01-22,2024-01-22 14:58:00,-0.00018944775978002593,-0.00018944775978002593,2.075847682843623e-05
C,2024-01-22,2024-01-22 14:59:00,-0.0007579346281384458,-0.0007579346281384458,2.5760269605485832e-05
C,2024-01-22,2024-01-22 15:00:00,0.0005688821465819061,0.0005688821465819061,0.00017281717583910898
C,2024-01-22,2024-01-22 15:01:00,0.0012318771913200077,0.0012318771913200077,-0.00011159777192990923
C,2024-01-22,2024-01-22 15:02:00,9.464319515428699e-05,9.464319515428699e-05,-0.0002805664551978911
C,2024-01-22,2024-01-22 15:03:00,-9.463423866762355e-05,-9.463423866762355e-05,-0.0001426972611555181
C,2024-01-22,2024-01-22 15:04:00,-0.0003785727806170369,-0.0003785727806170369,-4.731596770776382e-05
C,2024-01-22,2024-01-22 15:05:00,0.00028403711418301114,0.00028403711418301114,-1.9803598793350654e-05
C,2024-01-22,2024-01-22 15:06:00,0.0003786086133459321,0.0003786086133459321,-3.379849731533594e-05
C,2024-01-22,2024-01-22 15:07:00,0.00037846532311469616,0.00037846532311469616,-3.4631946632177445e-05
C,2024-01-22,2024-01-22 15:08:00,0.00037832214130362196,0.00037832214130362196,-6.435111735497332e-05
C,2024-01-22,2024-01-22 15:09:00,-0.0001890895338944043,-0.0001890895338944043,-0.00011420555545423763
C,2024-01-22,2024-01-22 15:10:00,0.0005673758865247791,0.0005673758865247791,2.4607433955963225e-05
C,2024-01-22,2024-01-22 15:11:00,-0.0011341083073433955,-0.0011341083073433955,-6.88075178233578e-05
C,2024-01-22,2024-01-22 15:12:00,0.0,0.0,0.0002311996141510681
C,2024-01-22,2024-01-22 15:13:00,0.0,0.0,7.709562560509912e-05
C,2024-01-22,2024-01-22 15:14:00,0.0,0.0,-3.856255981000406e-05
C,2024-01-22,2024-01-22 15:15:00,0.0,0.0,-2.8802283620424285e-05
C,2024-01-22,2024-01-22 15:16:00,-0.00018923266155734808,-0.00018923266155734808,-1.2809222093206948e-05
C,2024-01-22,2024-01-22 15:17:00,-0.00018926847733502505,-0.00018926847733502505,5.3965679003829395e-05
C,2024-01-22,2024-01-22 15:18:00,0.00018930430667296605,0.00018930430667296605,6.910057048773493e-05
C,2024-01-22,2024-01-22 15:19:00,0.0,0.0,9.164500684144575e-06
C,2024-01-22,2024-01-22 15:20:00,0.001230245102677996,0.001230245102677996,2.9818165115095087e-05
C,2024-01-22,2024-01-22 15:21:00,-0.0002835538752361533,-0.0002835538752361533,-0.0002091153138428533
C,2024-01-22,2024-01-22 15:22:00,-0.0001890895338944043,-0.0001890895338944043,-1.3038281533223637e-05
C,2024-01-22,2024-01-22 15:23:00,-9.456264775409284e-05,-9.456264775409284e-05,-3.3801379685596793e-06
C,2024-01-22,2024-01-22 15:24:00,0.000283714772082444,0.000283714772082444,5.6573692109820925e-06
C,2024-01-22,2024-01-22 15:25:00,-0.0001890895338944043,-0.0001890895338944043,-3.271443123617338e-05
C,2024-01-22,2024-01-22 15:26:00,0.00018912529550840773,0.00018912529550840773,4.346429025222813e-05
C,2024-01-22,2024-01-22 15:27:00,-9.454476694736869e-05,-9.454476694736869e-05,5.098668965041747e-06
C,2024-01-22,2024-01-22 15:28:00,-9.455370650524042e-05,-9.455370650524042e-05,6.266458473094253e-05
C,2024-01-22,2024-01-22 15:29:00,0.0003782505910163714,0.0003782505910163714,5.549557176485497e-05
C,2024-01-22,2024-01-22 15:30:00,0.00018905378580225118,0.00018905378580225118,-5.004273737517474e-05
C,2024-01-22,2024-01-22 15:31:00,0.00018901805122384374,0.00018901805122384374,-3.4423283008798714e-05
C,2024-01-22,2024-01-22 15:32:00,0.0005669469904563407,0.0005669469904563407,4.7337551353111405e-05
C,2024-01-22,2024-01-22 15:33:00,0.0003777504957975797,0.0003777504957975797,-8.080282409378225e-05
C,2024-01-22,2024-01-22 15:34:00,0.0005664117813650726,0.0005664117813650726,2.6738726368643294e-05
C,2024-01-22,2024-01-22 15:35:00,-0.0011321822813473714,-0.0011321822813473714,-7.56669264086959e-05
C,2024-01-22,2024-01-22 15:36:00,0.0005667327854916859,0.0005667327854916859,0.0002271392662706016
C,2024-01-22,2024-01-22 15:37:00,0.00018880392712161687,0.00018880392712161687,-2.335163410408595e-05
C,2024-01-22,2024-01-22 15:38:00,-0.0003775365738555303,-0.0003775365738555303,-2.7875937227383596e-05
C,2024-01-22,2024-01-22 15:39:00,9.441979038804504e-05,9.441979038804504e-05,1.259563166860205e-05
C,2024-01-22,2024-01-22 15:40:00,-0.0008496978851963988,-0.0008496978851963988,-4.2997668552948443e-05
C,2024-01-22,2024-01-22 15:41:00,-0.0007559293206085282,-0.0007559293206085282,7.113711198134566e-05
C,2024-01-22,2024-01-22 15:42:00,-0.0003782505910164824,-0.0003782505910164824,0.00015079254786793346
C,2024-01-22,2024-01-22 15:43:00,-0.0001891968593322746,-0.0001891968593322746,0.00012445294218842466
C,2024-01-22,2024-01-22 15:44:00,0.002270791938688621,0.002270791938688621,6.511607502886422e-05
C,2024-01-22,2024-01-22 15:45:00,-0.00151043141697349,-0.00151043141697349,-0.00046103191305125134
C,2024-01-22,2024-01-22 15:46:00,-0.0005672686016828798,-0.0005672686016828798,0.00031459601669217525
C,2024-01-22,2024-01-22 15:47:00,0.0004729921483301869,0.0004729921483301869,0.00010600266291510984
C,2024-01-22,2024-01-22 15:48:00,-0.0003782148260210727,-0.0003782148260210727,-6.833461802147087e-05
C,2024-01-22,2024-01-22 15:49:00,0.0012296632614452463,0.0012296632614452463,4.173635467535869e-05
C,2024-01-22,2024-01-22 15:50:00,0.0014170996693434468,0.0014170996693434468,-0.00024375708025000463
C,2024-01-22,2024-01-22 15:51:00,-9.433962264138174e-05,-9.433962264138174e-05,-0.0003220284541284512
C,2024-01-22,2024-01-22 15:52:00,-0.0018869704689122857,-0.0018869704689122857,-0.00013525106282431226
C,2024-01-22,2024-01-22 15:53:00,-0.0003781075716040583,-0.0003781075716040583,0.0003351728911193655
C,2024-01-22,2024-01-22 15:54:00,0.0003782505910163714,0.0003782505910163714,7.658115585800576e-05
C,2024-01-22,2024-01-22 15:55:00,0.00018905378580225118,0.00018905378580225118,-5.056738618592749e-05
C,2024-01-22,2024-01-22 15:56:00,0.0,0.0,-7.777039704961755e-05
C,2024-01-22,2024-01-22 15:57:00,-0.00018901805122395476,-0.00018901805122395476,-3.291715922492009e-05
C,2024-01-22,2024-01-22 15:58:00,-0.0011343227148122859,-0.0011343227148122859,-6.971009466994313e-05
C,2024-01-23,2024-01-23 09:40:00,-0.0003780361024476875,-0.0003780361024476875,0.00018575419594481574
C,2024-01-23,2024-01-23 09:41:00,0.001039992436418613,0.001039992436418613,4.59526322187559e-05
C,2024-01-23,2024-01-23 09:42:00,0.00018889308651304226,0.00018889308651304226,-0.00019131482970865895
C,2024-01-23,2024-01-23 09:43:00,-0.0012275731822473102,-0.0012275731822473102,-7.793550980592587e-05
C,2024-01-23,2024-01-23 09:44:00,-0.0011345372033658707,-0.0011345372033658707,0.00024358170054611432
C,2024-01-23,2024-01-23 09:45:00,0.0010411736867013133,0.0010411736867013133,0.00022334525958100883
C,2024-01-23,2024-01-23 09:46:00,0.00018910741301070289,0.00018910741301070289,-0.0002420745584947835
C,2024-01-23,2024-01-23 09:47:00,-0.0011344299489507437,-0.0011344299489507437,-8.764306585211535e-05
C,2024-01-23,2024-01-23 09:48:00,0.0021767934885481566,0.0021767934885481566,0.00019286827729234106
C,2024-01-23,2024-01-23 09:49:00,-0.0046274435735196295,-0.0031269438185226373,-0.0005833919863063062
C,2024-01-23,2024-01-23 09:50:00,-0.0012333965844402162,-0.0012333965844402162,0.0005982963981829839
C,2024-01-23,2024-01-23 09:51:00,0.0011399259048161525,0.0011399259048161525,0.0003273877584502745
C,2024-01-23,2024-01-23 09:52:00,0.0015181706044218313,0.0015181706044218313,-0.0001595461770923316
C,2024-01-23,2024-01-23 09:53:00,-0.001421127427759461,-0.001421127427759461,-0.0003236254795017319
C,2024-01-23,2024-01-23 09:54:00,0.0003795066413661008,0.0003795066413661008,0.0002998270633527057
C,2024-01-23,2024-01-23 09:55:00,0.0009484066767828647,0.0009484066767828647,-6.0695119684965024e-05
C,2024-01-23,2024-01-23 09:56:00,0.000473754026909301,0.000473754026909301,-0.0002392895512705548
C,2024-01-23,2024-01-23 09:57:00,0.0005682356283738255,0.0005682356283738255,-0.0001406487255390338
C,2024-01-23,2024-01-23 09:58:00,-0.0005679129200188981,-0.0005679129200188981,-0.00014751044629962153
C,2024-01-23,2024-01-23 09:59:00,0.001515295008996942,0.001515295008996942,5.6086713770514297e-05
C,2024-01-23,2024-01-23 10:00:00,0.00028368794326238955,0.00028368794326238955,-0.0003224477147830355
C,2024-01-23,2024-01-23 10:01:00,0.0001890716581585128,0.0001890716581585128,-8.947060732947453e-05
C,2024-01-23,2024-01-23 10:02:00,9.451795841219912e-05,9.451795841219912e-05,-5.216171457342668e-05
C,2024-01-23,2024-01-23 10:03:00,-0.0005670541536716422,-0.0005670541536716422,-6.844326072420761e-05
C,2024-01-23,2024-01-23 10:04:00,0.00018912529550840773,0.00018912529550840773,0.00011224238467457846
C,2024-01-23,2024-01-23 10:05:00,-0.0009454476694715774,-0.0009454476694715774,-3.272743261660388e-05
C,2024-01-23,2024-01-23 10:06:00,0.0009463423866755694,0.0009463423866755694,0.0002582319835336871
C,2024-01-23,2024-01-23 10:07:00,-0.0037817906778860877,-0.0031269438185226373,-0.00026564290858315404
C,2024-01-23,2024-01-23 10:08:00,0.0020878808009869854,0.0020878808009869854,0.0007616420569601055
C,2024-01-23,2024-01-23 10:09:00,0.0010417653186853837,0.0010417653186853837,-0.0004460725577669609
C,2024-01-23,2024-01-23 10:10:00,-0.00037842951750244325,-0.00037842951750244325,-0.00018154656761583808
C,2024-01-23,2024-01-23 10:11:00,0.00018928639030857397,0.00018928639030857397,-1.7644966145364388e-05
C,2024-01-23,2024-01-23 10:12:00,-0.00028387585162759077,-0.00028387585162759077,-7.957662399392515e-05
C,2024-01-23,2024-01-23 10:13:00,-0.0012304779933742793,-0.0012304779933742793,-6.709187347040703e-05
C,2024-01-23,2024-01-23 10:14:00,0.0015163002274449777,0.0015163002274449777,0.0002371353312004396
C,2024-01-23,2024-01-23 10:15:00,0.00037850113550330633,0.00037850113550330633,-0.0003093633825666832
C,2024-01-23,2024-01-23 10:16:00,-0.0005675368898978572,-0.0005675368898978572,-0.00014231727602933357
C,2024-01-23,2024-01-23 10:17:00,9.464319515428699e-05,9.464319515428699e-05,0.0001301541332381038
C,2024-01-23,2024-01-23 10:18:00,0.00018926847733502505,0.00018926847733502505,2.4129506143489014e-05
C,2024-01-23,2024-01-23 10:19:00,-0.0006623143154508293,-0.0006623143154508293,-6.90916095245865e-05
C,2024-01-23,2024-01-23 10:20:00,0.0003787161522437188,0.0003787161522437188,0.00015375295476311278
C,2024-01-23,2024-01-23 10:21:00,-0.00018928639030846295,-0.00018928639030846295,1.4625670633833942e-05
C,2024-01-23,2024-01-23 10:22:00,-0.0007572889057174681,-0.0007572889057174681,7.869026696720578e-06
C,2024-01-23,2024-01-23 10:23:00,-0.0002841985600606778,-0.0002841985600606778,0.00010732676789017185
C,2024-01-23,2024-01-23 10:24:00,0.00047379891973853283,0.00047379891973853283,6.311336951966656e-05
C,2024-01-23,2024-01-23 10:25:00,-0.0004735745406326819,-0.0004735745406326819,-9.304169882848548e-05
C,2024-01-23,2024-01-23 10:26:00,-0.0005685587036862172,-0.0005685587036862172,2.826998043125672e-05
C,2024-01-23,2024-01-23 10:27:00,0.0,0.0,0.00010004319756076013
C,2024-01-23,2024-01-23 10:28:00,0.0,0.0,-3.010064907855116e-05
C,2024-01-23,2024-01-23 10:29:00,-0.0009481369109698434,-0.0009481369109698434,-4.034971132463991e-05
C,2024-01-23,2024-01-23 10:30:00,0.00047451836386058766,0.00047451836386058766,0.00011669565792420346
C,2024-01-23,2024-01-23 10:31:00,9.485866059577575e-05,9.485866059577575e-05,-9.254574413913848e-05
C,2024-01-23,2024-01-23 10:32:00,-9.48496632837692e-05,-9.48496632837692e-05,-5.206450883555814e-05
C,2024-01-23,2024-01-23 10:33:00,-0.0005691519635743214,-0.0005691519635743214,-8.087504692793253e-05
C,2024-01-23,2024-01-23 10:34:00,-0.0007593014426727773,-0.0007593014426727773,8.882034428198058e-05
C,2024-01-23,2024-01-23 10:35:00,0.0,0.0,0.0001447960763996953
C,2024-01-23,2024-01-23 10:36:00,0.0011398176291794737,0.0011398176291794737,-1.4845384266065815e-05
C,2024-01-23,2024-01-23 10:37:00,-0.0002846299810246311,-0.0002846299810246311,-0.00023568786494605588
C,2024-01-23,2024-01-23 10:38:00,0.000284711018316397,0.000284711018316397,1.1792542679996963e-05
C,2024-01-23,2024-01-23 10:39:00,-0.0005692599620493732,-0.0005692599620493732,-7.293292621892687e-05
C,2024-01-23,2024-01-23 10:40:00,-0.0011391684070628516,-0.0011391684070628516,1.1363218809073116e-05
C,2024-01-23,2024-01-23 10:41:00,0.0005702337958564119,0.0005702337958564119,0.00023009026952586803
C,2024-01-23,2024-01-23 10:42:00,-0.0006648936170212671,-0.0006648936170212671,-8.384898188110693e-05
C,2024-01-23,2024-01-23 10:43:00,0.0004752399961978071,0.0004752399961978071,0.00011257897975300722
C,2024-01-23,2024-01-23 10:44:00,-9.500285008545717e-05,-9.500285008545717e-05,-0.00010172198598981885
C,2024-01-23,2024-01-23 10:45:00,0.00047505938242276,0.00047505938242276,1.895896054718199e-05
C,2024-01-23,2024-01-23 10:46:00,-0.00037986704653381054,-0.00037986704653381054,-0.00012780517712779373
C,2024-01-23,2024-01-23 10:47:00,0.0005700171005129651,0.0005700171005129651,5.484159321323584e-05
C,2024-01-23,2024-01-23 10:48:00,0.001044436004557614,0.001044436004557614,-0.00011889076456702825
C,2024-01-23,2024-01-23 10:49:00,-0.0013278952859718807,-0.0013278952859718807,-0.0002629608457475891
C,2024-01-23,2024-01-23 10:50:00,-0.00037990312470315146,-0.00037990312470315146,0.00017551138921368043
C,2024-01-23,2024-01-23 10:51:00,0.0002850356294537004,0.0002850356294537004,8.02475097219702e-05
C,2024-01-23,2024-01-23 10:52:00,-0.0003799392097263432,-0.0003799392097263432,-8.834252053206965e-05
C,2024-01-23,2024-01-23 10:53:00,0.0002850627137971351,0.0002850627137971351,1.008435998827497e-05
C,2024-01-23,2024-01-23 10:54:00,-0.00047496912700684124,-0.00047496912700684124,-1.6640840096386655e-05
C,2024-01-23,2024-01-23 10:55:00,0.0007603117278083271,0.0007603117278083271,0.00015026920062978833
C,2024-01-23,2024-01-23 10:56:00,9.496676163345263e-05,9.496676163345263e-05,-0.00015641125170672262
C,2024-01-23,2024-01-23 10:57:00,-0.000569746462824039,-0.000569746462824039,-2.2933483550151484e-05
C,2024-01-23,2024-01-23 10:58:00,0.0002850356294537004,0.0002850356294537004,3.661057342521737e-05
C,2024-01-23,2024-01-23 10:59:00,0.0006648936170212671,0.0006648936170212671,-4.1374562542515846e-05
C,2024-01-23,2024-01-23 11:00:00,-0.00018984337921212902,-0.00018984337921212902,-0.00015740364801395234
C,2024-01-23,2024-01-23 11:01:00,9.493971328211614e-05,9.493971328211614e-05,-4.676244576769598e-05
C,2024-01-23,2024-01-23 11:02:00,-0.0004746535029429566,-0.0004746535029429566,-5.4724559264759876e-05
C,2024-01-23,2024-01-23 11:03:00,0.00037990312470315146,0.00037990312470315146,5.414237225187308e-05
C,2024-01-23,2024-01-23 11:04:00,0.0004746985664103587,0.0004746985664103587,-9.729530295661949e-05
C,2024-01-23,2024-01-23 11:05:00,0.0,0.0,-0.00010413986923186352
C,2024-01-23,2024-01-23 11:06:00,0.0007591573353578074,0.0007591573353578074,-0.00014724962344151568
C,2024-01-23,2024-01-23 11:07:00,0.0040773753081735364,0.003050251772255605,-0.0001499772342075562
C,2024-01-23,2024-01-23 11:08:00,-0.004910756445367759,-0.0031269438185226373,-0.0008847603033557091
C,2024-01-23,2024-01-23 11:09:00,0.001138844073265588,0.001138844073265588,0.0005687919988417898
C,2024-01-23,2024-01-23 11:10:00,0.0,0.0,-0.0002192337517141397
C,2024-01-23,2024-01-23 11:11:00,0.0005687742914020077,0.0005687742914020077,-8.446375383749206e-05
C,2024-01-23,2024-01-23 11:12:00,0.0032212221695877563,0.003050251772255605,-9.538640237703936e-05
C,2024-01-23,2024-01-23 11:13:00,-0.003116441590329533,-0.003116441590329533,-0.0007392456960337826
C,2024-01-23,2024-01-23 11:14:00,-0.0006631299734747298,-0.0006631299734747298,0.0005551721064402987
C,2024-01-23,2024-01-23 11:15:00,-0.00018959143046748395,-0.00018959143046748395,0.000170573444886928
C,2024-01-23,2024-01-23 11:16:00,0.0006636958376788904,0.0006636958376788904,2.7500835038195936e-05
C,2024-01-23,2024-01-23 11:17:00,0.003316278188364663,0.003050251772255605,-0.00013147033092306083
C,2024-01-23,2024-01-23 11:18:00,-0.0037775049579751308,-0.0031269438185226373,-0.0007262255593558459
C,2024-01-23,2024-01-23 11:19:00,0.0002843871457010039,0.0002843871457010039,0.0006644450968940533
C,2024-01-23,2024-01-23 11:20:00,0.00028430629264586393,0.00028430629264586393,1.740473362769788e-05
C,2024-01-23,2024-01-23 11:21:00,0.0022738038844147823,0.0022738038844147823,-8.742337234163905e-05
C,2024-01-23,2024-01-23 11:22:00,0.00018905378580225118,0.00018905378580225118,-0.0005219241038292315
C,2024-01-23,2024-01-23 11:23:00,-0.0004725451280598314,-0.0004725451280598314,-7.274955287937813e-05
C,2024-01-23,2024-01-23 11:24:00,-9.455370650524042e-05,-9.455370650524042e-05,-4.239821571678874e-06
C,2024-01-23,2024-01-23 11:25:00,0.00028368794326238955,0.00028368794326238955,-6.37921786225474e-05
C,2024-01-23,2024-01-23 11:26:00,-0.0006617508035544617,-0.0006617508035544617,-0.0001557436024038797
C,2024-01-23,2024-01-23 11:27:00,-0.0005675905779963797,-0.0005675905779963797,5.7456241432604107e-05
C,2024-01-23,2024-01-23 11:28:00,0.0002839564600094491,0.0002839564600094491,8.463133585558017e-05
C,2024-01-23,2024-01-23 11:29:00,-9.46252838759376e-05,-9.46252838759376e-05,-2.8948968864674874e-05
C,2024-01-23,2024-01-23 11:30:00,-0.00018926847733502505,-0.00018926847733502505,-1.951416768934568e-05
C,2024-01-23,2024-01-23 11:31:00,0.0006625650733553812,0.0006625650733553812,3.197649398064925e-05
C,2024-01-23,2024-01-23 11:32:00,-0.0005675368898978572,-0.0005675368898978572,-5.200037526139414e-05
C,2024-01-23,2024-01-23 11:33:00,-0.0004732159757713239,-0.0004732159757713239,5.041401962340515e-05
C,2024-01-23,2024-01-23 11:34:00,0.00085219202727016,0.00085219202727016,6.309276157747789e-05
C,2024-01-23,2024-01-23 11:35:00,9.460737937572183e-05,9.460737937572183e-05,-0.0001324502967335675
C,2024-01-23,2024-01-23 11:36:00,0.0007567874373284322,0.0007567874373284322,-8.425381593175769e-05
C,2024-01-23,2024-01-23 11:37:00,0.00018905378580225118,0.00018905378580225118,-0.00014856119446749556
C,2024-01-23,2024-01-23 11:38:00,-0.0003780361024476875,-0.0003780361024476875,-0.00011797283626878956
C,2024-01-23,2024-01-23 11:39:00,9.454476694714664e-05,9.454476694714664e-05,-1.1568853709576947e-05
C,2024-01-23,2024-01-23 11:40:00,-0.00047267914539617095,-0.00047267914539617095,-7.832801571868065e-06
C,2024-01-23,2024-01-23 11:41:00,0.0005674832119550999,0.0005674832119550999,0.00012174909117831624
C,2024-01-23,2024-01-23 11:42:00,0.0009452689290103677,0.0009452689290103677,-6.667670518355278e-05
C,2024-01-23,2024-01-23 11:43:00,-0.001133251487392517,-0.001133251487392517,-0.00023880762356276165
C,2024-01-23,2024-01-23 11:44:00,0.00037817906778858656,0.00037817906778858656,0.0002579730906557364
C,2024-01-23,2024-01-23 11:45:00,-0.0009450902561194408,-0.0009450902561194408,-9.915410413148075e-05
C,2024-01-23,2024-01-23 11:46:00,9.459842966608178e-05,9.459842966608178e-05,0.0001490143674275151
C,2024-01-23,2024-01-23 11:47:00,-0.0002837684449489286,-0.0002837684449489286,-7.220112705279173e-05
C,2024-01-23,2024-01-23 11:48:00,-0.0005676979846721553,-0.0005676979846721553,3.762934820184013e-05
C,2024-01-23,2024-01-23 11:49:00,9.467007478947131e-05,9.467007478947131e-05,4.347042698648938e-05
C,2024-01-23,2024-01-23 11:50:00,-0.0005679666792881566,-0.0005679666792881566,-8.847520629890341e-06
C,2024-01-23,2024-01-23 11:51:00,-9.47149081266252e-05,-9.47149081266252e-05,2.645855937104842e-05
C,2024-01-23,2024-01-23 11:52:00,0.00047361939945078646,0.00047361939945078646,-3.0183010778365822e-05
C,2024-01-23,2024-01-23 11:53:00,0.0006627532664267299,0.0006627532664267299,1.9199687783064294e-05
C,2024-01-23,2024-01-23 11:54:00,0.00018923266155757013,0.00018923266155757013,-0.00013541698413323106
C,2024-01-23,2024-01-23 11:55:00,0.00018919685933194152,0.00018919685933194152,2.1266297912270342e-05
C,2024-01-23,2024-01-23 11:56:00,-0.0003783221413032889,-0.0003783221413032889,-1.4979092422471247e-05
C,2024-01-23,2024-01-23 11:57:00,9.461633077867404e-05,9.461633077867404e-05,3.393693903811591e-05
C,2024-01-23,2024-01-23 11:58:00,0.00018921475875122162,0.00018921475875122162,-2.921665084867287e-05
C,2024-01-23,2024-01-23 11:59:00,-9.458948164953185e-05,-9.458948164953185e-05,-5.009100441825857e-06
C,2024-01-23,2024-01-23 12:00:00,0.00018919685933216357,0.00018919685933216357,-4.263245235033545e-05
C,2024-01-23,2024-01-23 12:01:00,-0.00018916107065158894,-0.00018916107065158894,-4.995643061114131e-05
C,2024-01-23,2024-01-23 12:02:00,-0.00037839371866432714,-0.00037839371866432714,-8.333217676757383e-05
C,2024-01-23,2024-01-23 12:03:00,-0.00018926847733502505,-0.00018926847733502505,4.161713741250853e-05
C,2024-01-23,2024-01-23 12:04:00,0.0004732607666824151,0.0004732607666824151,6.96996091738976e-05
C,2024-01-23,2024-01-23 12:05:00,-0.00028382213812683244,-0.00028382213812683244,-0.00012111523282264465
C,2024-01-23,2024-01-23 12:06:00,-0.0007570739093404333,-0.0007570739093404333,-5.124445583320918e-05
C,2024-01-23,2024-01-23 12:07:00,-9.470593806237826e-05,-9.470593806237826e-05,6.491942823730242e-05
C,2024-01-23,2024-01-23 12:08:00,0.0002841447243795425,0.0002841447243795425,3.079397664866444e-05
C,2024-01-23,2024-01-23 12:09:00,0.0002840640090899793,0.0002840640090899793,1.6154438427051082e-07
C,2024-01-23,2024-01-23 12:10:00,-0.0001893222264293115,-0.0001893222264293115,-1.7433744069971988e-06
C,2024-01-23,2024-01-23 12:11:00,-0.0002840371141829001,-0.0002840371141829001,4.662439110147947e-05
C,2024-01-23,2024-01-23 12:12:00,0.00018941187612453447,0.00018941187612453447,6.469828664871228e-05
C,2024-01-23,2024-01-23 12:13:00,0.0,0.0,-7.069526207931093e-05
C,2024-01-23,2024-01-23 12:14:00,0.0,0.0,2.3628263805807892e-05
C,2024-01-23,2024-01-23 12:15:00,0.00018937600606006022,0.00018937600606006022,-4.7886180565841076e-05
C,2024-01-23,2024-01-23 12:16:00,0.0005680204487361618,0.0005680204487361618,7.348740501953204e-05
C,2024-01-23,2024-01-23 12:17:00,0.00018923266155757013,0.00018923266155757013,-0.0001618489386545298
C,2024-01-23,2024-01-23 12:18:00,0.00018919685933194152,0.00018919685933194152,6.579611123199236e-05
C,2024-01-23,2024-01-23 12:19:00,0.0005674832119550999,0.0005674832119550999,-0.0001387329412104115
C,2024-01-23,2024-01-23 12:20:00,-0.0003781075716040583,-0.0003781075716040583,-8.078464580666215e-05
C,2024-01-23,2024-01-23 12:21:00,-0.0003782505910164824,-0.0003782505910164824,-3.1835785224919425e-05
C,2024-01-23,2024-01-23 12:22:00,0.00028379528899824535,0.00028379528899824535,5.698712654455243e-05
C,2024-01-23,2024-01-23 12:23:00,0.00141857386041222,0.00141857386041222,-0.00010693082240237706
C,2024-01-23,2024-01-23 12:24:00,-0.0009443762394939492,-0.0009443762394939492,-0.0002950256882632725
C,2024-01-23,2024-01-23 12:25:00,0.0,0.0,0.00025914261728489374
C,2024-01-23,2024-01-23 12:26:00,0.0003781075716042803,0.0003781075716042803,0.00016808731817825765
C,2024-01-23,2024-01-23 12:27:00,-0.00037796466030437514,-0.00037796466030437514,-9.54916701190081e-05
C,2024-01-23,2024-01-23 12:28:00,0.0,0.0,0.0002085103688696794
C,2024-01-23,2024-01-23 12:29:00,0.0007562151432083386,0.0007562151432083386,3.136681292903245e-05
C,2024-01-23,2024-01-23 12:30:00,-0.0003778218569945313,-0.0003778218569945313,-1.7674466132768114e-05
C,2024-01-23,2024-01-23 12:31:00,0.0007559293206085282,0.0007559293206085282,4.171933699528001e-05
C,2024-01-23,2024-01-23 12:32:00,-0.0001888395807760901,-0.0001888395807760901,-2.787454080678119e-05
C,2024-01-23,2024-01-23 12:33:00,0.0,0.0,1.9779222432759435e-05
C,2024-01-23,2024-01-23 12:34:00,-0.00018887524789867882,-0.00018887524789867882,5.990145604819019e-05
C,2024-01-23,2024-01-23 12:35:00,0.0,0.0,4.0164760253579455e-05
C,2024-01-23,2024-01-23 12:36:00,0.0,0.0,3.778075289956039e-05
C,2024-01-23,2024-01-23 12:37:00,0.0005667327854916859,0.0005667327854916859,4.753929926529369e-05
C,2024-01-23,2024-01-23 12:38:00,-0.0003776078542434558,-0.0003776078542434558,-8.72121589182862e-05
C,2024-01-23,2024-01-23 12:39:00,0.0,0.0,-5.991019377725247e-06
C,2024-01-23,2024-01-23 12:40:00,0.0009443762394938382,0.0009443762394938382,-9.282504140722943e-05
C,2024-01-23,2024-01-23 12:41:00,0.00018869704689095101,0.00018869704689095101,-0.00022406607112502287
C,2024-01-23,2024-01-23 12:42:00,-0.0001886614470331116,-0.0001886614470331116,-5.0043236554470716e-05
C,2024-01-23,2024-01-23 12:43:00,0.0011321822813472604,0.0011321822813472604,-3.666683590691499e-05
C,2024-01-23,2024-01-23 12:44:00,0.0,0.0,-0.00024543142197225467
C,2024-01-23,2024-01-23 12:45:00,0.0,0.0,-5.5284691447027755e-05
C,2024-01-23,2024-01-23 12:46:00,0.0,0.0,-3.193053509876292e-05
C,2024-01-23,2024-01-23 12:47:00,-0.00018848364904344717,-0.00018848364904344717,-2.2039602887419844e-05
C,2024-01-23,2024-01-23 12:48:00,-0.0013196342727873622,-0.0013196342727873622,-1.0213592635908296e-05
C,2024-01-23,2024-01-23 12:49:00,0.00047192071731960716,0.00047192071731960716,0.0002696053365423505
C,2024-01-23,2024-01-23 12:50:00,-0.00047169811320768584,-0.00047169811320768584,-2.5084491827606808e-05
C,2024-01-23,2024-01-23 12:51:00,0.0006606890042475388,0.0006606890042475388,0.00010210595416539
C,2024-01-23,2024-01-23 12:52:00,-0.00018864365214121825,-0.00018864365214121825,-4.345053875419442e-05
C,2024-01-23,2024-01-23 12:53:00,0.0005660377358491786,0.0005660377358491786,5.771141098518918e-05
C,2024-01-23,2024-01-23 12:54:00,-0.00018857250612869247,-0.00018857250612869247,-4.072072982232565e-05
C,2024-01-23,2024-01-23 12:55:00,0.0,0.0,3.343899519904238e-06
C,2024-01-23,2024-01-23 12:56:00,-9.430403621268901e-05,-9.430403621268901e-05,4.976945173997063e-05
C,2024-01-23,2024-01-23 12:57:00,0.0,0.0,1.4018989410312935e-05
C,2024-01-23,2024-01-23 12:58:00,-9.431293030270904e-05,-9.431293030270904e-05,-8.801055240258795e-06
C,2024-01-23,2024-01-23 12:59:00,-0.00018864365214121825,-0.00018864365214121825,-1.625039244797077e-05
C,2024-01-23,2024-01-23 13:00:00,-0.00018867924528309654,-0.00018867924528309654,1.376956230427837e-05
C,2024-01-23,2024-01-23 13:01:00,-9.435742592933671e-05,-9.435742592933671e-05,9.668081138777864e-05
C,2024-01-23,2024-01-23 13:02:00,-9.436633009329842e-05,-9.436633009329842e-05,-9.722640748541498e-07
C,2024-01-23,2024-01-23 13:03:00,-0.00028312570781430235,-0.00028312570781430235,1.0044067457668129e-06
C,2024-01-23,2024-01-23 13:04:00,0.0005664117813650726,0.0005664117813650726,4.6195782366265794e-05
C,2024-01-23,2024-01-23 13:05:00,0.00018869704689095101,0.00018869704689095101,-9.646319135802933e-05
C,2024-01-23,2024-01-23 13:06:00,0.0,0.0,-4.32438512230936e-05
C,2024-01-23,2024-01-23 13:07:00,0.0,0.0,5.058500797195487e-05
C,2024-01-23,2024-01-23 13:08:00,0.00037732289406688935,0.00037732289406688935,6.300287529080508e-05
C,2024-01-23,2024-01-23 13:09:00,-0.00018859028760032093,-0.00018859028760032093,-4.681384158816722e-05
C,2024-01-23,2024-01-23 13:10:00,0.00037725172121083617,0.00037725172121083617,-5.91003669615472e-06
C,2024-01-23,2024-01-23 13:11:00,0.0002828320920147398,0.0002828320920147398,-2.6937034894903007e-05
C,2024-01-23,2024-01-23 13:12:00,9.425070688040549e-05,9.425070688040549e-05,-2.4389193173618425e-05
C,2024-01-23,2024-01-23 13:13:00,0.0,0.0,-7.150260999025778e-05
C,2024-01-23,2024-01-23 13:14:00,-0.00037696729808700535,-0.00037696729808700535,9.439628998314812e-06
C,2024-01-23,2024-01-23 13:15:00,0.00037710945601965307,0.00037710945601965307,5.843552323688374e-05
C,2024-01-23,2024-01-23 13:16:00,9.42418245217791e-05,9.42418245217791e-05,7.571097966278403e-05
C,2024-01-23,2024-01-23 13:17:00,0.00018846588767429395,0.00018846588767429395,5.410961414438248e-05
C,2024-01-23,2024-01-23 13:18:00,-0.0006595063124176237,-0.0006595063124176237,2.9904693752431005e-05
C,2024-01-23,2024-01-23 13:19:00,-0.0002828320920147398,-0.0002828320920147398,0.00017600758529976482
C,2024-01-23,2024-01-23 13:20:00,0.0005658242172765782,0.0005658242172765782,5.8922414457957763e-05
C,2024-01-23,2024-01-23 13:21:00,9.425070688040549e-05,9.425070688040549e-05,-9.280801858211941e-05
C,2024-01-23,2024-01-23 13:22:00,-0.0005654509471302305,-0.0005654509471302305,-1.3402692803490723e-05
C,2024-01-23,2024-01-23 13:23:00,0.00018859028759998786,0.00018859028759998786,7.650000675384616e-05
C,2024-01-23,2024-01-23 13:24:00,0.00018855472800982653,0.00018855472800982653,2.8769965574596867e-05
C,2024-01-23,2024-01-23 13:25:00,0.0003770383636534369,0.0003770383636534369,6.106160248834134e-05
C,2024-01-23,2024-01-23 13:26:00,-0.0002826721944785282,-0.0002826721944785282,-6.48727910342104e-05
C,2024-01-23,2024-01-23 13:27:00,9.425070688040549e-05,9.425070688040549e-05,0.00015463490488170574
C,2024-01-23,2024-01-23 13:28:00,-0.00018848364904344717,-0.00018848364904344717,7.507866390301855e-05
C,2024-01-23,2024-01-23 13:29:00,0.0,0.0,5.132805590693078e-05
C,2024-01-23,2024-01-23 13:30:00,-0.0003770383636534369,-0.0003770383636534369,-4.082459379624459e-05
C,2024-01-23,2024-01-23 13:31:00,0.0,0.0,3.7479815887327925e-05
C,2024-01-23,2024-01-23 13:32:00,0.00018859028759998786,0.00018859028759998786,-1.3418528091090065e-08
C,2024-01-23,2024-01-23 13:33:00,0.0002828320920147398,0.0002828320920147398,-2.7354457258850517e-05
C,2024-01-23,2024-01-23 13:34:00,0.0002827521206409944,0.0002827521206409944,-0.00014682746311221143
C,2024-01-23,2024-01-23 13:35:00,-9.422406482606505e-05,-9.422406482606505e-05,-8.946887347496105e-05
C,2024-01-23,2024-01-23 13:36:00,0.0013192612137202797,0.0013192612137202797,-2.1454836863348504e-05
C,2024-01-23,2024-01-23 13:37:00,0.00028232636928282595,0.00028232636928282595,-0.0002526510307041826
C,2024-01-23,2024-01-23 13:38:00,0.0013171511901404198,0.0013171511901404198,-8.384306885068728e-05
C,2024-01-23,2024-01-23 13:39:00,-0.0013154185849856281,-0.0013154185849856281,-0.00034509193815418835
C,2024-01-23,2024-01-23 13:40:00,-0.0037632891146861525,-0.0031269438185226373,0.00023773193838843532
C,2024-01-23,2024-01-23 13:41:00,0.004060817829823371,0.003050251772255605,0.000812677304403439
C,2024-01-23,2024-01-23 13:42:00,0.0003762227238526261,0.0003762227238526261,-0.00048107768066415693
C,2024-01-23,2024-01-23 13:43:00,-0.0002820609251598105,-0.0002820609251598105,2.7248904565733325e-06
C,2024-01-23,2024-01-23 13:44:00,0.00028214050597208384,0.00028214050597208384,0.00010183727193640588
C,2024-01-23,2024-01-23 13:45:00,0.00037608123354648804,0.00037608123354648804,5.306965982398797e-05
C,2024-01-23,2024-01-23 13:46:00,9.398496240597964e-05,9.398496240597964e-05,-6.996672444487869e-05
C,2024-01-23,2024-01-23 13:47:00,0.0003759045202518241,0.0003759045202518241,4.943966624139866e-05
C,2024-01-23,2024-01-23 13:48:00,0.00018788163457039708,0.00018788163457039708,1.1934011165530834e-05
C,2024-01-23,2024-01-23 13:49:00,-0.00028176951253877647,-0.00028176951253877647,-2.4062161897152156e-05
C,2024-01-23,2024-01-23 13:50:00,9.394964299125341e-05,9.394964299125341e-05,5.2283584132812345e-05
C,2024-01-23,2024-01-23 13:51:00,0.0003757632691405721,0.0003757632691405721,1.2980813551913135e-05
C,2024-01-23,2024-01-23 13:52:00,0.0,0.0,-1.1173775238710134e-05
C,2024-01-23,2024-01-23 13:53:00,-0.00037562212414332663,-0.00037562212414332663,-4.5678823168399864e-05
C,2024-01-23,2024-01-23 13:54:00,-9.39408172849765e-05,-9.39408172849765e-05,2.9312019983955662e-05
C,2024-01-23,2024-01-23 13:55:00,-0.0003757985719653467,-0.0003757985719653467,3.703066857226602e-05
C,2024-01-23,2024-01-23 13:56:00,9.398496240597964e-05,9.398496240597964e-05,6.513396135592979e-05
C,2024-01-23,2024-01-23 13:57:00,0.0003759045202518241,0.0003759045202518241,-5.638826358524904e-07
C,2024-01-23,2024-01-23 13:58:00,0.0003757632691405721,0.0003757632691405721,4.413757874489761e-05
C,2024-01-23,2024-01-23 13:59:00,-0.00018781106207166332,-0.00018781106207166332,-0.00012016877273577118
C,2024-01-23,2024-01-23 14:00:00,0.0,0.0,-2.1150269190837372e-05
C,2024-01-23,2024-01-23 14:01:00,0.00018784634169266567,0.00018784634169266567,7.296689014017297e-06
C,2024-01-23,2024-01-23 14:02:00,0.0006573387172503775,0.0006573387172503775,-6.0803143953298446e-05
C,2024-01-23,2024-01-23 14:03:00,-0.006287537537537524,-0.0031269438185226373,-0.00014877184171912256
C,2024-01-23,2024-01-23 14:04:00,0.0,0.0,0.000739994107904804
C,2024-01-23,2024-01-23 14:05:00,0.0,0.0,0.00013790833530030833
C,2024-01-23,2024-01-23 14:06:00,0.005194069317215888,0.003050251772255605,0.0001287559545832253
C,2024-01-23,2024-01-23 14:07:00,0.00065764750093944,0.00065764750093944,-0.0005580713377361244
C,2024-01-23,2024-01-23 14:08:00,-0.0005633273870997435,-0.0005633273870997435,-0.00011245316269541794
C,2024-01-23,2024-01-23 14:09:00,-0.0011272898074213833,-0.0011272898074213833,1.9839677863598668e-05
C,2024-01-23,2024-01-23 14:10:00,0.00018809367064798188,0.00018809367064798188,0.00010875083579727755
C,2024-01-23,2024-01-23 14:11:00,-0.0003761165961447821,-0.0003761165961447821,-0.00010836303940716607
C,2024-01-23,2024-01-23 14:12:00,0.000470322641331844,0.000470322641331844,7.775802599564184e-06
C,2024-01-23,2024-01-23 14:13:00,-0.00047010154193305453,-0.00047010154193305453,-3.551503442097299e-05
C,2024-01-23,2024-01-23 14:14:00,0.0,0.0,-9.810360743159017e-06
C,2024-01-23,2024-01-23 14:15:00,-0.0003762581130655196,-0.0003762581130655196,-3.5060909957907974e-05
C,2024-01-23,2024-01-23 14:16:00,0.00018819986826001944,0.00018819986826001944,0.00010089087920493727
C,2024-01-23,2024-01-23 14:17:00,0.00018816445573444085,0.00018816445573444085,-5.278870297093661e-06
C,2024-01-23,2024-01-23 14:18:00,-0.00018812905653287082,-0.00018812905653287082,-8.150148218492546e-05
C,2024-01-23,2024-01-23 14:19:00,0.0,0.0,-8.24756391279255e-05
C,2024-01-23,2024-01-23 14:20:00,-9.40822278671094e-05,-9.40822278671094e-05,2.193116461104611e-05
C,2024-01-23,2024-01-23 14:21:00,9.40910801654482e-05,9.40910801654482e-05,7.339124096849004e-05
C,2024-01-23,2024-01-23 14:22:00,0.0007526578229373193,0.0007526578229373193,-6.860689859910666e-05
C,2024-01-23,2024-01-23 14:23:00,0.0,0.0,-5.534364893774351e-05
C,2024-01-23,2024-01-23 14:24:00,-0.004512550531164838,-0.0031269438185226373,3.2086753033152325e-05
C,2024-01-23,2024-01-23 14:25:00,0.003966380205874032,0.003050251772255605,0.0006930761674812472
C,2024-01-23,2024-01-23 14:26:00,0.00018812905653264878,0.00018812905653264878,-0.0007280323731863389
C,2024-01-23,2024-01-23 14:27:00,0.0007523746825919275,0.0007523746825919275,-0.00012018699220239298
C,2024-01-23,2024-01-23 14:28:00,-0.0003759045202518241,-0.0003759045202518241,-0.00010703301802781606
C,2024-01-23,2024-01-23 14:29:00,-0.0004700573469964553,-0.0004700573469964553,1.0285038524071663e-05
C,2024-01-23,2024-01-23 14:30:00,0.00047027840481583816,0.00047027840481583816,5.198302163610891e-06
C,2024-01-23,2024-01-23 14:31:00,9.401146939924665e-05,9.401146939924665e-05,7.091936952878862e-05
C,2024-01-23,2024-01-23 14:32:00,-0.0006580184245158494,-0.0006580184245158494,0.00011159158080350664
C,2024-01-23,2024-01-23 14:33:00,0.0002821935847991952,0.0002821935847991952,0.00013169950275987923
C,2024-01-23,2024-01-23 14:34:00,-0.00037615196539408924,-0.00037615196539408924,0.00012044673906164463
C,2024-01-23,2024-01-23 14:35:00,0.0004703668861711918,0.0004703668861711918,7.666249073400044e-05
C,2024-01-23,2024-01-23 14:36:00,0.0005641748942173397,0.0005641748942173397,1.1409223352680073e-05
C,2024-01-23,2024-01-23 14:37:00,-9.397613006290051e-05,-9.397613006290051e-05,-9.0926723689499e-05
C,2024-01-23,2024-01-23 14:38:00,-0.00028195488721804995,-0.00028195488721804995,-9.091323736928657e-05
C,2024-01-23,2024-01-23 14:39:00,0.0,0.0,3.8868751563191646e-05
C,2024-01-23,2024-01-23 14:40:00,0.0001880229387984933,0.0001880229387984933,0.00011183888682574017
C,2024-01-23,2024-01-23 14:41:00,0.0,0.0,7.423082234994988e-05
C,2024-01-23,2024-01-23 14:42:00,-9.399379640950833e-05,-9.399379640950833e-05,3.401098285768128e-05
C,2024-01-23,2024-01-23 14:43:00,-9.40026320735976e-05,-9.40026320735976e-05,1.2529868204699438e-06
C,2024-01-23,2024-01-23 14:44:00,0.0005640688163957019,0.0005640688163957019,5.761496351280884e-05
C,2024-01-23,2024-01-23 14:45:00,0.0,0.0,-0.000115386738834063
C,2024-01-23,2024-01-23 14:46:00,9.39584703560925e-05,9.39584703560925e-05,-0.0001452671212199005
C,2024-01-23,2024-01-23 14:47:00,-9.394964299125341e-05,-9.394964299125341e-05,-0.0001424539712878258
C,2024-01-23,2024-01-23 14:48:00,-9.395847035620353e-05,-9.395847035620353e-05,-0.0001469212611447037
C,2024-01-23,2024-01-23 14:49:00,-9.396729937982684e-05,-9.396729937982684e-05,-5.341987713243469e-06
C,2024-01-23,2024-01-23 14:50:00,0.0005638567803778471,0.0005638567803778471,-8.713668627627127e-05
C,2024-01-23,2024-01-23 14:51:00,0.00037569268338488726,0.00037569268338488726,-2.7248982844606235e-05
C,2024-01-23,2024-01-23 14:52:00,-0.00018777579569972946,-0.00018777579569972946,-0.00010517363630825585
C,2024-01-23,2024-01-23 14:53:00,0.00018781106207144127,0.00018781106207144127,-8.017239078943304e-05
C,2024-01-23,2024-01-23 14:54:00,0.00018777579570006253,0.00018777579570006253,8.055052716069077e-06
C,2024-01-23,2024-01-23 14:55:00,-0.0001877405425703138,-0.0001877405425703138,5.2217801252353405e-05
C,2024-01-23,2024-01-23 14:56:00,-9.388789784992024e-05,-9.388789784992024e-05,5.785483404973166e-05
C,2024-01-23,2024-01-23 14:57:00,-9.389671361492713e-05,-9.389671361492713e-05,2.7912173414356334e-05
C,2024-01-23,2024-01-23 14:58:00,0.0003756221241431046,0.0003756221241431046,-2.0732573372103835e-05
C,2024-01-23,2024-01-23 14:59:00,0.0001877405425703138,0.0001877405425703138,-2.3859111737807283e-05
C,2024-01-23,2024-01-23 15:00:00,0.0007508212106990264,0.0007508212106990264,1.9683294372860883e-05
C,2024-01-23,2024-01-23 15:01:00,0.0,0.0,-6.246338437372266e-05
C,2024-01-23,2024-01-23 15:02:00,-0.0003751289505766753,-0.0003751289505766753,-1.5241729456546916e-05
C,2024-01-23,2024-01-23 15:03:00,0.0,0.0,2.2214037258090403e-05
C,2024-01-23,2024-01-23 15:04:00,-0.000187634862557573,-0.000187634862557573,8.52904173016926e-05
C,2024-01-23,2024-01-23 15:05:00,0.0001876700760063965,0.0001876700760063965,-1.6473148374518394e-05
C,2024-01-23,2024-01-23 15:06:00,0.00018763486255735096,0.00018763486255735096,-6.598473998378732e-05
C,2024-01-23,2024-01-23 15:07:00,-0.00018759966232062553,-0.00018759966232062553,-6.319093097400658e-05
C,2024-01-23,2024-01-23 15:08:00,0.0,0.0,-9.172968252857653e-05
C,2024-01-23,2024-01-23 15:09:00,0.00028145229383613746,0.00028145229383613746,-7.412046999239204e-05
C,2024-01-23,2024-01-23 15:10:00,0.0002813731007316189,0.0002813731007316189,-2.092994897840244e-05
C,2024-01-23,2024-01-23 15:11:00,0.0005625879043600346,0.0005625879043600346,4.453596032600689e-05
C,2024-01-23,2024-01-23 15:12:00,0.0002811357885859067,0.0002811357885859067,-8.207082809731109e-05
C,2024-01-23,2024-01-23 15:13:00,0.00046842795578028174,0.00046842795578028174,4.2347681177894506e-05
C,2024-01-23,2024-01-23 15:14:00,-9.364172675330185e-05,-9.364172675330185e-05,-8.517116935991658e-05
C,2024-01-23,2024-01-23 15:15:00,-0.0006555534744333569,-0.0006555534744333569,-6.344993356932542e-06
C,2024-01-23,2024-01-23 15:16:00,0.0,0.0,0.00012128162161660263
C,2024-01-23,2024-01-23 15:17:00,-0.0003748477181145793,-0.0003748477181145793,0.00010135473917268139
C,2024-01-23,2024-01-23 15:18:00,0.0004687353520202997,0.0004687353520202997,9.070983357906258e-05
C,2024-01-23,2024-01-23 15:19:00,-0.000655922038980461,-0.000655922038980461,-4.123513392647665e-05
C,2024-01-23,2024-01-23 15:20:00,0.00018752930145327085,0.00018752930145327085,0.00010629257118469617
C,2024-01-23,2024-01-23 15:21:00,-9.374707040410435e-05,-9.374707040410435e-05,-8.881495049408542e-06
C,2024-01-23,2024-01-23 15:22:00,-9.375585974114031e-05,-9.375585974114031e-05,-3.588497617583439e-05
C,2024-01-23,2024-01-23 15:23:00,-0.0001875293014534929,-0.0001875293014534929,-9.437519872769621e-05
C,2024-01-23,2024-01-23 15:24:00,-0.00028134671293256197,-0.00028134671293256197,-1.724300558721909e-05
C,2024-01-23,2024-01-23 15:25:00,0.0,0.0,-4.947215486944152e-05
C,2024-01-23,2024-01-23 15:26:00,-9.380863039387677e-05,-9.380863039387677e-05,-1.6768882767264112e-06
C,2024-01-23,2024-01-23 15:27:00,0.0,0.0,-5.1384783847214934e-05
C,2024-01-23,2024-01-23 15:28:00,-0.000187634862557573,-0.000187634862557573,-4.645480476778178e-05
C,2024-01-23,2024-01-23 15:29:00,-0.000375340152012682,-0.000375340152012682,-8.609685354035647e-05
C,2024-01-23,2024-01-23 15:30:00,0.0003754810851401835,0.0003754810851401835,6.676487515750597e-05
C,2024-01-23,2024-01-23 15:31:00,-0.000375340152012682,-0.000375340152012682,-0.00011807493127170867
C,2024-01-23,2024-01-23 15:32:00,-0.00037548108514029455,-0.00037548108514029455,-9.091635427255569e-06
C,2024-01-23,2024-01-23 15:33:00,9.390553103560961e-05,9.390553103560961e-05,1.0801085892387026e-05
C,2024-01-23,2024-01-23 15:34:00,-0.00018779342723018733,-0.00018779342723018733,-5.906466354825497e-05
C,2024-01-23,2024-01-23 15:35:00,0.0004695717505636132,0.0004695717505636132,4.092052479354658e-05
C,2024-01-23,2024-01-23 15:36:00,0.0005632216277104973,0.0005632216277104973,-5.201155539465484e-05
C,2024-01-23,2024-01-23 15:37:00,0.00037526972511492396,0.00037526972511492396,-1.4013160899799965e-05
C,2024-01-23,2024-01-23 15:38:00,0.00046891118822101063,0.00046891118822101063,-4.9624382784695086e-05
C,2024-01-23,2024-01-23 15:39:00,-9.373828271475038e-05,-9.373828271475038e-05,-9.23657376691711e-05
C,2024-01-23,2024-01-23 15:40:00,-0.00018749414080809768,-0.00018749414080809768,6.3174736139467075e-06
C,2024-01-23,2024-01-23 15:41:00,0.0,0.0,-7.21518069854175e-06
C,2024-01-23,2024-01-23 15:42:00,0.00018752930145327085,0.00018752930145327085,-7.246459706916396e-06
C,2024-01-23,2024-01-23 15:43:00,-0.0006562294928283974,-0.0006562294928283974,7.55552654682531e-06
C,2024-01-23,2024-01-23 15:44:00,0.0002814258911820744,0.0002814258911820744,0.00013227198821870256
C,2024-01-23,2024-01-23 15:45:00,0.0005626934258651239,0.0005626934258651239,-1.1732890237071828e-05
C,2024-01-23,2024-01-23 15:46:00,-0.0004686474833629495,-0.0004686474833629495,-6.3711392485311e-05
C,2024-01-23,2024-01-23 15:47:00,-0.00037509377344346895,-0.00037509377344346895,7.187388979036675e-05
C,2024-01-23,2024-01-23 15:48:00,-9.380863039387677e-05,-9.380863039387677e-05,6.55579529907098e-05
C,2024-01-23,2024-01-23 15:49:00,0.0,0.0,-3.4752687945650964e-06
C,2024-01-23,2024-01-23 15:50:00,-0.000187634862557573,-0.000187634862557573,-3.182392107671486e-05
C,2024-01-23,2024-01-23 15:51:00,0.000375340152012793,0.000375340152012793,2.3066064792383246e-05
C,2024-01-23,2024-01-23 15:52:00,-0.00037519932464125105,-0.00037519932464125105,-6.936534008388828e-05
C,2024-01-23,2024-01-23 15:53:00,0.0001876700760063965,0.0001876700760063965,3.093358597456154e-05
C,2024-01-23,2024-01-23 15:54:00,0.00018763486255735096,0.00018763486255735096,-3.254556535830261e-07
C,2024-01-23,2024-01-23 15:55:00,-0.00018759966232062553,-0.00018759966232062553,-3.089184965164136e-05
C,2024-01-23,2024-01-23 15:56:00,0.000562904587672497,0.000562904587672497,1.923151638906255e-05
C,2024-01-23,2024-01-23 15:57:00,-0.001312705110173451,-0.001312705110173451,-0.00011440668035795028
C,2024-01-23,2024-01-23 15:58:00,0.000751103182799806,0.000751103182799806,0.00027088539361909815
C,2024-01-24,2024-01-24 09:40:00,-0.0006549401197604166,-0.0006549401197604166,0.00012625970591859808
C,2024-01-24,2024-01-24 09:41:00,-0.0001872483849827411,-0.0001872483849827411,0.0002968987157857004
C,2024-01-24,2024-01-24 09:42:00,-0.00018728345350671471,-0.00018728345350671471,0.00018341617303808613
C,2024-01-24,2024-01-24 09:43:00,0.00018731853516884556,0.00018731853516884556,0.00010763272860997426
C,2024-01-24,2024-01-24 09:44:00,-0.001404625901301526,-0.001404625901301526,8.049726069678103e-05
C,2024-01-24,2024-01-24 09:45:00,-0.0006564141035259041,-0.0006564141035259041,0.00039494636332405923
C,2024-01-24,2024-01-24 09:46:00,-9.383503800308723e-05,-9.383503800308723e-05,0.00023158546351088877
C,2024-01-24,2024-01-24 09:47:00,-0.0007507507507508171,-0.0007507507507508171,0.00011992306377147028
C,2024-01-24,2024-01-24 09:48:00,0.0008452291510143706,0.0008452291510143706,0.0002740843046484381
C,2024-01-24,2024-01-24 09:49:00,-0.0008445153420287843,-0.0008445153420287843,-9.597877477773641e-05
C,2024-01-24,2024-01-24 09:50:00,-0.0008452291510141485,-0.0008452291510141485,0.0002845409223366336
C,2024-01-24,2024-01-24 09:51:00,0.0005639627784566059,0.0005639627784566059,0.00023022235879571173
C,2024-01-24,2024-01-24 09:52:00,0.0012212306247065818,0.0012212306247065818,-6.780745543765848e-05
C,2024-01-24,2024-01-24 09:53:00,-0.0002814787014447928,-0.0002814787014447928,-0.00033243822508219735
C,2024-01-24,2024-01-24 09:54:00,-0.00018770530267486762,-0.00018770530267486762,8.065220262058813e-05
C,2024-01-24,2024-01-24 09:55:00,-0.00028161081385524867,-0.00028161081385524867,0.00012096370462443173
C,2024-01-24,2024-01-24 09:56:00,0.0001877934272300763,0.0001877934272300763,0.00010994585629137923
C,2024-01-24,2024-01-24 09:57:00,0.00018775816748006768,0.00018775816748006768,0.00011273628356798385
C,2024-01-24,2024-01-24 09:58:00,-9.386146048429023e-05,-9.386146048429023e-05,-9.396275765751993e-06
C,2024-01-24,2024-01-24 09:59:00,-0.00028161081385524867,-0.00028161081385524867,0.00012286834051857361
C,2024-01-24,2024-01-24 10:00:00,-0.0003755868544600416,-0.0003755868544600416,-5.86287440897853e-06
C,2024-01-24,2024-01-24 10:01:00,-0.0006575239526583898,-0.0006575239526583898,9.631316877088431e-05
C,2024-01-24,2024-01-24 10:02:00,9.399379640950833e-05,9.399379640950833e-05,0.00013031956657204557
C,2024-01-24,2024-01-24 10:03:00,-0.0004699248120302313,-0.0004699248120302313,7.89144361685317e-05
C,2024-01-24,2024-01-24 10:04:00,0.0,0.0,0.00013996571628296635
C,2024-01-24,2024-01-24 10:05:00,0.0003761165961448931,0.0003761165961448931,-5.893458951538427e-06
C,2024-01-24,2024-01-24 10:06:00,0.0005639627784566059,0.0005639627784566059,5.541761794973414e-05
C,2024-01-24,2024-01-24 10:07:00,0.0006575857209960567,0.0006575857209960567,5.233145202583247e-06
C,2024-01-24,2024-01-24 10:08:00,-0.0003755163349608015,-0.0003755163349608015,-9.54967701111721e-05
C,2024-01-24,2024-01-24 10:09:00,-0.0014087152516903956,-0.0014087152516903956,2.7020114563599346e-06
C,2024-01-24,2024-01-24 10:10:00,9.404683532410196e-05,9.404683532410196e-05,0.00031510961109239586
C,2024-01-24,2024-01-24 10:11:00,0.0004701899567425283,0.0004701899567425283,-2.7653665537834405e-05
C,2024-01-24,2024-01-24 10:12:00,0.0008459441676849089,0.0008459441676849089,-3.142172887364556e-05
C,2024-01-24,2024-01-24 10:13:00,-0.00046957175056328015,-0.00046957175056328015,-0.0002264112066123024
C,2024-01-24,2024-01-24 10:14:00,0.0,0.0,3.300044316475513e-05
C,2024-01-24,2024-01-24 10:15:00,-0.0006577092924927586,-0.0006577092924927586,-9.940950541856951e-05
C,2024-01-24,2024-01-24 10:16:00,-0.000188040616773133,-0.000188040616773133,8.094754094314874e-05
C,2024-01-24,2024-01-24 10:17:00,-0.0002821139740455392,-0.0002821139740455392,8.5789189486067e-05
C,2024-01-24,2024-01-24 10:18:00,-0.0007525162261312612,-0.0007525162261312612,6.010680337602959e-05
C,2024-01-24,2024-01-24 10:19:00,-0.0005648121999434208,-0.0005648121999434208,0.0002163566166006793
C,2024-01-24,2024-01-24 10:20:00,-0.0005651313930489232,-0.0005651313930489232,0.00019884761840268669
C,2024-01-24,2024-01-24 10:21:00,-0.0007539345961737887,-0.0007539345961737887,0.00014886911731159115
C,2024-01-24,2024-01-24 10:22:00,9.431293030259802e-05,9.431293030259802e-05,0.0001947572312290722
C,2024-01-24,2024-01-24 10:23:00,-0.0002829121086382891,-0.0002829121086382891,7.986847203252154e-05
C,2024-01-24,2024-01-24 10:24:00,0.0008489765116499459,0.0008489765116499459,0.00010455194105342924
C,2024-01-24,2024-01-24 10:25:00,-0.00018850141376058893,-0.00018850141376058893,-0.00014296641976945082
C,2024-01-24,2024-01-24 10:26:00,0.0002828054298642524,0.0002828054298642524,-6.64103808089123e-05
C,2024-01-24,2024-01-24 10:27:00,0.0009424182452173469,0.0009424182452173469,-3.574032018666803e-05
C,2024-01-24,2024-01-24 10:28:00,-0.0009415309292910568,-0.0009415309292910568,-0.00023852117622768457
C,2024-01-24,2024-01-24 10:29:00,0.00018848364904333614,0.00018848364904333614,0.00012124456799126873
C,2024-01-24,2024-01-24 10:30:00,0.0002826721944784172,0.0002826721944784172,-1.4664487586152037e-05
C,2024-01-24,2024-01-24 10:31:00,0.0008477769404673374,0.0008477769404673374,-6.055333893891447e-05
C,2024-01-24,2024-01-24 10:32:00,-0.0001882352941176002,-0.0001882352941176002,-0.00024533138069726386
C,2024-01-24,2024-01-24 10:33:00,0.0001882707333145106,0.0001882707333145106,-5.115539465308932e-06
C,2024-01-24,2024-01-24 10:34:00,0.0005647058823530227,0.0005647058823530227,-0.00014536290184921668
C,2024-01-24,2024-01-24 10:35:00,0.0017872260370614956,0.0017872260370614956,-0.00011083941133144521
C,2024-01-24,2024-01-24 10:36:00,0.0021596244131456555,0.0021596244131456555,-0.000398256287623635
C,2024-01-24,2024-01-24 10:37:00,-0.0024360535931791105,-0.0024360535931791105,-0.0007697771937729014
C,2024-01-24,2024-01-24 10:38:00,0.0005635390250775529,0.0005635390250775529,0.0004234713546699143
C,2024-01-24,2024-01-24 10:39:00,0.0003754810851401835,0.0003754810851401835,-0.00010849905097734107
C,2024-01-24,2024-01-24 10:40:00,0.0005630102280191895,0.0005630102280191895,-0.00018032091550364935
C,2024-01-24,2024-01-24 10:41:00,0.00028134671293256197,0.00028134671293256197,-0.00021286772092306573
C,2024-01-24,2024-01-24 10:42:00,0.0,0.0,-0.00011901483194004265
C,2024-01-24,2024-01-24 10:43:00,0.0010313144571536537,0.0010313144571536537,-7.927667242328022e-05
C,2024-01-24,2024-01-24 10:44:00,-0.0003746370703382462,-0.0003746370703382462,-0.0001981671333452888
C,2024-01-24,2024-01-24 10:45:00,0.0002810831069053332,0.0002810831069053332,1.2576358479437074e-05
C,2024-01-24,2024-01-24 10:46:00,-0.00018733608092902365,-0.00018733608092902365,-6.955680534687813e-05
C,2024-01-24,2024-01-24 10:47:00,9.368559115596753e-05,9.368559115596753e-05,-7.95689186722603e-05
C,2024-01-24,2024-01-24 10:48:00,0.0002810304449649692,0.0002810304449649692,-3.3536845042529054e-05
C,2024-01-24,2024-01-24 10:49:00,-0.0009365049634763034,-0.0009365049634763034,3.7340602476283797e-06
C,2024-01-24,2024-01-24 10:50:00,0.00028121484814391806,0.00028121484814391806,0.000115901852390746
C,2024-01-24,2024-01-24 10:51:00,0.000655983506700375,0.000655983506700375,-0.0001019726233311416
C,2024-01-24,2024-01-24 10:52:00,0.0006555534744332459,0.0006555534744332459,-0.00015612022306263918
C,2024-01-24,2024-01-24 10:53:00,0.00018717828731884545,0.00018717828731884545,-0.00011676223887515489
C,2024-01-24,2024-01-24 10:54:00,0.00065500140357444,0.00065500140357444,-7.8519094370166e-05
C,2024-01-24,2024-01-24 10:55:00,-0.00046755189826064303,-0.00046755189826064303,-0.0001474734975998061
C,2024-01-24,2024-01-24 10:56:00,-0.0004677706052951258,-0.0004677706052951258,-4.101188025423719e-06
C,2024-01-24,2024-01-24 10:57:00,-0.0004679895170349724,-0.0004679895170349724,5.899678247889582e-06
C,2024-01-24,2024-01-24 10:58:00,0.00018728345350704778,0.00018728345350704778,5.9782588271804124e-05
C,2024-01-24,2024-01-24 10:59:00,0.0011234903098962246,0.0011234903098962246,3.795539896782041e-05
C,2024-01-24,2024-01-24 11:00:00,0.0,0.0,-0.00018729559824068873
C,2024-01-24,2024-01-24 11:01:00,0.0001870382493218692,0.0001870382493218692,-4.4681310085982216e-05
C,2024-01-24,2024-01-24 11:02:00,-0.0009350163627864783,-0.0009350163627864783,9.4641511257324e-05
C,2024-01-24,2024-01-24 11:03:00,0.00018717828731884545,0.00018717828731884545,0.0001403716939079525
C,2024-01-24,2024-01-24 11:04:00,0.0,0.0,0.0001009541606826575
C,2024-01-24,2024-01-24 11:05:00,0.00037428651632809284,0.00037428651632809284,-4.242496440493913e-05
C,2024-01-24,2024-01-24 11:06:00,-0.0001870732391731078,-0.0001870732391731078,-2.2628192696517794e-05
C,2024-01-24,2024-01-24 11:07:00,0.0007484329684721569,0.0007484329684721569,5.571004601624487e-05
C,2024-01-24,2024-01-24 11:08:00,-0.0003739366177432091,-0.0003739366177432091,-0.0001277658370094643
C,2024-01-24,2024-01-24 11:09:00,-0.0002805573739830258,-0.0002805573739830258,5.888885880146271e-06
C,2024-01-24,2024-01-24 11:10:00,0.00046772684752083293,0.00046772684752083293,-1.981060837077408e-05
C,2024-01-24,2024-01-24 11:11:00,-0.0007480130902289828,-0.0007480130902289828,-9.029084671140348e-05
C,2024-01-24,2024-01-24 11:12:00,0.002339290727051635,0.002339290727051635,0.0001635242331335911
C,2024-01-24,2024-01-24 11:13:00,-0.0015870052277821012,-0.0015870052277821012,-0.000523870524891912
C,2024-01-24,2024-01-24 11:14:00,-0.0005610098176718203,-0.0005610098176718203,0.00023776633755966938
C,2024-01-24,2024-01-24 11:15:00,0.0005613247263542842,0.0005613247263542842,0.00010556377443597449
C,2024-01-24,2024-01-24 11:16:00,0.0008415147265077305,0.0008415147265077305,-7.611955318038866e-05
C,2024-01-24,2024-01-24 11:17:00,0.001961883408071907,0.001961883408071907,-0.00016933617304183763
C,2024-01-24,2024-01-24 11:18:00,-0.00037296037296030704,-0.00037296037296030704,-0.0004532760601232762
C,2024-01-24,2024-01-24 11:19:00,-0.00018654976214915742,-0.00018654976214915742,-1.197297851618979e-05
C,2024-01-24,2024-01-24 11:20:00,9.329228472809703e-05,9.329228472809703e-05,-5.628873461940817e-06
C,2024-01-24,2024-01-24 11:21:00,0.0,0.0,-0.00013819973354400227
C,2024-01-24,2024-01-24 11:22:00,-0.0005597014925373678,-0.0005597014925373678,-0.00014025692433362633
C,2024-01-24,2024-01-24 11:23:00,-0.00046667911144293583,-0.00046667911144293583,1.0943792543783676e-05
C,2024-01-24,2024-01-24 11:24:00,0.0,0.0,-5.611392729172576e-05
C,2024-01-24,2024-01-24 11:25:00,-0.0005602764030254725,-0.0005602764030254725,3.4950984323628556e-05
C,2024-01-24,2024-01-24 11:26:00,0.0011211809772961878,0.0011211809772961878,4.860117161514458e-05
C,2024-01-24,2024-01-24 11:27:00,-0.00037330844610361513,-0.00037330844610361513,-0.0002036856815962218
C,2024-01-24,2024-01-24 11:28:00,-0.0001867239286714728,-0.0001867239286714728,-0.00010775776393895957
C,2024-01-24,2024-01-24 11:29:00,9.337940050424542e-05,9.337940050424542e-05,2.062795049646342e-05
C,2024-01-24,2024-01-24 11:30:00,0.0002801120448179262,0.0002801120448179262,2.5360748011427803e-05
C,2024-01-24,2024-01-24 11:31:00,-0.00028003360403250355,-0.00028003360403250355,2.2196840796362684e-05
C,2024-01-24,2024-01-24 11:32:00,-9.337068160586437e-05,-9.337068160586437e-05,-2.9728070637159164e-05
C,2024-01-24,2024-01-24 11:33:00,0.0,0.0,3.3150005427451436e-05
C,2024-01-24,2024-01-24 11:34:00,0.0016808292090766397,0.0016808292090766397,3.46109514357274e-05
C,2024-01-24,2024-01-24 11:35:00,-0.0007457816724155686,-0.0007457816724155686,-0.00039999896185338507
C,2024-01-24,2024-01-24 11:36:00,0.0012127997014645953,0.0012127997014645953,-1.5821500465189486e-05
C,2024-01-24,2024-01-24 11:37:00,-0.000559075661572872,-0.000559075661572872,-0.0002581464311143204
C,2024-01-24,2024-01-24 11:38:00,-0.0002796942010069303,-0.0002796942010069303,-6.155560280455893e-05
C,2024-01-24,2024-01-24 11:39:00,-0.00046628741956522557,-0.00046628741956522557,8.190324043179016e-05
C,2024-01-24,2024-01-24 11:40:00,-0.00046650494495248385,-0.00046650494495248385,0.00011865509146195123
C,2024-01-24,2024-01-24 11:41:00,0.0007467562774201575,0.0007467562774201575,0.0001264985002796737
C,2024-01-24,2024-01-24 11:42:00,-0.00018654976214915742,-0.00018654976214915742,-1.4521255162936938e-05
C,2024-01-24,2024-01-24 11:43:00,-0.0005597537083683601,-0.0005597537083683601,-2.6339108238341256e-05
C,2024-01-24,2024-01-24 11:44:00,0.00028003360403250355,0.00028003360403250355,0.0001282878974045474
C,2024-01-24,2024-01-24 11:45:00,0.00027995520716683764,0.00027995520716683764,-6.34280524901925e-05
C,2024-01-24,2024-01-24 11:46:00,-0.00027987685418418007,-0.00027987685418418007,9.862399421504848e-06
C,2024-01-24,2024-01-24 11:47:00,-0.0005599104143336753,-0.0005599104143336753,-0.00011471494182905851
C,2024-01-24,2024-01-24 11:48:00,0.0,0.0,9.027479328906986e-05
C,2024-01-24,2024-01-24 11:49:00,0.0006535947712418277,0.0006535947712418277,-2.9794897251901066e-05
C,2024-01-24,2024-01-24 11:50:00,-0.0003732387795092329,-0.0003732387795092329,-0.00017651632187888996
C,2024-01-24,2024-01-24 11:51:00,0.0001866890693551504,0.0001866890693551504,-0.00013664268690335911
C,2024-01-24,2024-01-24 11:52:00,-0.00018665422305186308,-0.00018665422305186308,1.4481005659533225e-05
C,2024-01-24,2024-01-24 11:53:00,-0.00018668906935492835,-0.00018668906935492835,-5.562110828210992e-06
C,2024-01-24,2024-01-24 11:54:00,-9.33619643357364e-05,-9.33619643357364e-05,-1.4463478058591386e-05
C,2024-01-24,2024-01-24 11:55:00,0.0,0.0,-5.6555989250604274e-05
C,2024-01-24,2024-01-24 11:56:00,0.0008403361344537785,0.0008403361344537785,3.697560436983344e-05
C,2024-01-24,2024-01-24 11:57:00,-0.00027987685418418007,-0.00027987685418418007,-0.0002512879393637953
C,2024-01-24,2024-01-24 11:58:00,-0.00018663680477781774,-0.00018663680477781774,-9.773985676004158e-05
C,2024-01-24,2024-01-24 11:59:00,-0.00046667911144293583,-0.00046667911144293583,-7.539345008011192e-05
C,2024-01-24,2024-01-24 12:00:00,0.0003735176020169817,0.0003735176020169817,-1.4211132225076137e-05
C,2024-01-24,2024-01-24 12:01:00,-0.0008401008120975106,-0.0008401008120975106,-3.211344560211094e-05
C,2024-01-24,2024-01-24 12:02:00,-0.00046711509715979815,-0.00046711509715979815,0.00016124596152019232
C,2024-01-24,2024-01-24 12:03:00,-9.34666791290173e-05,-9.34666791290173e-05,0.00011652074390577704
C,2024-01-24,2024-01-24 12:04:00,-0.0005608524957935179,-0.0005608524957935179,8.323813426889592e-05
C,2024-01-24,2024-01-24 12:05:00,-9.352787130567641e-05,-9.352787130567641e-05,7.681828525039004e-05
C,2024-01-24,2024-01-24 12:06:00,0.00018707323917332985,0.00018707323917332985,1.0929540415436727e-05
C,2024-01-24,2024-01-24 12:07:00,0.0001870382493218692,0.0001870382493218692,7.248627525400444e-05
C,2024-01-24,2024-01-24 12:08:00,0.00037400654511476894,0.00037400654511476894,-9.912454169721388e-05
C,2024-01-24,2024-01-24 12:09:00,9.346667912879525e-05,9.346667912879525e-05,-0.0001235986587133894
C,2024-01-24,2024-01-24 12:10:00,9.345794392512374e-05,9.345794392512374e-05,9.80939674183421e-05
C,2024-01-24,2024-01-24 12:11:00,0.0,0.0,5.224258737259513e-07
C,2024-01-24,2024-01-24 12:12:00,-0.0005606952621250993,-0.0005606952621250993,-6.158380801055274e-05
C,2024-01-24,2024-01-24 12:13:00,0.0005610098176718203,0.0005610098176718203,2.6647947862783865e-05
C,2024-01-24,2024-01-24 12:14:00,-0.0001868984207081814,-0.0001868984207081814,-3.38330819037279e-06
C,2024-01-24,2024-01-24 12:15:00,-0.00018693335825792357,-0.00018693335825792357,-5.394639461407369e-05
C,2024-01-24,2024-01-24 12:16:00,-0.00018696830887177107,-0.00018696830887177107,3.571770852331682e-06
C,2024-01-24,2024-01-24 12:17:00,-0.0003740065451144359,-0.0003740065451144359,-4.4268363368471783e-05
C,2024-01-24,2024-01-24 12:18:00,-0.0002806098587596617,-0.0002806098587596617,-6.092480234917528e-05
C,2024-01-24,2024-01-24 12:19:00,-0.00046781437125742453,-0.00046781437125742453,-8.605450166371473e-07
C,2024-01-24,2024-01-24 12:20:00,0.0,0.0,4.834094370635029e-05
C,2024-01-24,2024-01-24 12:21:00,0.0002808199943835632,0.0002808199943835632,4.327476397729858e-05
C,2024-01-24,2024-01-24 12:22:00,9.358038555129511e-05,9.358038555129511e-05,2.8183718991318886e-05
C,2024-01-24,2024-01-24 12:23:00,0.0004678581454102826,0.0004678581454102826,2.795005640998595e-05
C,2024-01-24,2024-01-24 12:24:00,-0.0005611672278339475,-0.0005611672278339475,1.4119233610172754e-05
C,2024-01-24,2024-01-24 12:25:00,9.358038555129511e-05,9.358038555129511e-05,0.0002817236938170861
C,2024-01-24,2024-01-24 12:26:00,-0.0003742865163283149,-0.0003742865163283149,-1.3244746610971414e-05
C,2024-01-24,2024-01-24 12:27:00,-0.0006552466535617585,-0.0006552466535617585,5.6041319314705896e-05
C,2024-01-24,2024-01-24 12:28:00,0.0006556762832521379,0.0006556762832521379,0.00012885787401178159
C,2024-01-24,2024-01-24 12:29:00,-0.00046803332397260533,-0.00046803332397260533,3.052317447594668e-05
C,2024-01-24,2024-01-24 12:30:00,-0.0006555534744333569,-0.0006555534744333569,-6.4433577379918175e-06
C,2024-01-24,2024-01-24 12:31:00,-0.000655983506700486,-0.000655983506700486,0.0001455522930175169
C,2024-01-24,2024-01-24 12:32:00,9.377344336081173e-05,9.377344336081173e-05,9.781280963763865e-05
C,2024-01-24,2024-01-24 12:33:00,0.0007501172058133054,0.0007501172058133054,9.316855913890277e-05
C,2024-01-24,2024-01-24 12:34:00,-0.0001873887379367778,-0.0001873887379367778,-8.974643740453316e-05
C,2024-01-24,2024-01-24 12:35:00,-0.00018742385905734515,-0.00018742385905734515,-2.299849175508911e-05
C,2024-01-24,2024-01-24 12:36:00,0.0003749179866903152,0.0003749179866903152,-8.516508707429927e-05
C,2024-01-24,2024-01-24 12:37:00,-0.0003747774758736666,-0.0003747774758736666,2.211257210153774e-06
C,2024-01-24,2024-01-24 12:38:00,0.0003749179866903152,0.0003749179866903152,0.00013227588447253867
C,2024-01-24,2024-01-24 12:39:00,-0.000936943689684222,-0.000936943689684222,-0.00012771795827374888
C,2024-01-24,2024-01-24 12:40:00,0.0006564756635094593,0.0006564756635094593,0.00017834483473783716
C,2024-01-24,2024-01-24 12:41:00,-9.372071227742307e-05,-9.372071227742307e-05,-0.0001411473701475884
C,2024-01-24,2024-01-24 12:42:00,0.0001874589933452686,0.0001874589933452686,-9.151740679726807e-05
C,2024-01-24,2024-01-24 12:43:00,-0.00018742385905734515,-0.00018742385905734515,5.530618213699231e-05
C,2024-01-24,2024-01-24 12:44:00,-0.0003749179866903152,-0.0003749179866903152,7.063220344616025e-05
C,2024-01-24,2024-01-24 12:45:00,0.0,0.0,3.2798290399508504e-05
C,2024-01-24,2024-01-24 12:46:00,0.0005625879043600346,0.0005625879043600346,6.417173049385146e-05
C,2024-01-24,2024-01-24 12:47:00,-0.00018742385905734515,-0.00018742385905734515,4.432360299768809e-05
C,2024-01-24,2024-01-24 12:48:00,0.0003749179866903152,0.0003749179866903152,7.373721697237972e-05
C,2024-01-24,2024-01-24 12:49:00,9.369436896866645e-05,9.369436896866645e-05,7.818356964413786e-05
C,2024-01-24,2024-01-24 12:50:00,-9.36855911563006e-05,-9.36855911563006e-05,-2.4266399919944906e-05
C,2024-01-24,2024-01-24 12:51:00,0.00018738873793688882,0.00018738873793688882,1.550761296501451e-05
C,2024-01-24,2024-01-24 12:52:00,0.0002810304449649692,0.0002810304449649692,6.7656176102250586e-06
C,2024-01-24,2024-01-24 12:53:00,-0.00037460198539041034,-0.00037460198539041034,-1.3299576742092478e-05
C,2024-01-24,2024-01-24 12:54:00,0.0002810567734683467,0.0002810567734683467,2.046256497361763e-05
C,2024-01-24,2024-01-24 12:55:00,0.0,0.0,-3.075335111477036e-05
C,2024-01-24,2024-01-24 12:56:00,0.000468296337922558,0.000468296337922558,1.578999960659059e-05
C,2024-01-24,2024-01-24 12:57:00,9.361542782260202e-05,9.361542782260202e-05,-3.252769063948458e-05
C,2024-01-24,2024-01-24 12:58:00,0.0007488533183561685,0.0007488533183561685,0.0001285479308957987
C,2024-01-24,2024-01-24 12:59:00,9.353661958666493e-05,9.353661958666493e-05,-0.00011211305444355537
C,2024-01-24,2024-01-24 13:00:00,-0.009352787130564866,-0.0035327054446708393,-8.15478359396578e-05
C,2024-01-24,2024-01-24 13:01:00,0.008685800604229632,0.0032316783316532283,0.0009075213093416617
C,2024-01-24,2024-01-24 13:02:00,-0.0003743916136279557,-0.0003743916136279557,-0.0006425755433895904
C,2024-01-24,2024-01-24 13:03:00,0.0007490636704119424,0.0007490636704119424,5.809970939568128e-05
C,2024-01-24,2024-01-24 13:04:00,-0.0008420658682635196,-0.0008420658682635196,-0.00010337286239546141
C,2024-01-24,2024-01-24 13:05:00,0.00018728345350704778,0.00018728345350704778,0.00029146029923553474
C,2024-01-24,2024-01-24 13:06:00,-0.0005617451549481123,-0.0005617451549481123,-0.00013550657651393457
C,2024-01-24,2024-01-24 13:07:00,0.00037470725995314424,0.00037470725995314424,0.00013398447407082564
C,2024-01-24,2024-01-24 13:08:00,0.0004682086337672864,0.0004682086337672864,-4.995554198223947e-05
C,2024-01-24,2024-01-24 13:09:00,-9.359790340701668e-05,-9.359790340701668e-05,4.696097837404857e-05
C,2024-01-24,2024-01-24 13:10:00,9.360666479452107e-05,9.360666479452107e-05,-1.8196125902937982e-07
C,2024-01-24,2024-01-24 13:11:00,9.359790340690566e-05,9.359790340690566e-05,-1.0209360322204125e-05
C,2024-01-24,2024-01-24 13:12:00,-0.0005615348619559812,-0.0005615348619559812,-1.1832222990782338e-05
C,2024-01-24,2024-01-24 13:13:00,-9.364172675330185e-05,-9.364172675330185e-05,0.00011893672759948637
C,2024-01-24,2024-01-24 13:14:00,0.0005619029780858931,0.0005619029780858931,0.00019956490393190866
C,2024-01-24,2024-01-24 13:15:00,-9.359790340701668e-05,-9.359790340701668e-05,-9.910043791839095e-05
C,2024-01-24,2024-01-24 13:16:00,-0.0002808199943835632,-0.0002808199943835632,0.00011868575083052612
C,2024-01-24,2024-01-24 13:17:00,-0.00037453183520608224,-0.00037453183520608224,7.472084185524676e-05
C,2024-01-24,2024-01-24 13:18:00,0.00028100412139386854,0.00028100412139386854,0.00010107564506436811
C,2024-01-24,2024-01-24 13:19:00,0.0003745669070138735,0.0003745669070138735,7.516721011144415e-05
C,2024-01-24,2024-01-24 13:20:00,-0.0003744266591781953,-0.0003744266591781953,5.896370597206537e-05
C,2024-01-24,2024-01-24 13:21:00,0.0,0.0,9.320268310190144e-05
C,2024-01-24,2024-01-24 13:22:00,0.0002809251802602386,0.0002809251802602386,1.3239317172559926e-05
C,2024-01-24,2024-01-24 13:23:00,0.00074892342258015,0.00074892342258015,2.3310847476089128e-06
C,2024-01-24,2024-01-24 13:24:00,-9.35453695042332e-05,-9.35453695042332e-05,-0.0001845833549744943
C,2024-01-24,2024-01-24 13:25:00,0.0,0.0,0.00012995171700456084
C,2024-01-24,2024-01-24 13:26:00,0.00037421648423618947,0.00037421648423618947,-5.102735614492107e-06
C,2024-01-24,2024-01-24 13:27:00,-0.00018703824932209123,-0.00018703824932209123,2.103201056568657e-05
C,2024-01-24,2024-01-24 13:28:00,9.353661958666493e-05,9.353661958666493e-05,9.28345040101245e-06
C,2024-01-24,2024-01-24 13:29:00,-0.00046763935652827104,-0.00046763935652827104,6.211138457603228e-05
C,2024-01-24,2024-01-24 13:30:00,-0.00018714325816426847,-0.00018714325816426847,0.0001256605598876281
C,2024-01-24,2024-01-24 13:31:00,-0.0003743565746372468,-0.0003743565746372468,5.457796060499913e-05
C,2024-01-24,2024-01-24 13:32:00,-0.0001872483849827411,-0.0001872483849827411,6.868685715761515e-05
C,2024-01-24,2024-01-24 13:33:00,0.00018728345350704778,0.00018728345350704778,1.7324127731873722e-05
C,2024-01-24,2024-01-24 13:34:00,-0.0001872483849827411,-0.0001872483849827411,8.566876526211428e-05
C,2024-01-24,2024-01-24 13:35:00,0.0,0.0,6.787589151453854e-05
C,2024-01-24,2024-01-24 13:36:00,0.0,0.0,0.00013961279404391233
C,2024-01-24,2024-01-24 13:37:00,-0.0003745669070136515,-0.0003745669070136515,0.00014789939882829637
C,2024-01-24,2024-01-24 13:38:00,9.367681498817504e-05,9.367681498817504e-05,2.6116221321587886e-05
C,2024-01-24,2024-01-24 13:39:00,0.00046834020232311424,0.00046834020232311424,-3.5056442201510745e-06
C,2024-01-24,2024-01-24 13:40:00,0.00037449676996526016,0.00037449676996526016,-6.333121843228426e-05
C,2024-01-24,2024-01-24 13:41:00,0.0,0.0,-1.6268874354349845e-05
C,2024-01-24,2024-01-24 13:42:00,-0.0001871782873186234,-0.0001871782873186234,2.4073471151500508e-06
C,2024-01-24,2024-01-24 13:43:00,-0.00018721332958904213,-0.00018721332958904213,6.887418354243181e-05
C,2024-01-24,2024-01-24 13:44:00,-0.0001872483849827411,-0.0001872483849827411,7.802449977885259e-06
C,2024-01-24,2024-01-24 13:45:00,0.0004682086337672864,0.0004682086337672864,-1.507615865703102e-06
C,2024-01-24,2024-01-24 13:46:00,9.359790340690566e-05,9.359790340690566e-05,5.911913470721766e-05
C,2024-01-24,2024-01-24 13:47:00,9.35891436593117e-05,9.35891436593117e-05,5.6316768465281285e-05
C,2024-01-24,2024-01-24 13:48:00,-0.0013101253977166882,-0.0013101253977166882,-2.924998687858006e-05
C,2024-01-24,2024-01-24 13:49:00,0.00065592203898035,0.00065592203898035,0.0002259967198678475
C,2024-01-24,2024-01-24 13:50:00,0.0,0.0,-2.1812403273702295e-05
C,2024-01-24,2024-01-24 13:51:00,9.364172675341287e-05,9.364172675341287e-05,0.00014091284811221295
C,2024-01-24,2024-01-24 13:52:00,9.36329588014928e-05,9.36329588014928e-05,9.34916394988733e-05
C,2024-01-24,2024-01-24 13:53:00,-9.362419249137055e-05,-9.362419249137055e-05,0.00011434970236791707
C,2024-01-24,2024-01-24 13:54:00,-0.000468164794007464,-0.000468164794007464,8.254352281828092e-05
C,2024-01-24,2024-01-24 13:55:00,0.0005620608899297164,0.0005620608899297164,2.9399066372654237e-05
C,2024-01-24,2024-01-24 13:56:00,0.0,0.0,2.239514252835577e-05
C,2024-01-24,2024-01-24 13:57:00,0.0,0.0,-1.4695302636087923e-05
C,2024-01-24,2024-01-24 13:58:00,9.36241924911485e-05,9.36241924911485e-05,-4.292553100727404e-05
C,2024-01-24,2024-01-24 13:59:00,9.361542782260202e-05,9.361542782260202e-05,3.316642190328918e-05
C,2024-01-24,2024-01-24 14:00:00,-0.00046803332397260533,-0.00046803332397260533,-4.524745063645166e-06
C,2024-01-24,2024-01-24 14:01:00,-0.00037460198539041034,-0.00037460198539041034,-3.509235326931104e-05
C,2024-01-24,2024-01-24 14:02:00,0.0002810567734683467,0.0002810567734683467,0.00015411354919446624
C,2024-01-24,2024-01-24 14:03:00,0.00018731853516884556,0.00018731853516884556,5.766172325594159e-05
C,2024-01-24,2024-01-24 14:04:00,0.000749133814027747,0.000749133814027747,-4.7114680960733476e-05
C,2024-01-24,2024-01-24 14:05:00,-9.357162908207872e-05,-9.357162908207872e-05,-4.908692045807901e-05
C,2024-01-24,2024-01-24 14:06:00,0.0005614823133071045,0.0005614823133071045,-0.00012277082422955832
C,2024-01-24,2024-01-24 14:07:00,-0.0002805836139168072,-0.0002805836139168072,-0.00014397123234052077
C,2024-01-24,2024-01-24 14:08:00,9.355412105915839e-05,9.355412105915839e-05,2.8954995970171463e-06
C,2024-01-24,2024-01-24 14:09:00,0.0005612722170251772,0.0005612722170251772,0.00015384289395123675
C,2024-01-24,2024-01-24 14:10:00,-0.0004674644727001853,-0.0004674644727001853,-0.000233147233941038
C,2024-01-24,2024-01-24 14:11:00,-0.0002806098587596617,-0.0002806098587596617,0.0001043856847977237
C,2024-01-24,2024-01-24 14:12:00,-0.00028068862275454354,-0.00028068862275454354,0.00012326696920176425
C,2024-01-24,2024-01-24 14:13:00,-0.0007487131492744936,-0.0007487131492744936,4.791187908326855e-05
C,2024-01-24,2024-01-24 14:14:00,-0.0013112297461834732,-0.0013112297461834732,0.0002237702012009945
C,2024-01-24,2024-01-24 14:15:00,0.0005626934258651239,0.0005626934258651239,0.0003087242624116256
C,2024-01-24,2024-01-24 14:16:00,-0.0002811884900177919,-0.0002811884900177919,5.2377889139579146e-05
C,2024-01-24,2024-01-24 14:17:00,0.00037502343896500534,0.00037502343896500534,0.00017105696977081709
C,2024-01-24,2024-01-24 14:18:00,-0.0002811621368322692,-0.0002811621368322692,5.007467439790877e-05
C,2024-01-24,2024-01-24 14:19:00,-9.374707040410435e-05,-9.374707040410435e-05,4.521858468178206e-05
C,2024-01-24,2024-01-24 14:20:00,-0.001406337896118548,-0.001406337896118548,3.940146004888965e-05
C,2024-01-24,2024-01-24 14:21:00,0.00037555159140012506,0.00037555159140012506,0.0003017081393041276
C,2024-01-24,2024-01-24 14:22:00,-0.0005631159080243808,-0.0005631159080243808,4.740753627762815e-05
C,2024-01-24,2024-01-24 14:23:00,-0.0006573387172505996,-0.0006573387172505996,0.0001334375299844192
C,2024-01-24,2024-01-24 14:24:00,0.0004698364968991342,0.0004698364968991342,0.000253473695933669
C,2024-01-24,2024-01-24 14:25:00,0.00028176951253877647,0.00028176951253877647,4.939012850518761e-05
C,2024-01-24,2024-01-24 14:26:00,-0.000657276995305045,-0.000657276995305045,4.409573909838106e-05
C,2024-01-24,2024-01-24 14:27:00,-0.00046979235178057355,-0.00046979235178057355,0.00026572311079894217
C,2024-01-24,2024-01-24 14:28:00,9.400263207370863e-05,9.400263207370863e-05,0.0001425804074771991
C,2024-01-24,2024-01-24 14:29:00,0.0004699689820470976,0.0004699689820470976,3.865302571042711e-05
C,2024-01-24,2024-01-24 14:30:00,-0.0002818489289740933,-0.0002818489289740933,-0.0001079241710313428
C,2024-01-24,2024-01-24 14:31:00,0.00018795226012602306,0.00018795226012602306,7.239568493493265e-05
C,2024-01-24,2024-01-24 14:32:00,0.0,0.0,-8.83325313396072e-05
C,2024-01-24,2024-01-24 14:33:00,0.0,0.0,-2.968260021390584e-05
C,2024-01-24,2024-01-24 14:34:00,0.00037583388142437,0.00037583388142437,-6.444018624037466e-05
C,2024-01-24,2024-01-24 14:35:00,0.0004696158542312201,0.0004696158542312201,4.7425112388425925e-05
C,2024-01-24,2024-01-24 14:36:00,-0.0008449117536611928,-0.0008449117536611928,-0.00017487763181173876
C,2024-01-24,2024-01-24 14:37:00,-0.0009395847035611471,-0.0009395847035611471,0.00015963104422452373
C,2024-01-24,2024-01-24 14:38:00,0.0014107025298599751,0.0014107025298599751,0.00027454182029162136
C,2024-01-24,2024-01-24 14:39:00,-0.0004695717505635022,-0.0004695717505635022,-0.00010951865862205387
C,2024-01-24,2024-01-24 14:40:00,0.0004697923517804625,0.0004697923517804625,0.0001539169359911542
C,2024-01-24,2024-01-24 14:41:00,-0.0002817430503381235,-0.0002817430503381235,7.00525239333121e-05
C,2024-01-24,2024-01-24 14:42:00,0.0003757632691405721,0.0003757632691405721,0.00013211726633456685
C,2024-01-24,2024-01-24 14:43:00,9.390553103560961e-05,9.390553103560961e-05,7.294147116724359e-05
C,2024-01-24,2024-01-24 14:44:00,0.00037558685445993056,0.00037558685445993056,0.00011069329914204704
C,2024-01-24,2024-01-24 14:45:00,0.0,0.0,4.103777628523927e-05
C,2024-01-24,2024-01-24 14:46:00,0.0004693073024217842,0.0004693073024217842,4.9066322503887515e-05
C,2024-01-24,2024-01-24 14:47:00,-0.0002814522938362485,-0.0002814522938362485,-3.582970270186138e-05
C,2024-01-24,2024-01-24 14:48:00,-0.00028153153153154253,-0.00028153153153154253,-1.4945138446541139e-05
C,2024-01-24,2024-01-24 14:49:00,-0.0001877405425703138,-0.0001877405425703138,2.5188222704043595e-05
C,2024-01-24,2024-01-24 14:50:00,-0.00018777579569972946,-0.00018777579569972946,4.45321992837431e-05
C,2024-01-24,2024-01-24 14:51:00,-0.00037562212414332663,-0.00037562212414332663,2.918572743074517e-06
C,2024-01-24,2024-01-24 14:52:00,0.00018788163457039708,0.00018788163457039708,0.0001629286180428276
C,2024-01-24,2024-01-24 14:53:00,0.00028176951253877647,0.00028176951253877647,9.374938967650282e-05
C,2024-01-24,2024-01-24 14:54:00,-0.00028169014084511446,-0.00028169014084511446,9.502368270948995e-05
C,2024-01-24,2024-01-24 14:55:00,9.392317084611079e-05,9.392317084611079e-05,5.8517662446196573e-05
C,2024-01-24,2024-01-24 14:56:00,-0.0002817430503381235,-0.0002817430503381235,8.833909183670752e-05
C,2024-01-24,2024-01-24 14:57:00,0.0003757632691405721,0.0003757632691405721,0.0001506293167321585
C,2024-01-24,2024-01-24 14:58:00,-0.00018781106207166332,-0.00018781106207166332,5.385846090943651e-05
C,2024-01-24,2024-01-24 14:59:00,0.00018784634169266567,0.00018784634169266567,0.00016962382383411398
C,2024-01-24,2024-01-24 15:00:00,0.00018781106207144127,0.00018781106207144127,9.764415182539254e-05
C,2024-01-24,2024-01-24 15:01:00,-0.00018777579569972946,-0.00018777579569972946,7.756475528058514e-05
C,2024-01-24,2024-01-24 15:02:00,0.0,0.0,0.00017765100324826827
C,2024-01-24,2024-01-24 15:03:00,9.390553103560961e-05,9.390553103560961e-05,0.00010792132424960712
C,2024-01-24,2024-01-24 15:04:00,0.0001877934272300763,0.0001877934272300763,2.804872073482742e-05
C,2024-01-24,2024-01-24 15:05:00,-0.0002816372512204346,-0.0002816372512204346,8.238462177919911e-05
C,2024-01-24,2024-01-24 15:06:00,0.00018781106207144127,0.00018781106207144127,8.869340792438004e-05
C,2024-01-24,2024-01-24 15:07:00,-0.000375551591399792,-0.000375551591399792,5.102544104638311e-05
C,2024-01-24,2024-01-24 15:08:00,-0.00018784634169255465,-0.00018784634169255465,-4.3733399867004786e-05
C,2024-01-24,2024-01-24 15:09:00,-0.0005636449037105251,-0.0005636449037105251,-3.612027816851694e-05
C,2024-01-24,2024-01-24 15:10:00,-0.0005639627784566059,-0.0005639627784566059,0.00011222322705574714
C,2024-01-24,2024-01-24 15:11:00,-0.0002821405059719728,-0.0002821405059719728,0.00014629016235391805
C,2024-01-24,2024-01-24 15:12:00,-0.00018814675446843232,-0.00018814675446843232,9.987980447271487e-05
C,2024-01-24,2024-01-24 15:13:00,-0.0005645464809935774,-0.0005645464809935774,9.763176339137247e-05
C,2024-01-24,2024-01-24 15:14:00,-0.0005648653737526654,-0.0005648653737526654,0.00023679177117871727
C,2024-01-24,2024-01-24 15:15:00,0.00037678975131871795,0.00037678975131871795,0.00025830907116648305
C,2024-01-24,2024-01-24 15:16:00,0.0,0.0,-1.9054200658552604e-05
C,2024-01-24,2024-01-24 15:17:00,-0.0012241054613937319,-0.0012241054613937319,-4.962686107538985e-06
C,2024-01-24,2024-01-24 15:18:00,0.0007542189120393061,0.0007542189120393061,0.00028063374683821336
C,2024-01-24,2024-01-24 15:19:00,0.0,0.0,-5.621972437602681e-05
C,2024-01-24,2024-01-24 15:20:00,9.420631182277539e-05,9.420631182277539e-05,-1.803178219393766e-05
C,2024-01-24,2024-01-24 15:21:00,-0.00028259231348903846,-0.00028259231348903846,5.649616855012953e-05
C,2024-01-24,2024-01-24 15:22:00,0.00047112032413099136,0.00047112032413099136,4.32666020533499e-05
C,2024-01-24,2024-01-24 15:23:00,0.0002825390845733189,0.0002825390845733189,1.2109607079899784e-05
C,2024-01-24,2024-01-24 15:24:00,9.415309292903906e-05,9.415309292903906e-05,-4.862431456619808e-05
C,2024-01-24,2024-01-24 15:25:00,-0.00047072114479385085,-0.00047072114479385085,1.302596572742466e-05
C,2024-01-24,2024-01-24 15:26:00,-9.418856550824639e-05,-9.418856550824639e-05,5.15973984920906e-05
C,2024-01-24,2024-01-24 15:27:00,-0.00047098718914839743,-0.00047098718914839743,5.865772032494885e-05
C,2024-01-24,2024-01-24 15:28:00,0.00018848364904333614,0.00018848364904333614,1.9761516323077473e-05
C,2024-01-24,2024-01-24 15:29:00,0.0008480165834354736,0.0008480165834354736,6.227962167201917e-05
C,2024-01-24,2024-01-24 15:30:00,-0.0003765769158350363,-0.0003765769158350363,-8.467408384968961e-05
C,2024-01-24,2024-01-24 15:31:00,0.00047089847428893883,0.00047089847428893883,4.288691667483377e-05
C,2024-01-24,2024-01-24 15:32:00,-9.41353666572553e-05,-9.41353666572553e-05,1.3940249376859302e-05
C,2024-01-24,2024-01-24 15:33:00,-9.414422895870356e-05,-9.414422895870356e-05,0.00010465686298571941
C,2024-01-24,2024-01-24 15:34:00,0.0,0.0,-8.897415901278912e-05
C,2024-01-24,2024-01-24 15:35:00,0.0,0.0,1.5481003513759223e-06
C,2024-01-24,2024-01-24 15:36:00,-0.0003766123717164893,-0.0003766123717164893,4.546858699334302e-05
C,2024-01-24,2024-01-24 15:37:00,0.000753508524065083,0.000753508524065083,8.442512401881512e-05
C,2024-01-24,2024-01-24 15:38:00,-9.411764705891112e-05,-9.411764705891112e-05,-2.4617377997887827e-05
C,2024-01-24,2024-01-24 15:39:00,9.412650602413919e-05,9.412650602413919e-05,-3.6210089658945355e-05
C,2024-01-24,2024-01-24 15:40:00,0.00018823529411782225,0.00018823529411782225,5.455305232186203e-05
C,2024-01-24,2024-01-24 15:41:00,0.0,0.0,4.516117528252429e-05
C,2024-01-24,2024-01-24 15:42:00,0.0009409993413003193,0.0009409993413003193,-7.648504316151396e-05
C,2024-01-24,2024-01-24 15:43:00,-0.0005640688163955909,-0.0005640688163955909,-0.00018608517010394274
C,2024-01-24,2024-01-24 15:44:00,0.0,0.0,8.102446498439756e-05
C,2024-01-24,2024-01-24 15:45:00,0.00018812905653264878,0.00018812905653264878,-5.440207962775065e-05
C,2024-01-24,2024-01-24 15:46:00,-0.0003761873412960748,-0.0003761873412960748,-2.2997691542193874e-05
C,2024-01-24,2024-01-24 15:47:00,0.00037632891146865965,0.00037632891146865965,0.0001113210857341121
C,2024-01-24,2024-01-24 15:48:00,-0.0003761873412960748,-0.0003761873412960748,4.186560687159926e-05
C,2024-01-24,2024-01-24 15:49:00,0.00028224668360143923,0.00028224668360143923,0.00011835717162796308
C,2024-01-24,2024-01-24 15:50:00,0.0006583897667420402,0.0006583897667420402,-2.206871602598695e-05
C,2024-01-24,2024-01-24 15:51:00,0.0011279255569132118,0.0011279255569132118,-5.942200329877309e-05
C,2024-01-24,2024-01-24 15:52:00,-0.0005633273870998545,-0.0005633273870998545,-0.00019431797646819474
C,2024-01-24,2024-01-24 15:53:00,0.00046970408642565964,0.00046970408642565964,4.5103283136843633e-05
C,2024-01-24,2024-01-24 15:54:00,-0.00028169014084511446,-0.00028169014084511446,-2.7071170629716647e-05
C,2024-01-24,2024-01-24 15:55:00,0.00018784634169266567,0.00018784634169266567,-1.9423663810101173e-05
C,2024-01-24,2024-01-24 15:56:00,-0.00018781106207166332,-0.00018781106207166332,9.029343656084917e-06
C,2024-01-24,2024-01-24 15:57:00,-0.00018784634169255465,-0.00018784634169255465,5.8975221552387524e-05
C,2024-01-24,2024-01-24 15:58:00,0.0009394081728510972,0.0009394081728510972,1.9067911181315525e-05
C,2024-01-25,2024-01-25 09:40:00,-0.000654511453950346,-0.000654511453950346,0.00024108671293552382
C,2024-01-25,2024-01-25 09:41:00,0.00018712574850310304,0.00018712574850310304,0.00027618563414408395
C,2024-01-25,2024-01-25 09:42:00,-0.0006548175865295214,-0.0006548175865295214,-3.766496806932615e-06
C,2024-01-25,2024-01-25 09:43:00,0.00046803332397260533,0.00046803332397260533,0.0002455851794473658
C,2024-01-25,2024-01-25 09:44:00,0.00037425149700598404,0.00037425149700598404,4.093247890732653e-05
C,2024-01-25,2024-01-25 09:45:00,-0.0001870557426112418,-0.0001870557426112418,7.418880667117122e-06
C,2024-01-25,2024-01-25 09:46:00,0.0005612722170251772,0.0005612722170251772,0.00015065437823458068
C,2024-01-25,2024-01-25 09:47:00,-9.34928945401925e-05,-9.34928945401925e-05,-5.147560360807316e-05
C,2024-01-25,2024-01-25 09:48:00,-9.35016362785257e-05,-9.35016362785257e-05,7.616371978758423e-05
C,2024-01-25,2024-01-25 09:49:00,0.0005610622779128605,0.0005610622779128605,0.00014872904284536601
C,2024-01-25,2024-01-25 09:50:00,-0.00018691588785058055,-0.00018691588785058055,1.3164142293977404e-05
C,2024-01-25,2024-01-25 09:51:00,0.00018695083193120965,0.00018695083193120965,6.643063126725258e-05
C,2024-01-25,2024-01-25 09:52:00,0.00018691588785046953,0.00018691588785046953,1.3914218749681537e-05
C,2024-01-25,2024-01-25 09:53:00,-0.0011212857409830246,-0.0011212857409830246,3.742270550870284e-05
C,2024-01-25,2024-01-25 09:54:00,0.001403180542563165,0.001403180542563165,0.00023947962147206718
C,2024-01-25,2024-01-25 09:55:00,0.0001868285847732576,0.0001868285847732576,-0.00027710951142905096
C,2024-01-25,2024-01-25 09:56:00,0.0014009526478004908,0.0014009526478004908,-0.00017907652672019845
C,2024-01-25,2024-01-25 09:57:00,-0.00018653236336496626,-0.00018653236336496626,-0.00033975230146157036
C,2024-01-25,2024-01-25 09:58:00,-0.0001865671641790856,-0.0001865671641790856,-0.00018503751312443764
C,2024-01-25,2024-01-25 09:59:00,-0.0012129128568764136,-0.0012129128568764136,-4.6422160185265684e-05
C,2024-01-25,2024-01-25 10:00:00,9.341429238673982e-05,9.341429238673982e-05,0.0002860618608836335
C,2024-01-25,2024-01-25 10:01:00,0.00046702783485885746,0.00046702783485885746,-2.633214655101278e-05
C,2024-01-25,2024-01-25 10:02:00,-0.0007468957146857802,-0.0007468957146857802,-6.26454249787203e-05
C,2024-01-25,2024-01-25 10:03:00,0.0012146127254040184,0.0012146127254040184,0.0001224288672323986
C,2024-01-25,2024-01-25 10:04:00,-0.00018663680477781774,-0.00018663680477781774,-0.00028151288565716543
C,2024-01-25,2024-01-25 10:05:00,0.00018667164457708552,0.00018667164457708552,-0.0001164323209927984
C,2024-01-25,2024-01-25 10:06:00,0.0007465472191117151,0.0007465472191117151,-0.0001315877850599361
C,2024-01-25,2024-01-25 10:07:00,0.0008392390898916968,0.0008392390898916968,-0.00016177304233325673
C,2024-01-25,2024-01-25 10:08:00,0.000559023572160644,0.000559023572160644,-0.0002573117643228499
C,2024-01-25,2024-01-25 10:09:00,0.00018623707980247595,0.00018623707980247595,-0.00024649281028145875
C,2024-01-25,2024-01-25 10:10:00,-0.00018620240201094873,-0.00018620240201094873,-5.399985445774039e-05
C,2024-01-25,2024-01-25 10:11:00,-0.00018623707980258697,-0.00018623707980258697,-4.518767884803524e-05
C,2024-01-25,2024-01-25 10:12:00,-0.0003725435410264488,-0.0003725435410264488,4.2404205946876275e-05
C,2024-01-25,2024-01-25 10:13:00,-0.00037268238144050336,-0.00037268238144050336,0.000101011413441315
C,2024-01-25,2024-01-25 10:14:00,0.00037282132537996837,0.00037282132537996837,0.00012987932264804569
C,2024-01-25,2024-01-25 10:15:00,0.0006521941675208254,0.0006521941675208254,-3.7713992771559266e-05
C,2024-01-25,2024-01-25 10:16:00,0.0004655493482308426,0.0004655493482308426,-0.00021883821419014615
C,2024-01-25,2024-01-25 10:17:00,-0.0009306654257793534,-0.0009306654257793534,-0.00021856602086138034
C,2024-01-25,2024-01-25 10:18:00,0.0006520726595249382,0.0006520726595249382,3.721040737216167e-05
C,2024-01-25,2024-01-25 10:19:00,-0.0005585552038727126,-0.0005585552038727126,-0.0002560833831350296
C,2024-01-25,2024-01-25 10:20:00,0.0005588673621461648,0.0005588673621461648,-4.9564006293973604e-05
C,2024-01-25,2024-01-25 10:21:00,0.0005585552038727126,0.0005585552038727126,-0.00024730948905844926
C,2024-01-25,2024-01-25 10:22:00,-9.304056568670838e-05,-9.304056568670838e-05,-0.00021813598103301
C,2024-01-25,2024-01-25 10:23:00,-0.0001860984460780868,-0.0001860984460780868,0.00013483286036782845
C,2024-01-25,2024-01-25 10:24:00,-0.00037226617031171916,-0.00037226617031171916,3.4450953378265145e-05
C,2024-01-25,2024-01-25 10:25:00,-0.0056791732613350465,-0.003557184373630076,2.8632176406336807e-05
C,2024-01-25,2024-01-25 10:26:00,0.005337078651685534,0.0033384330635093484,0.0010546220396711946
C,2024-01-25,2024-01-25 10:27:00,0.0,0.0,-0.0007967025061769856
C,2024-01-25,2024-01-25 10:28:00,0.0001862717705132244,0.0001862717705132244,-0.0002063723724921145
C,2024-01-25,2024-01-25 10:29:00,-0.00027935561970393596,-0.00027935561970393596,-1.142510872441648e-05
C,2024-01-25,2024-01-25 10:30:00,-0.0007451564828613311,-0.0007451564828613311,-0.00010383035633457956
C,2024-01-25,2024-01-25 10:31:00,-0.0002796420581655523,-0.0002796420581655523,-5.57797841325854e-05
C,2024-01-25,2024-01-25 10:32:00,-0.0007459207459207251,-0.0007459207459207251,9.841043354906286e-05
C,2024-01-25,2024-01-25 10:33:00,-0.0002799290846319247,-0.0002799290846319247,0.00011026899660302348
C,2024-01-25,2024-01-25 10:34:00,-0.00018667164457719654,-0.00018667164457719654,7.429967669590487e-05
C,2024-01-25,2024-01-25 10:35:00,-0.0002800597460791421,-0.0002800597460791421,4.170794897853599e-05
C,2024-01-25,2024-01-25 10:36:00,0.00018675880100849085,0.00018675880100849085,0.00013071609777590585
C,2024-01-25,2024-01-25 10:37:00,0.0,0.0,-1.4129133018301673e-05
C,2024-01-25,2024-01-25 10:38:00,-0.0005601717860143074,-0.0005601717860143074,-1.7267848689029893e-05
C,2024-01-25,2024-01-25 10:39:00,-0.0013078000934144685,-0.0013078000934144685,9.86197268584443e-05
C,2024-01-25,2024-01-25 10:40:00,0.0007482929566926533,0.0007482929566926533,0.00029283885806556605
C,2024-01-25,2024-01-25 10:41:00,0.0001869333582575905,0.0001869333582575905,-6.900442084675516e-05
C,2024-01-25,2024-01-25 10:42:00,0.0,0.0,-8.583875678039325e-05
C,2024-01-25,2024-01-25 10:43:00,0.00046724605177095313,0.00046724605177095313,4.8990038940212034e-05
C,2024-01-25,2024-01-25 10:44:00,-0.0004670278348590795,-0.0004670278348590795,-8.267423983643172e-05
C,2024-01-25,2024-01-25 10:45:00,0.0007475936828333918,0.0007475936828333918,5.877040435155486e-05
C,2024-01-25,2024-01-25 10:46:00,0.0003735176020169817,0.0003735176020169817,-4.2154542531203797e-05
C,2024-01-25,2024-01-25 10:47:00,-0.0009334453467748638,-0.0009334453467748638,-0.00011156043331535843
C,2024-01-25,2024-01-25 10:48:00,-0.0003737269924319886,-0.0003737269924319886,6.021327930710295e-05
C,2024-01-25,2024-01-25 10:49:00,0.0009346667912888407,0.0009346667912888407,0.00012896028381900827
C,2024-01-25,2024-01-25 10:50:00,-0.0011205528060510561,-0.0011205528060510561,-0.0002393829470201099
C,2024-01-25,2024-01-25 10:51:00,-0.0010283256987940748,-0.0010283256987940748,0.00015752069232030714
C,2024-01-25,2024-01-25 10:52:00,-0.001029384241063025,-0.001029384241063025,0.00020152751330043174
C,2024-01-25,2024-01-25 10:53:00,0.0007494145199062885,0.0007494145199062885,0.00029643270327070297
C,2024-01-25,2024-01-25 10:54:00,-0.00046803332397260533,-0.00046803332397260533,6.697559093191954e-05
C,2024-01-25,2024-01-25 10:55:00,0.00018730099269514966,0.00018730099269514966,0.00014947534093546957
C,2024-01-25,2024-01-25 10:56:00,-0.000936329588014928,-0.000936329588014928,0.00012611039488902095
C,2024-01-25,2024-01-25 10:57:00,0.0003748828491096923,0.0003748828491096923,0.00032164699771450794
C,2024-01-25,2024-01-25 10:58:00,-0.00028105677346823565,-0.00028105677346823565,-5.106711418579259e-05
C,2024-01-25,2024-01-25 10:59:00,0.0,0.0,-3.768990985080628e-05
C,2024-01-25,2024-01-25 11:00:00,-0.00046855964764325186,-0.00046855964764325186,-7.439547723715569e-05
C,2024-01-25,2024-01-25 11:01:00,0.00018751171948250267,0.00018751171948250267,3.878188802693546e-05
C,2024-01-25,2024-01-25 11:02:00,0.00028121484814391806,0.00028121484814391806,-5.738289633506201e-05
C,2024-01-25,2024-01-25 11:03:00,0.00028113578858568467,0.00028113578858568467,-0.00022317750156066496
C,2024-01-25,2024-01-25 11:04:00,2.220446049250313e-16,2.220446049250313e-16,-0.00013644114864524122
C,2024-01-25,2024-01-25 11:05:00,-9.36855911563006e-05,-9.36855911563006e-05,-5.743683145325955e-05
C,2024-01-25,2024-01-25 11:06:00,0.00018738873793688882,0.00018738873793688882,-7.451507772823322e-05
C,2024-01-25,2024-01-25 11:07:00,-0.0009367681498828606,-0.0009367681498828606,-9.80587681705693e-06
C,2024-01-25,2024-01-25 11:08:00,-9.376465072674645e-05,-9.376465072674645e-05,5.874127731669173e-05
C,2024-01-25,2024-01-25 11:09:00,0.0,0.0,7.802774197841101e-05
C,2024-01-25,2024-01-25 11:10:00,-0.0002813203300825462,-0.0002813203300825462,-1.7813507973263713e-05
C,2024-01-25,2024-01-25 11:11:00,9.379983116031276e-05,9.379983116031276e-05,4.9926465063343084e-05
C,2024-01-25,2024-01-25 11:12:00,-0.0005627462014631268,-0.0005627462014631268,6.0097101042100757e-05
C,2024-01-25,2024-01-25 11:13:00,0.0,0.0,0.00017037148740107962
C,2024-01-25,2024-01-25 11:14:00,0.0007507507507507061,0.0007507507507507061,0.00010907314547261092
C,2024-01-25,2024-01-25 11:15:00,9.377344336081173e-05,9.377344336081173e-05,-9.149513672157627e-05
C,2024-01-25,2024-01-25 11:16:00,9.376465072663542e-05,9.376465072663542e-05,-7.758157398289614e-05
C,2024-01-25,2024-01-25 11:17:00,-0.0003750234389648943,-0.0003750234389648943,-0.00010284083858521316
C,2024-01-25,2024-01-25 11:18:00,0.0,0.0,1.9981437191748495e-06
C,2024-01-25,2024-01-25 11:19:00,-0.0002813731007316189,-0.0002813731007316189,6.964408755440354e-06
C,2024-01-25,2024-01-25 11:20:00,0.00037526972511492396,0.00037526972511492396,9.986862491165251e-05
C,2024-01-25,2024-01-25 11:21:00,-0.00018756447528833764,-0.00018756447528833764,9.280763051106525e-05
C,2024-01-25,2024-01-25 11:22:00,0.0005627989869618766,0.0005627989869618766,-0.00012904085161810215
C,2024-01-25,2024-01-25 11:23:00,0.0,0.0,-6.21637574665069e-05
C,2024-01-25,2024-01-25 11:24:00,0.0,0.0,0.00011740051770568138
C,2024-01-25,2024-01-25 11:25:00,0.0,0.0,2.970104325601157e-05
C,2024-01-25,2024-01-25 11:26:00,0.0,0.0,3.826473967135907e-05
C,2024-01-25,2024-01-25 11:27:00,0.000562482422424182,0.000562482422424182,-7.100205456751692e-05
C,2024-01-25,2024-01-25 11:28:00,0.0007495549517475553,0.0007495549517475553,6.558865118439469e-05
C,2024-01-25,2024-01-25 11:29:00,-0.001029866117404743,-0.001029866117404743,-0.0002167861099738178
C,2024-01-25,2024-01-25 11:30:00,-9.372071227742307e-05,-9.372071227742307e-05,0.00012076874541540238
C,2024-01-25,2024-01-25 11:31:00,-0.0003749179866903152,-0.0003749179866903152,-1.3814883905304176e-05
C,2024-01-25,2024-01-25 11:32:00,-0.000656352555086781,-0.000656352555086781,0.0002022014641565553
C,2024-01-25,2024-01-25 11:33:00,-0.00018765246762986187,-0.00018765246762986187,1.5256450161342845e-05
C,2024-01-25,2024-01-25 11:34:00,-0.00037537537537535304,-0.00037537537537535304,0.00016565302856851296
C,2024-01-25,2024-01-25 11:35:00,-0.0002816372512204346,-0.0002816372512204346,3.2721942488724123e-05
C,2024-01-25,2024-01-25 11:36:00,-9.390553103594268e-05,-9.390553103594268e-05,6.929867950008844e-06
C,2024-01-25,2024-01-25 11:37:00,-0.00018782870022526765,-0.00018782870022526765,0.00011172249459409186
C,2024-01-25,2024-01-25 11:38:00,0.00018786398647363534,0.00018786398647363534,6.844164579808889e-05
C,2024-01-25,2024-01-25 11:39:00,0.0,0.0,-9.622467662311018e-05
C,2024-01-25,2024-01-25 11:40:00,-0.00046957175056328015,-0.00046957175056328015,3.186408464484499e-05
C,2024-01-25,2024-01-25 11:41:00,-0.00037583388142448104,-0.00037583388142448104,-1.738837750132352e-05
C,2024-01-25,2024-01-25 11:42:00,0.0,0.0,0.0001078240120955418
C,2024-01-25,2024-01-25 11:43:00,9.399379640950833e-05,9.399379640950833e-05,9.084193548910436e-06
C,2024-01-25,2024-01-25 11:44:00,-0.0004699248120302313,-0.0004699248120302313,0.00010866978001477841
C,2024-01-25,2024-01-25 11:45:00,0.0003761165961448931,0.0003761165961448931,-6.700277509724978e-06
C,2024-01-25,2024-01-25 11:46:00,-9.399379640950833e-05,-9.399379640950833e-05,7.181524965572143e-05
C,2024-01-25,2024-01-25 11:47:00,0.0002820078962211259,0.0002820078962211259,-3.0783212862047846e-05
C,2024-01-25,2024-01-25 11:48:00,0.00018795226012602306,0.00018795226012602306,-1.1074637393658049e-05
C,2024-01-25,2024-01-25 11:49:00,-0.00046979235178057355,-0.00046979235178057355,-6.0202138590540944e-05
C,2024-01-25,2024-01-25 11:50:00,-9.40026320735976e-05,-9.40026320735976e-05,8.609327474658818e-05
C,2024-01-25,2024-01-25 11:51:00,9.401146939924665e-05,9.401146939924665e-05,3.253266312640481e-05
C,2024-01-25,2024-01-25 11:52:00,0.0004700131603685431,0.0004700131603685431,5.74597533607316e-05
C,2024-01-25,2024-01-25 11:53:00,-0.000563750822136666,-0.000563750822136666,-1.744379401601564e-05
C,2024-01-25,2024-01-25 11:54:00,-0.0009401146939927996,-0.0009401146939927996,8.437825602501886e-05
C,2024-01-25,2024-01-25 11:55:00,0.00028229980239036223,0.00028229980239036223,0.0002171743620180302
C,2024-01-25,2024-01-25 11:56:00,0.00028222013170253746,0.00028222013170253746,2.223791688710893e-05
C,2024-01-25,2024-01-25 11:57:00,-9.404683532399094e-05,-9.404683532399094e-05,8.871554415026011e-06
C,2024-01-25,2024-01-25 11:58:00,0.00047027840481583816,0.00047027840481583816,1.957118059047027e-05
C,2024-01-25,2024-01-25 11:59:00,-0.0003760458775970976,-0.0003760458775970976,-0.00011068965901998165
C,2024-01-25,2024-01-25 12:00:00,-0.0009404683532399094,-0.0009404683532399094,0.00022858343353437114
C,2024-01-25,2024-01-25 12:01:00,0.0001882707333145106,0.0001882707333145106,0.00014026040541125263
C,2024-01-25,2024-01-25 12:02:00,-0.00018823529411771123,-0.00018823529411771123,0.00015616993260685635
C,2024-01-25,2024-01-25 12:03:00,9.413536665747735e-05,9.413536665747735e-05,4.049128348861499e-05
C,2024-01-25,2024-01-25 12:04:00,0.0,0.0,-1.9621757133598602e-05
C,2024-01-25,2024-01-25 12:05:00,-0.0006588855421687523,-0.0006588855421687523,5.870036138418883e-05
C,2024-01-25,2024-01-25 12:06:00,-0.0005651313930489232,-0.0005651313930489232,0.00016371653154740543
C,2024-01-25,2024-01-25 12:07:00,0.00018848364904333614,0.00018848364904333614,0.00011694468771375935
C,2024-01-25,2024-01-25 12:08:00,-0.00037689625930459325,-0.00037689625930459325,8.77937692228085e-05
C,2024-01-25,2024-01-25 12:09:00,0.0003770383636534369,0.0003770383636534369,7.409100872483674e-05
C,2024-01-25,2024-01-25 12:10:00,9.422406482628709e-05,9.422406482628709e-05,6.183068006720513e-05
C,2024-01-25,2024-01-25 12:11:00,0.0004710759374411122,0.0004710759374411122,3.155919503970994e-05
C,2024-01-25,2024-01-25 12:12:00,-0.0003766833035124817,-0.0003766833035124817,-3.677542187558474e-05
C,2024-01-25,2024-01-25 12:13:00,0.0005652378709373185,0.0005652378709373185,3.7976315482042065e-05
C,2024-01-25,2024-01-25 12:14:00,0.0,0.0,-1.125965800210502e-05
C,2024-01-25,2024-01-25 12:15:00,0.0006590716505037175,0.0006590716505037175,4.731400049672349e-05
C,2024-01-25,2024-01-25 12:16:00,-0.0002822732404967887,-0.0002822732404967887,-6.0531812426725585e-05
C,2024-01-25,2024-01-25 12:17:00,0.000847058823529423,0.000847058823529423,0.00015621557939418635
C,2024-01-25,2024-01-25 12:18:00,-9.403799134855007e-05,-9.403799134855007e-05,2.7265318992635323e-05
C,2024-01-25,2024-01-25 12:19:00,0.0005642810119439456,0.0005642810119439456,1.3250365833715277e-05
C,2024-01-25,2024-01-25 12:20:00,-0.00018798759281879462,-0.00018798759281879462,-1.3903976790903965e-05
C,2024-01-25,2024-01-25 12:21:00,-0.00018802293879860432,-0.00018802293879860432,0.00017009515846666833
C,2024-01-25,2024-01-25 12:22:00,-0.0005641748942172287,-0.0005641748942172287,2.1378960933420065e-06
C,2024-01-25,2024-01-25 12:23:00,0.00018816445573444085,0.00018816445573444085,2.7819078760060366e-05
C,2024-01-25,2024-01-25 12:24:00,-0.0006584516978647148,-0.0006584516978647148,5.5832605159532345e-05
C,2024-01-25,2024-01-25 12:25:00,0.00047063253012025186,0.00047063253012025186,6.742434545579723e-05
C,2024-01-25,2024-01-25 12:26:00,-0.00037632891146854863,-0.00037632891146854863,6.038350784699628e-06
C,2024-01-25,2024-01-25 12:27:00,0.00018823529411782225,0.00018823529411782225,2.779983084606451e-05
C,2024-01-25,2024-01-25 12:28:00,-0.0001881998682602415,-0.0001881998682602415,0.00012634869481925335
C,2024-01-25,2024-01-25 12:29:00,-0.0007529411764706229,-0.0007529411764706229,9.395905482682307e-05
C,2024-01-25,2024-01-25 12:30:00,-0.00018837713101627074,-0.00018837713101627074,0.00022084062349323554
C,2024-01-25,2024-01-25 12:31:00,0.0,0.0,6.0237846762129834e-05
C,2024-01-25,2024-01-25 12:32:00,-0.00018841262364588385,-0.00018841262364588385,6.890868342727546e-05
C,2024-01-25,2024-01-25 12:33:00,0.0003768962593047043,0.0003768962593047043,4.238784533761963e-05
C,2024-01-25,2024-01-25 12:34:00,-9.418856550824639e-05,-9.418856550824639e-05,2.308283275901358e-05
C,2024-01-25,2024-01-25 12:35:00,-0.00047098718914839743,-0.00047098718914839743,0.00010713329950400983
C,2024-01-25,2024-01-25 12:36:00,0.00018848364904333614,0.00018848364904333614,4.4187160320050376e-05
C,2024-01-25,2024-01-25 12:37:00,-0.0004711203241307693,-0.0004711203241307693,2.850177883358211e-05
C,2024-01-25,2024-01-25 12:38:00,0.0004713423831070873,0.0004713423831070873,2.8274992374571773e-05
C,2024-01-25,2024-01-25 12:39:00,0.009139734288137191,0.0033384330635093484,6.417000727430227e-05
C,2024-01-25,2024-01-25 12:40:00,-0.00849673202614376,-0.003557184373630076,-0.0007435836272753828
C,2024-01-25,2024-01-25 12:41:00,0.00018834165175629636,0.00018834165175629636,0.0006331174682571468
C,2024-01-25,2024-01-25 12:42:00,0.0007532247434327566,0.0007532247434327566,0.00014257975406330235
C,2024-01-25,2024-01-25 12:43:00,0.00037632891146865965,0.00037632891146865965,-3.891516912829147e-05
C,2024-01-25,2024-01-25 12:44:00,0.0004702341766198437,0.0004702341766198437,-9.202346450417479e-05
C,2024-01-25,2024-01-25 12:45:00,0.00018800526414741725,0.00018800526414741725,9.063697085607112e-05
C,2024-01-25,2024-01-25 12:46:00,-9.398496240609067e-05,-9.398496240609067e-05,-1.9233039508961878e-05
C,2024-01-25,2024-01-25 12:47:00,0.0,0.0,3.8295461967180545e-05
C,2024-01-25,2024-01-25 12:48:00,0.00028198138922830296,0.00028198138922830296,-8.603665163284973e-05
C,2024-01-25,2024-01-25 12:49:00,0.0008457056944182195,0.0008457056944182195,2.8725357227114124e-05
C,2024-01-25,2024-01-25 12:50:00,0.00018777579570006253,0.00018777579570006253,-9.927465317090006e-05
C,2024-01-25,2024-01-25 12:51:00,0.0004693513564253404,0.0004693513564253404,1.6647281304198314e-05
C,2024-01-25,2024-01-25 12:52:00,9.382623381504196e-05,9.382623381504196e-05,-7.267021508469346e-05
C,2024-01-25,2024-01-25 12:53:00,0.0007505394502298479,0.0007505394502298479,9.743829723569958e-06
C,2024-01-25,2024-01-25 12:54:00,-0.000562482422424293,-0.000562482422424293,2.4338557324339384e-06
C,2024-01-25,2024-01-25 12:55:00,-0.0002813994934809383,-0.0002813994934809383,-1.823424866349308e-05
C,2024-01-25,2024-01-25 12:56:00,0.00028147870144490383,0.00028147870144490383,0.00014538648118848712
C,2024-01-25,2024-01-25 12:57:00,-0.0002813994934809383,-0.0002813994934809383,0.00014011821352678496
C,2024-01-25,2024-01-25 12:58:00,9.382623381504196e-05,9.382623381504196e-05,5.703807274639876e-05
C,2024-01-25,2024-01-25 12:59:00,0.009569377990430672,0.0033384330635093484,3.279606945967595e-05
C,2024-01-25,2024-01-25 13:00:00,-0.008921103986618273,-0.003557184373630076,-0.0006938143704348972
C,2024-01-25,2024-01-25 13:01:00,0.0007501172058133054,0.0007501172058133054,0.0007035064853487032
C,2024-01-25,2024-01-25 13:02:00,-0.0013117211655577776,-0.0013117211655577776,-1.1321325587942394e-05
C,2024-01-25,2024-01-25 13:03:00,0.0016887137630172688,0.0016887137630172688,0.0003888102923420897
C,2024-01-25,2024-01-25 13:04:00,0.0058068745902406516,0.0033384330635093484,-0.00040085514434311264
C,2024-01-25,2024-01-25 13:05:00,-0.005400875314275022,-0.003557184373630076,-0.0008226180963914808
C,2024-01-25,2024-01-25 13:06:00,0.00037449676996526016,0.00037449676996526016,0.0008182726800097536
C,2024-01-25,2024-01-25 13:07:00,-0.0008423022929340274,-0.0008423022929340274,0.00015279161950319844
C,2024-01-25,2024-01-25 13:08:00,9.366804046484489e-05,9.366804046484489e-05,0.00016068927623118733
C,2024-01-25,2024-01-25 13:09:00,0.0,0.0,8.281076080688472e-05
C,2024-01-25,2024-01-25 13:10:00,0.0,0.0,0.0001762531211178885
C,2024-01-25,2024-01-25 13:11:00,0.00018731853516884556,0.00018731853516884556,6.784206347139271e-05
C,2024-01-25,2024-01-25 13:12:00,0.0005618503605206993,0.0005618503605206993,2.1333343272528628e-05
C,2024-01-25,2024-01-25 13:13:00,-0.0006551240056152929,-0.0006551240056152929,-6.811561611613998e-05
C,2024-01-25,2024-01-25 13:14:00,-0.0006555534744333569,-0.0006555534744333569,0.00010354293982835765
C,2024-01-25,2024-01-25 13:15:00,-0.0007496954362291586,-0.0007496954362291586,7.37780787863808e-05
C,2024-01-25,2024-01-25 13:16:00,0.00046891118822101063,0.00046891118822101063,0.00010644931587254509
C,2024-01-25,2024-01-25 13:17:00,0.0,0.0,-2.3433043258861697e-07
C,2024-01-25,2024-01-25 13:18:00,0.00046869141357319677,0.00046869141357319677,2.1986735238581496e-07
C,2024-01-25,2024-01-25 13:19:00,-0.00018738873793666677,-0.00018738873793666677,2.3457812419636145e-05
C,2024-01-25,2024-01-25 13:20:00,0.00037484771811446826,0.00037484771811446826,-3.8775534761128635e-07
C,2024-01-25,2024-01-25 13:21:00,0.0002810304449649692,0.0002810304449649692,-2.7720258044794332e-06
C,2024-01-25,2024-01-25 13:22:00,-0.0004682524817382072,-0.0004682524817382072,-8.547178467954211e-05
C,2024-01-25,2024-01-25 13:23:00,-0.00018738873793666677,-0.00018738873793666677,1.5808406771721763e-05
C,2024-01-25,2024-01-25 13:24:00,-0.0003748477181145793,-0.0003748477181145793,-3.0500009524306676e-06
C,2024-01-25,2024-01-25 13:25:00,-0.00018749414080809768,-0.00018749414080809768,0.00010505815127736346
C,2024-01-25,2024-01-25 13:26:00,9.376465072663542e-05,9.376465072663542e-05,6.309170946997678e-05
C,2024-01-25,2024-01-25 13:27:00,-0.0003750234389648943,-0.0003750234389648943,0.0001378345115404726
C,2024-01-25,2024-01-25 13:28:00,0.0,0.0,0.00011328070098210733
C,2024-01-25,2024-01-25 13:29:00,0.0006565372350402221,0.0006565372350402221,-6.786365968531459e-05
C,2024-01-25,2024-01-25 13:30:00,0.0,0.0,7.751925862918472e-06
C,2024-01-25,2024-01-25 13:31:00,0.0,0.0,8.734996530698962e-05
C,2024-01-25,2024-01-25 13:32:00,0.0003749179866903152,0.0003749179866903152,-4.282974939526709e-05
C,2024-01-25,2024-01-25 13:33:00,0.00018738873793688882,0.00018738873793688882,-0.000168847010789473
C,2024-01-25,2024-01-25 13:34:00,0.0006557377049178914,0.0006557377049178914,-9.345680135077202e-05
C,2024-01-25,2024-01-25 13:35:00,-9.361542782237997e-05,-9.361542782237997e-05,-0.00016195087236232643
C,2024-01-25,2024-01-25 13:36:00,0.0011234903098962246,0.0011234903098962246,-0.00014065459666221772
C,2024-01-25,2024-01-25 13:37:00,0.0,0.0,-0.00017581261613863086
C,2024-01-25,2024-01-25 13:38:00,0.0,0.0,-0.00014203046777114248
C,2024-01-25,2024-01-25 13:39:00,-0.00037407649864407144,-0.00037407649864407144,-7.336233984171282e-05
C,2024-01-25,2024-01-25 13:40:00,-0.00018710824211798371,-0.00018710824211798371,4.787202353104149e-05
C,2024-01-25,2024-01-25 13:41:00,0.0004678581454102826,0.0004678581454102826,-0.0001252893042375897
C,2024-01-25,2024-01-25 13:42:00,9.352787130567641e-05,9.352787130567641e-05,1.7141908918145247e-05
C,2024-01-25,2024-01-25 13:43:00,0.0002805573739830258,0.0002805573739830258,3.5667721690495615e-05
C,2024-01-25,2024-01-25 13:44:00,0.0002804786836201334,0.0002804786836201334,0.0001242950891766244
C,2024-01-25,2024-01-25 13:45:00,-0.00018693335825792357,-0.00018693335825792357,-6.050865451548127e-05
C,2024-01-25,2024-01-25 13:46:00,0.00018696830887177107,0.00018696830887177107,7.221464578425171e-05
C,2024-01-25,2024-01-25 13:47:00,0.00018693335825781254,0.00018693335825781254,-6.205179292312286e-05
C,2024-01-25,2024-01-25 13:48:00,0.0004672460517707311,0.0004672460517707311,0.0001019167163238814
C,2024-01-25,2024-01-25 13:49:00,-0.0002802167009153811,-0.0002802167009153811,-3.1189511200161245e-05
C,2024-01-25,2024-01-25 13:50:00,-0.0006540222367560355,-0.0006540222367560355,-4.5964686892662835e-05
C,2024-01-25,2024-01-25 13:51:00,0.0007479431563199856,0.0007479431563199856,9.788497368828476e-05
C,2024-01-25,2024-01-25 13:52:00,-0.0002802690582959233,-0.0002802690582959233,1.2718886711356244e-05
C,2024-01-25,2024-01-25 13:53:00,0.0,0.0,4.0785449867919165e-05
C,2024-01-25,2024-01-25 13:54:00,-9.34492103540352e-05,-9.34492103540352e-05,-1.4597168234511062e-05
C,2024-01-25,2024-01-25 13:55:00,0.0002803738317758153,0.0002803738317758153,-8.057737272901411e-05
C,2024-01-25,2024-01-25 13:56:00,0.00018686349621588327,0.00018686349621588327,-0.00011294336933326381
C,2024-01-25,2024-01-25 13:57:00,-0.0006539000467071787,-0.0006539000467071787,-0.00015240680754641153
C,2024-01-25,2024-01-25 13:58:00,0.000560852495793629,0.000560852495793629,2.5537874714234004e-05
C,2024-01-25,2024-01-25 13:59:00,-0.000653961136023895,-0.000653961136023895,-0.00018282849313671287
C,2024-01-25,2024-01-25 14:00:00,-0.00018696830887177107,-0.00018696830887177107,-1.7967277076939483e-05
C,2024-01-25,2024-01-25 14:01:00,-0.00028050490883579915,-0.00028050490883579915,7.385853908110251e-05
C,2024-01-25,2024-01-25 14:02:00,-9.352787130567641e-05,-9.352787130567641e-05,6.54723609993658e-05
C,2024-01-25,2024-01-25 14:03:00,0.0,0.0,3.105777489395045e-05
C,2024-01-25,2024-01-25 14:04:00,0.0,0.0,-4.173165821502546e-05
C,2024-01-25,2024-01-25 14:05:00,-9.353661958644288e-05,-9.353661958644288e-05,2.879647687763659e-05
C,2024-01-25,2024-01-25 14:06:00,-0.0002806361085125886,-0.0002806361085125886,-5.829499043003968e-05
C,2024-01-25,2024-01-25 14:07:00,-0.0005614297744923613,-0.0005614297744923613,-4.014252273052903e-05
C,2024-01-25,2024-01-25 14:08:00,0.00037449676996526016,0.00037449676996526016,0.00011179699876176761
C,2024-01-25,2024-01-25 14:09:00,0.00046794571829678056,0.00046794571829678056,7.364456267883151e-05
C,2024-01-25,2024-01-25 14:10:00,0.0010289990645462321,0.0010289990645462321,-5.467797180118873e-05
C,2024-01-25,2024-01-25 14:11:00,-0.0007475936828332808,-0.0007475936828332808,-0.00013508101361619045
C,2024-01-25,2024-01-25 14:12:00,0.0001870382493218692,0.0001870382493218692,-2.356414950451923e-05
C,2024-01-25,2024-01-25 14:13:00,0.00018700327255727345,0.00018700327255727345,-2.4064202340763206e-05
C,2024-01-25,2024-01-25 14:14:00,-9.348415443577451e-05,-9.348415443577451e-05,-0.00012615771962851848
C,2024-01-25,2024-01-25 14:15:00,0.0002804786836201334,0.0002804786836201334,4.486270568852576e-05
C,2024-01-25,2024-01-25 14:16:00,0.0001869333582575905,0.0001869333582575905,1.955586950069777e-05
C,2024-01-25,2024-01-25 14:17:00,-0.00037379684141658487,-0.00037379684141658487,6.9060331573520535e-06
C,2024-01-25,2024-01-25 14:18:00,-9.348415443577451e-05,-9.348415443577451e-05,9.022903045208264e-06
C,2024-01-25,2024-01-25 14:19:00,0.0001869857890799409,0.0001869857890799409,-9.482322682703607e-05
C,2024-01-25,2024-01-25 14:20:00,0.00037390166386264134,0.00037390166386264134,-1.4503271237880577e-05
C,2024-01-25,2024-01-25 14:21:00,-0.00018688095683061512,-0.00018688095683061512,-7.649271283594809e-05
C,2024-01-25,2024-01-25 14:22:00,-0.00046728971962628485,-0.00046728971962628485,3.175255069917961e-06
C,2024-01-25,2024-01-25 14:23:00,0.0007480130902290938,0.0007480130902290938,5.956526604835566e-05
C,2024-01-25,2024-01-25 14:24:00,0.0,0.0,-0.00014031627652093414
C,2024-01-25,2024-01-25 14:25:00,0.0,0.0,4.628632210937217e-05
C,2024-01-25,2024-01-25 14:26:00,0.0003737269924319886,0.0003737269924319886,6.701115452908073e-05
C,2024-01-25,2024-01-25 14:27:00,0.0005603810591201519,0.0005603810591201519,-6.093414080768768e-05
C,2024-01-25,2024-01-25 14:28:00,-9.334453467746417e-05,-9.334453467746417e-05,-3.7170404719524595e-05
C,2024-01-25,2024-01-25 14:29:00,-0.00018670649738616873,-0.00018670649738616873,2.6110543302482724e-05
C,2024-01-25,2024-01-25 14:30:00,9.337068160597539e-05,9.337068160597539e-05,0.00021896172670877117
C,2024-01-25,2024-01-25 14:31:00,0.0,0.0,8.252663565519528e-05
C,2024-01-25,2024-01-25 14:32:00,0.0007468957146858912,0.0007468957146858912,4.3427288984577116e-05
C,2024-01-25,2024-01-25 14:33:00,0.0003731691389121661,0.0003731691389121661,3.3686047140855404e-05
C,2024-01-25,2024-01-25 14:34:00,-0.0009325748391307842,-0.0009325748391307842,-7.203794418146435e-05
C,2024-01-25,2024-01-25 14:35:00,0.00037337813871007874,0.00037337813871007874,0.00018186756852007498
C,2024-01-25,2024-01-25 14:36:00,0.0,0.0,-1.367195263973201e-05
C,2024-01-25,2024-01-25 14:37:00,9.330969487741925e-05,9.330969487741925e-05,-0.0001297351270874287
C,2024-01-25,2024-01-25 14:38:00,-9.330098899051897e-05,-9.330098899051897e-05,-5.579231965591255e-05
C,2024-01-25,2024-01-25 14:39:00,-0.00018661938975450543,-0.00018661938975450543,-7.927032531520573e-05
C,2024-01-25,2024-01-25 14:40:00,-9.332711152598705e-05,-9.332711152598705e-05,6.735515163334947e-05
C,2024-01-25,2024-01-25 14:41:00,-0.0009333582228859827,-0.0009333582228859827,-7.083719324334895e-05
C,2024-01-25,2024-01-25 14:42:00,0.0001868460388640969,0.0001868460388640969,0.0002008832271434585
C,2024-01-25,2024-01-25 14:43:00,0.0001868111339435874,0.0001868111339435874,4.385373984289381e-05
C,2024-01-25,2024-01-25 14:44:00,9.338812103099059e-05,9.338812103099059e-05,8.383521314744555e-05
C,2024-01-25,2024-01-25 14:45:00,-0.00018675880100860187,-0.00018675880100860187,-1.400731110515227e-06
C,2024-01-25,2024-01-25 14:46:00,-0.00018679368637319893,-0.00018679368637319893,3.3402890570240243e-05
C,2024-01-25,2024-01-25 14:47:00,0.0,0.0,0.00013204770649250942
C,2024-01-25,2024-01-25 14:48:00,0.0,0.0,4.899705156708617e-05
C,2024-01-25,2024-01-25 14:49:00,-0.00018682858477359066,-0.00018682858477359066,2.754073596322917e-05
C,2024-01-25,2024-01-25 14:50:00,0.0005605904886480939,0.0005605904886480939,2.8012515224679813e-05
C,2024-01-25,2024-01-25 14:51:00,0.000653655803529718,0.000653655803529718,-1.6584038814535888e-05
C,2024-01-25,2024-01-25 14:52:00,9.33184023890199e-05,9.33184023890199e-05,-0.0001989670433960125
C,2024-01-25,2024-01-25 14:53:00,0.0003732387795092329,0.0003732387795092329,-0.0001789381651197108
C,2024-01-25,2024-01-25 14:54:00,0.00018654976214893537,0.00018654976214893537,-5.9208527261003073e-05
C,2024-01-25,2024-01-25 14:55:00,0.0,0.0,-9.891448791155066e-05
C,2024-01-25,2024-01-25 14:56:00,-0.0005595449034784261,-0.0005595449034784261,2.5953541233719813e-05
C,2024-01-25,2024-01-25 14:57:00,0.0,0.0,-5.55690992333444e-05
C,2024-01-25,2024-01-25 14:58:00,0.00018661938975461645,0.00018661938975461645,0.0001337283958096286
C,2024-01-25,2024-01-25 14:59:00,0.0,0.0,8.580004159059247e-05
C,2024-01-25,2024-01-25 15:00:00,0.0,0.0,-6.28793072964841e-05
C,2024-01-25,2024-01-25 15:01:00,0.00018658456945619406,0.00018658456945619406,4.182173547046213e-05
C,2024-01-25,2024-01-25 15:02:00,0.00018654976214893537,0.00018654976214893537,0.0001382778289202908
C,2024-01-25,2024-01-25 15:03:00,0.0,0.0,2.62281253247187e-05
C,2024-01-25,2024-01-25 15:04:00,9.325748391320055e-05,9.325748391320055e-05,6.133240715146402e-06
C,2024-01-25,2024-01-25 15:05:00,-0.00018649757553157453,-0.00018649757553157453,4.59520616297795e-05
C,2024-01-25,2024-01-25 15:06:00,0.0002797985450475604,0.0002797985450475604,2.985016540613551e-05
C,2024-01-25,2024-01-25 15:07:00,0.00018648018648037556,0.00018648018648037556,-8.491640825039716e-05
C,2024-01-25,2024-01-25 15:08:00,0.0003728908362077288,0.0003728908362077288,1.842611819816887e-05
C,2024-01-25,2024-01-25 15:09:00,0.005964029447395269,0.0033384330635093484,-0.00011565544588512357
C,2024-01-25,2024-01-25 15:10:00,-0.005558128763316295,-0.003557184373630076,-0.0009280228299578508
C,2024-01-25,2024-01-25 15:11:00,0.0,0.0,0.0009333590186863687
C,2024-01-25,2024-01-25 15:12:00,-0.0005589194224498995,-0.0005589194224498995,2.9417470675063994e-05
C,2024-01-25,2024-01-25 15:13:00,9.320533134493658e-05,9.320533134493658e-05,0.00025069054536047144
C,2024-01-25,2024-01-25 15:14:00,-0.0006523765144454963,-0.0006523765144454963,0.00011072161925858018
C,2024-01-25,2024-01-25 15:15:00,0.0,0.0,0.0003343719931510546
C,2024-01-25,2024-01-25 15:16:00,0.00027977245173915755,0.00027977245173915755,5.075682762810696e-05
C,2024-01-25,2024-01-25 15:17:00,-0.00046615700167795815,-0.00046615700167795815,7.617873589542461e-05
C,2024-01-25,2024-01-25 15:18:00,0.0005596492864472502,0.0005596492864472502,0.00010279106071323493
C,2024-01-25,2024-01-25 15:19:00,-0.0001864454181039754,-0.0001864454181039754,-5.383491963964243e-05
C,2024-01-25,2024-01-25 15:20:00,0.0,0.0,-1.0084782509916255e-05
C,2024-01-25,2024-01-25 15:21:00,0.00018648018648037556,0.00018648018648037556,2.6595444354865016e-05
C,2024-01-25,2024-01-25 15:22:00,0.0,0.0,6.824901597810429e-05
C,2024-01-25,2024-01-25 15:23:00,-0.0002796681271557411,-0.0002796681271557411,4.7899357836252535e-05
C,2024-01-25,2024-01-25 15:24:00,9.324878776562073e-05,9.324878776562073e-05,9.065262056917051e-05
C,2024-01-25,2024-01-25 15:25:00,-0.00018648018648026454,-0.00018648018648026454,-5.245877219401686e-05
C,2024-01-25,2024-01-25 15:26:00,0.0,0.0,-2.4355277472596277e-05
C,2024-01-25,2024-01-25 15:27:00,0.00018651496782617905,0.00018651496782617905,2.8773130740405895e-05
C,2024-01-25,2024-01-25 15:28:00,0.0,0.0,-3.669651996522617e-05
C,2024-01-25,2024-01-25 15:29:00,0.0,0.0,7.29294288696502e-05
C,2024-01-25,2024-01-25 15:30:00,0.00037296037296030704,0.00037296037296030704,-6.0160854780707296e-05
C,2024-01-25,2024-01-25 15:31:00,0.00037282132537996837,0.00037282132537996837,-8.776580935537845e-06
C,2024-01-25,2024-01-25 15:32:00,0.0006521941675208254,0.0006521941675208254,-0.00013362111702961877
C,2024-01-25,2024-01-25 15:33:00,-9.310986964627954e-05,-9.310986964627954e-05,-3.577355881563705e-05
C,2024-01-25,2024-01-25 15:34:00,0.0005587112394076499,0.0005587112394076499,8.448115327755973e-06
C,2024-01-25,2024-01-25 15:35:00,2.220446049250313e-16,2.220446049250313e-16,-5.00032702057728e-05
C,2024-01-25,2024-01-25 15:36:00,-0.0003722661703118302,-0.0003722661703118302,-4.20095465480502e-05
C,2024-01-25,2024-01-25 15:37:00,-0.00018620240201094873,-0.00018620240201094873,5.859328985713004e-05
C,2024-01-25,2024-01-25 15:38:00,0.0007449483192103479,0.0007449483192103479,-2.3471302525405395e-05
C,2024-01-25,2024-01-25 15:39:00,9.304922303887686e-05,9.304922303887686e-05,-4.27818886010755e-05
C,2024-01-25,2024-01-25 15:40:00,9.304056568670838e-05,9.304056568670838e-05,-9.168807915274855e-06
C,2024-01-25,2024-01-25 15:41:00,0.0,0.0,-9.594528066395934e-05
C,2024-01-25,2024-01-25 15:42:00,9.303190994502941e-05,9.303190994502941e-05,4.1019860048581535e-05
C,2024-01-25,2024-01-25 15:43:00,9.302325581383997e-05,9.302325581383997e-05,9.902756307877197e-06
C,2024-01-25,2024-01-25 15:44:00,-0.0003720584131707838,-0.0003720584131707838,9.854555557456662e-05
C,2024-01-25,2024-01-25 15:45:00,0.00046524611519505044,0.00046524611519505044,9.456307052943674e-05
C,2024-01-25,2024-01-25 15:46:00,-0.0009300595238097564,-0.0009300595238097564,-1.0259466345493476e-05
C,2024-01-25,2024-01-25 15:47:00,9.309253397904449e-05,9.309253397904449e-05,0.00011641664652693193
C,2024-01-25,2024-01-25 15:48:00,0.0,0.0,-2.8919093091084726e-05
C,2024-01-25,2024-01-25 15:49:00,0.000744670948524373,0.000744670948524373,3.374702144647323e-05
C,2024-01-25,2024-01-25 15:50:00,-0.0007441168263415676,-0.0007441168263415676,-0.00013597679130255923
C,2024-01-25,2024-01-25 15:51:00,9.308386856554662e-05,9.308386856554662e-05,4.929071270008486e-05
C,2024-01-25,2024-01-25 15:52:00,0.00046537602382734633,0.00046537602382734633,5.428351295720741e-05
C,2024-01-25,2024-01-25 15:53:00,0.0004651595497253691,0.0004651595497253691,-5.619090534487742e-06
C,2024-01-25,2024-01-25 15:54:00,-0.0010228752092242832,-0.0010228752092242832,-9.123993071797946e-05
C,2024-01-25,2024-01-25 15:55:00,-0.0002792516056967509,-0.0002792516056967509,0.0001426104818316397
C,2024-01-25,2024-01-25 15:56:00,0.00027932960893850556,0.00027932960893850556,0.00013281347780508254
C,2024-01-25,2024-01-25 15:57:00,0.00018616773713109325,0.00018616773713109325,0.00012615821691899068
C,2024-01-25,2024-01-25 15:58:00,0.0003722661703120522,0.0003722661703120522,0.00010428465423131137
C,2024-01-26,2024-01-26 09:40:00,-0.0007417709782103765,-0.0007417709782103765,0.00010410627665247064
C,2024-01-26,2024-01-26 09:41:00,-9.279020135488647e-05,-9.279020135488647e-05,0.00016277049943989365
C,2024-01-26,2024-01-26 09:42:00,-0.00018559762435021998,-0.00018559762435021998,3.771097082894246e-05
C,2024-01-26,2024-01-26 09:43:00,-0.0007425283088918766,-0.0007425283088918766,4.104499379644075e-06
C,2024-01-26,2024-01-26 09:44:00,-9.28850083595778e-05,-9.28850083595778e-05,0.0002590248716111804
C,2024-01-26,2024-01-26 09:45:00,0.0,0.0,9.605225374221772e-05
C,2024-01-26,2024-01-26 09:46:00,0.0007431490942868546,0.0007431490942868546,0.00012434304390321398
C,2024-01-26,2024-01-26 09:47:00,0.0004641232711408705,0.0004641232711408705,-0.00015719860317843227
C,2024-01-26,2024-01-26 09:48:00,-0.0006494711449247514,-0.0006494711449247514,-7.771723476827856e-05
C,2024-01-26,2024-01-26 09:49:00,-0.0015783121344351558,-0.0015783121344351558,0.00018400518064419456
C,2024-01-26,2024-01-26 09:50:00,-0.0005579319323042453,-0.0005579319323042453,0.0003860241504281493
C,2024-01-26,2024-01-26 09:51:00,0.0,0.0,0.0001932724888502413
C,2024-01-26,2024-01-26 09:52:00,-0.00037216226274650044,-0.00037216226274650044,-2.8522960326788637e-06
C,2024-01-26,2024-01-26 09:53:00,0.0022338049143708627,0.0022338049143708627,8.258227098792313e-05
C,2024-01-26,2024-01-26 09:54:00,-0.0005572065378900426,-0.0005572065378900426,-0.0005777233072523292
C,2024-01-26,2024-01-26 09:55:00,-0.00037167812674232525,-0.00037167812674232525,-0.000113865778272338
C,2024-01-26,2024-01-26 09:56:00,-0.0008365867261571625,-0.0008365867261571625,-4.528057387366302e-06
C,2024-01-26,2024-01-26 09:57:00,-0.00018606381989028087,-0.00018606381989028087,0.000281202272844677
C,2024-01-26,2024-01-26 09:58:00,0.00037219689215595153,0.00037219689215595153,-3.453348167517763e-05
C,2024-01-26,2024-01-26 09:59:00,0.00037205841317100585,0.00037205841317100585,-9.84062996328674e-05
C,2024-01-26,2024-01-26 10:00:00,-0.00120874012087413,-0.00120874012087413,-0.00015268081533578297
C,2024-01-26,2024-01-26 10:01:00,-0.0005585552038727126,-0.0005585552038727126,0.0002526471092441235
C,2024-01-26,2024-01-26 10:02:00,-0.0008383010432190252,-0.0008383010432190252,0.0001964741129517872
C,2024-01-26,2024-01-26 10:03:00,0.0009322270905192109,0.0009322270905192109,0.0002265983988435055
C,2024-01-26,2024-01-26 10:04:00,-0.0011176306230791244,-0.0011176306230791244,-0.00012238841865162364
C,2024-01-26,2024-01-26 10:05:00,0.0007459207459208361,0.0007459207459208361,0.000285255835703926
C,2024-01-26,2024-01-26 10:06:00,0.000559023572160644,0.000559023572160644,-9.285058120567368e-06
C,2024-01-26,2024-01-26 10:07:00,9.3118539901349e-05,9.3118539901349e-05,-0.0001650250509912319
C,2024-01-26,2024-01-26 10:08:00,9.310986964616852e-05,9.310986964616852e-05,-3.726445412197578e-05
C,2024-01-26,2024-01-26 10:09:00,0.00018620240201117078,0.00018620240201117078,-6.082124829382468e-06
C,2024-01-26,2024-01-26 10:10:00,0.000744670948524373,0.000744670948524373,-1.969687036177582e-05
C,2024-01-26,2024-01-26 10:11:00,0.00037205841317100585,0.00037205841317100585,-0.0001411092849991233
C,2024-01-26,2024-01-26 10:12:00,-9.29800092981381e-05,-9.29800092981381e-05,-0.00015094717566380188
C,2024-01-26,2024-01-26 10:13:00,9.298865538420742e-05,9.298865538420742e-05,-2.661734370583943e-05
C,2024-01-26,2024-01-26 10:14:00,-9.29800092981381e-05,-9.29800092981381e-05,-0.000126947750054103
C,2024-01-26,2024-01-26 10:15:00,-0.0003719546215360525,-0.0003719546215360525,-0.0001279715421412655
C,2024-01-26,2024-01-26 10:16:00,-0.0011162790697675229,-0.0011162790697675229,3.0380037620480614e-05
C,2024-01-26,2024-01-26 10:17:00,-9.312721177123784e-05,-9.312721177123784e-05,0.0002479206972262947
C,2024-01-26,2024-01-26 10:18:00,0.0009313588525659,0.0009313588525659,5.727681782176528e-05
C,2024-01-26,2024-01-26 10:19:00,0.00027914766911707467,0.00027914766911707467,-0.00018884012942830292
C,2024-01-26,2024-01-26 10:20:00,0.000279069767441964,0.000279069767441964,-9.037385281713796e-05
C,2024-01-26,2024-01-26 10:21:00,-0.0001859946061565365,-0.0001859946061565365,-0.00012287927891054974
C,2024-01-26,2024-01-26 10:22:00,0.0,0.0,-0.00012017673331329299
C,2024-01-26,2024-01-26 10:23:00,0.00018602920658561395,0.00018602920658561395,-1.675748843371237e-05
C,2024-01-26,2024-01-26 10:24:00,0.0006509811215473782,0.0006509811215473782,-2.4466718193890463e-05
C,2024-01-26,2024-01-26 10:25:00,-0.00018587360594790603,-0.00018587360594790603,-0.00018685031859622467
C,2024-01-26,2024-01-26 10:26:00,-0.00018590816136820898,-0.00018590816136820898,3.409482755297047e-05
C,2024-01-26,2024-01-26 10:27:00,-9.29713648195607e-05,-9.29713648195607e-05,0.0001111938308206143
C,2024-01-26,2024-01-26 10:28:00,0.0,0.0,2.0593456658404058e-05
C,2024-01-26,2024-01-26 10:29:00,0.0001859600185958321,0.0001859600185958321,4.156418266593876e-06
C,2024-01-26,2024-01-26 10:30:00,9.296272194858624e-05,9.296272194858624e-05,-7.066174824527597e-05
C,2024-01-26,2024-01-26 10:31:00,9.295408068421551e-05,9.295408068421551e-05,-7.314295390326165e-05
C,2024-01-26,2024-01-26 10:32:00,-0.001022399851287381,-0.001022399851287381,-7.67010732076391e-05
C,2024-01-26,2024-01-26 10:33:00,0.00027912169706012513,0.00027912169706012513,8.660028749527186e-05
C,2024-01-26,2024-01-26 10:34:00,0.0010231606362198775,0.0010231606362198775,-3.6258976369027e-05
C,2024-01-26,2024-01-26 10:35:00,0.00018583906337110712,0.00018583906337110712,-0.0002523151121804521
C,2024-01-26,2024-01-26 10:36:00,0.0,0.0,-0.0001259782313996848
C,2024-01-26,2024-01-26 10:37:00,0.00046451133407643397,0.00046451133407643397,-9.583153694408092e-05
C,2024-01-26,2024-01-26 10:38:00,0.00018571826539148795,0.00018571826539148795,-0.00013304494897398085
C,2024-01-26,2024-01-26 10:39:00,0.0006498932318261819,0.0006498932318261819,-0.00011826174369569021
C,2024-01-26,2024-01-26 10:40:00,-9.278159213199633e-05,-9.278159213199633e-05,-0.00019050201972310206
C,2024-01-26,2024-01-26 10:41:00,0.0,0.0,-1.643077110951849e-05
C,2024-01-26,2024-01-26 10:42:00,0.0011134824162568613,0.0011134824162568613,-4.5620180512581825e-06
C,2024-01-26,2024-01-26 10:43:00,0.0005561219760865654,0.0005561219760865654,-0.0002707687885778415
C,2024-01-26,2024-01-26 10:44:00,0.0,0.0,-0.00023035378581742476
C,2024-01-26,2024-01-26 10:45:00,-0.00037054191755436783,-0.00037054191755436783,-0.0001262766475238041
C,2024-01-26,2024-01-26 10:46:00,-0.0007413585395236177,-0.0007413585395236177,-1.6330029956374374e-05
C,2024-01-26,2024-01-26 10:47:00,0.0,0.0,0.0001524583938756204
C,2024-01-26,2024-01-26 10:48:00,-0.000556431419827419,-0.000556431419827419,6.480583596565208e-05
C,2024-01-26,2024-01-26 10:49:00,0.0005567412081282086,0.0005567412081282086,3.823171215440494e-05
C,2024-01-26,2024-01-26 10:50:00,0.000185477139942547,0.000185477139942547,-3.062557479323447e-05
C,2024-01-26,2024-01-26 10:51:00,-0.00037088548910513275,-0.00037088548910513275,-8.38048303642453e-05
C,2024-01-26,2024-01-26 10:52:00,9.275577404688207e-05,9.275577404688207e-05,4.860174252942279e-05
C,2024-01-26,2024-01-26 10:53:00,0.0,0.0,-4.613977847546547e-05
C,2024-01-26,2024-01-26 10:54:00,0.0004637358560564131,0.0004637358560564131,3.71558348646335e-05
C,2024-01-26,2024-01-26 10:55:00,-0.0004635209047929578,-0.0004635209047929578,-8.947582002579308e-05
C,2024-01-26,2024-01-26 10:56:00,-0.00018549434242254303,-0.00018549434242254303,-8.279413937765489e-05
C,2024-01-26,2024-01-26 10:57:00,0.00027829313543592527,0.00027829313543592527,-5.718304281170792e-05
C,2024-01-26,2024-01-26 10:58:00,0.000185477139942547,0.000185477139942547,-4.916535995864534e-05
C,2024-01-26,2024-01-26 10:59:00,0.0003708854891053548,0.0003708854891053548,-7.0969229954479714e-06
C,2024-01-26,2024-01-26 11:00:00,-0.00027806098804339374,-0.00027806098804339374,-0.00013591152164454639
C,2024-01-26,2024-01-26 11:01:00,-9.271277582056925e-05,-9.271277582056925e-05,-5.927897090134653e-05
C,2024-01-26,2024-01-26 11:02:00,-0.00018544274455256637,-0.00018544274455256637,-0.00011563529097039136
C,2024-01-26,2024-01-26 11:03:00,0.0,0.0,-3.1384603982365555e-05
C,2024-01-26,2024-01-26 11:04:00,-0.00018547713994243598,-0.00018547713994243598,-0.00012620266566651218
C,2024-01-26,2024-01-26 11:05:00,0.0005565346442817365,0.0005565346442817365,-4.995990945797157e-05
C,2024-01-26,2024-01-26 11:06:00,-0.00018540836191727195,-0.00018540836191727195,-1.3555456886878892e-05
C,2024-01-26,2024-01-26 11:07:00,-9.272137227622768e-05,-9.272137227622768e-05,-0.0001322590294269767
C,2024-01-26,2024-01-26 11:08:00,-0.00027818991097927626,-0.00027818991097927626,0.00013202673878098453
C,2024-01-26,2024-01-26 11:09:00,-0.00018551154809398618,-0.00018551154809398618,7.963781175951495e-05
C,2024-01-26,2024-01-26 11:10:00,-9.277298450682814e-05,-9.277298450682814e-05,0.00016826242062628277
C,2024-01-26,2024-01-26 11:11:00,-9.278159213199633e-05,-9.278159213199633e-05,-8.933183939313438e-06
C,2024-01-26,2024-01-26 11:12:00,0.0002783706040641043,0.0002783706040641043,6.837168569352225e-05
C,2024-01-26,2024-01-26 11:13:00,-0.00037105751391475206,-0.00037105751391475206,8.92676626871453e-05
C,2024-01-26,2024-01-26 11:14:00,-0.00037119524870077303,-0.00037119524870077303,9.263337498643645e-05
C,2024-01-26,2024-01-26 11:15:00,-0.00018566654288898476,-0.00018566654288898476,0.0001470841671135664
C,2024-01-26,2024-01-26 11:16:00,-9.285051067786654e-05,-9.285051067786654e-05,6.375592240663687e-05
C,2024-01-26,2024-01-26 11:17:00,-0.0009285913269569956,-0.0009285913269569956,0.00015622226736371878
C,2024-01-26,2024-01-26 11:18:00,0.0,0.0,0.0002516836311565921
C,2024-01-26,2024-01-26 11:19:00,0.0047402174923318885,0.0035927643341103705,0.00018970292937153343
C,2024-01-26,2024-01-26 11:20:00,-0.004717853839037889,-0.0037517827469371557,-0.0009447575804661978
C,2024-01-26,2024-01-26 11:21:00,0.0007435635282089237,0.0007435635282089237,0.0009483897474371054
C,2024-01-26,2024-01-26 11:22:00,-0.00027862914460852206,-0.00027862914460852206,0.00015135041845314864
C,2024-01-26,2024-01-26 11:23:00,-0.0005574136008918984,-0.0005574136008918984,8.693636305842807e-05
C,2024-01-26,2024-01-26 11:24:00,9.295408068421551e-05,9.295408068421551e-05,0.00019088356399522266
C,2024-01-26,2024-01-26 11:25:00,-0.00018589088205234194,-0.00018589088205234194,0.0003396136202011012
C,2024-01-26,2024-01-26 11:26:00,0.0005577763316910733,0.0005577763316910733,0.00014527536275347374
C,2024-01-26,2024-01-26 11:27:00,0.0003716435937937135,0.0003716435937937135,3.150158309923251e-05
C,2024-01-26,2024-01-26 11:28:00,0.0003715055261448441,0.0003715055261448441,4.8191047695291164e-05
C,2024-01-26,2024-01-26 11:29:00,0.00037136756104350077,0.00037136756104350077,-8.757469004075271e-05
C,2024-01-26,2024-01-26 11:30:00,-0.0003712296983757746,-0.0003712296983757746,-0.00017857142563835015
C,2024-01-26,2024-01-26 11:31:00,-0.0006498932318262929,-0.0006498932318262929,-6.524403515008236e-05
C,2024-01-26,2024-01-26 11:32:00,-0.0002787068004459492,-0.0002787068004459492,8.682875655023746e-05
C,2024-01-26,2024-01-26 11:33:00,0.00018585633305456817,0.00018585633305456817,0.00010479335556367179
C,2024-01-26,2024-01-26 11:34:00,0.0007432871875872049,0.0007432871875872049,0.00010400303916739879
C,2024-01-26,2024-01-26 11:35:00,-0.0001856837805218614,-0.0001856837805218614,-0.00013938203488654107
C,2024-01-26,2024-01-26 11:36:00,-0.0002785773980871209,-0.0002785773980871209,-0.0001340296465224065
C,2024-01-26,2024-01-26 11:37:00,0.0007430800668772886,0.0007430800668772886,-7.120493781634736e-05
C,2024-01-26,2024-01-26 11:38:00,-0.00027844811583443985,-0.00027844811583443985,-0.0002461355375999939
C,2024-01-26,2024-01-26 11:39:00,-9.28418902609307e-05,-9.28418902609307e-05,-2.3294084527911395e-05
C,2024-01-26,2024-01-26 11:40:00,9.285051067786654e-05,9.285051067786654e-05,-0.00013933456663315602
C,2024-01-26,2024-01-26 11:41:00,-0.0003713675610436118,-0.0003713675610436118,-0.00017304591406299785
C,2024-01-26,2024-01-26 11:42:00,0.0002786291446086331,0.0002786291446086331,-8.768828792264335e-05
C,2024-01-26,2024-01-26 11:43:00,-0.0004642525533889996,-0.0004642525533889996,3.647349942959322e-05
C,2024-01-26,2024-01-26 11:44:00,-0.0003715745471435383,-0.0003715745471435383,-0.00010510656688533528
C,2024-01-26,2024-01-26 11:45:00,-0.00037171266610913634,-0.00037171266610913634,-1.7446054357033264e-05
C,2024-01-26,2024-01-26 11:46:00,0.0,0.0,8.363023371324977e-05
C,2024-01-26,2024-01-26 11:47:00,0.0009296272194849742,0.0009296272194849742,-0.00012965014540164958
C,2024-01-26,2024-01-26 11:48:00,0.0004643819076808331,0.0004643819076808331,-0.00015178406342924005
C,2024-01-26,2024-01-26 11:49:00,-0.0006498329001113357,-0.0006498329001113357,-0.00014706557546595312
C,2024-01-26,2024-01-26 11:50:00,-0.0003715745471435383,-0.0003715745471435383,4.776131249294453e-05
C,2024-01-26,2024-01-26 11:51:00,0.0,0.0,-0.00010379470664818528
C,2024-01-26,2024-01-26 11:52:00,0.00018585633305456817,0.00018585633305456817,4.893497196188219e-05
C,2024-01-26,2024-01-26 11:53:00,0.0,0.0,8.65581833922942e-05
C,2024-01-26,2024-01-26 11:54:00,-0.00018582179689674572,-0.00018582179689674572,4.422263291737875e-05
C,2024-01-26,2024-01-26 11:55:00,0.0005575689991637045,0.0005575689991637045,1.9712999666358587e-05
C,2024-01-26,2024-01-26 11:56:00,0.00018575276307242206,0.00018575276307242206,6.478766204080816e-05
C,2024-01-26,2024-01-26 11:57:00,-0.00018571826539137692,-0.00018571826539137692,3.771867204305505e-05
C,2024-01-26,2024-01-26 11:58:00,-0.00018575276307231103,-0.00018575276307231103,-0.0001414408900784746
C,2024-01-26,2024-01-26 11:59:00,9.289363678588458e-05,9.289363678588458e-05,-0.00012202179128875462
C,2024-01-26,2024-01-26 12:00:00,-9.28850083595778e-05,-9.28850083595778e-05,-0.00012310745332096807
C,2024-01-26,2024-01-26 12:01:00,-0.0003715745471435383,-0.0003715745471435383,-0.000134610580746659
C,2024-01-26,2024-01-26 12:02:00,-0.00037171266610913634,-0.00037171266610913634,1.5905928778100115e-05
C,2024-01-26,2024-01-26 12:03:00,0.0,0.0,-7.672737941785988e-05
C,2024-01-26,2024-01-26 12:04:00,0.0003718508877941229,0.0003718508877941229,6.873946161761091e-05
C,2024-01-26,2024-01-26 12:05:00,-0.00018585633305445715,-0.00018585633305445715,0.00010015646118296262
C,2024-01-26,2024-01-26 12:06:00,-0.00018589088205234194,-0.00018589088205234194,0.0001212030848075839
C,2024-01-26,2024-01-26 12:07:00,0.00018592544389717247,0.00018592544389717247,-1.2867426129521042e-05
C,2024-01-26,2024-01-26 12:08:00,-9.294544102611546e-05,-9.294544102611546e-05,0.00016757242519640353
C,2024-01-26,2024-01-26 12:09:00,-9.295408068421551e-05,-9.295408068421551e-05,8.829736635751803e-06
C,2024-01-26,2024-01-26 12:10:00,0.0,0.0,7.442376916063323e-05
C,2024-01-26,2024-01-26 12:11:00,0.00018592544389717247,0.00018592544389717247,2.740123354973688e-05
C,2024-01-26,2024-01-26 12:12:00,0.00037178176410446184,0.00037178176410446184,4.394811554966474e-05
C,2024-01-26,2024-01-26 12:13:00,-0.0005574653906903482,-0.0005574653906903482,5.676511086967234e-06
C,2024-01-26,2024-01-26 12:14:00,0.00018592544389717247,0.00018592544389717247,0.00014332096527713882
C,2024-01-26,2024-01-26 12:15:00,-0.00018589088205234194,-0.00018589088205234194,7.259699474807204e-06
C,2024-01-26,2024-01-26 12:16:00,0.0003718508877941229,0.0003718508877941229,0.00014207717232669125
C,2024-01-26,2024-01-26 12:17:00,-0.00018585633305445715,-0.00018585633305445715,0.00017120163323303063
C,2024-01-26,2024-01-26 12:18:00,-9.294544102611546e-05,-9.294544102611546e-05,1.3921051666736869e-05
C,2024-01-26,2024-01-26 12:19:00,0.00046477040342063347,0.00046477040342063347,0.00010339140401770586
C,2024-01-26,2024-01-26 12:20:00,-9.291089844831735e-05,-9.291089844831735e-05,0.00014369729962086382
C,2024-01-26,2024-01-26 12:21:00,0.0002787585950567717,0.0002787585950567717,0.00017840551370519605
C,2024-01-26,2024-01-26 12:22:00,-0.0006502554575011921,-0.0006502554575011921,4.169175008938282e-05
C,2024-01-26,2024-01-26 12:23:00,-0.00037181632273664,-0.00037181632273664,0.00018566849457172098
C,2024-01-26,2024-01-26 12:24:00,0.0,0.0,0.00020996723036753319
C,2024-01-26,2024-01-26 12:25:00,0.0,0.0,0.00012412568923738908
C,2024-01-26,2024-01-26 12:26:00,9.298865538420742e-05,9.298865538420742e-05,4.686657682138867e-05
C,2024-01-26,2024-01-26 12:27:00,0.0004649000464898023,0.0004649000464898023,-6.0462513903916815e-05
C,2024-01-26,2024-01-26 12:28:00,-9.293680297384199e-05,-9.293680297384199e-05,7.670182160676842e-05
C,2024-01-26,2024-01-26 12:29:00,-0.0008365089692350391,-0.0008365089692350391,0.0001005964489026729
C,2024-01-26,2024-01-26 12:30:00,-9.302325581383997e-05,-9.302325581383997e-05,9.918526968441192e-05
C,2024-01-26,2024-01-26 12:31:00,-0.00037212763978067276,-0.00037212763978067276,0.00021281406591489374
C,2024-01-26,2024-01-26 12:32:00,0.0011167985109352685,0.0011167985109352685,0.00018104114505365773
C,2024-01-26,2024-01-26 12:33:00,-0.0007437017755878017,-0.0007437017755878017,-0.00014342444447675042
C,2024-01-26,2024-01-26 12:34:00,-0.0007442552795610125,-0.0007442552795610125,-2.0655090949634503e-05
C,2024-01-26,2024-01-26 12:35:00,-0.00018620240201094873,-0.00018620240201094873,0.0001878324097074692
C,2024-01-26,2024-01-26 12:36:00,0.0,0.0,4.681999995448022e-05
C,2024-01-26,2024-01-26 12:37:00,-0.00037247415960528496,-0.00037247415960528496,4.455657124023139e-05
C,2024-01-26,2024-01-26 12:38:00,0.0,0.0,9.450665386260788e-05
C,2024-01-26,2024-01-26 12:39:00,0.00027945971122500524,0.00027945971122500524,2.3729459093449745e-05
C,2024-01-26,2024-01-26 12:40:00,0.00027938163531393556,0.00027938163531393556,-7.841438381738598e-05
C,2024-01-26,2024-01-26 12:41:00,-0.00037240480402189746,-0.00037240480402189746,0.00011130749153839292
C,2024-01-26,2024-01-26 12:42:00,0.0001862717705132244,0.0001862717705132244,2.6590136111098468e-05
C,2024-01-26,2024-01-26 12:43:00,0.0,0.0,-8.298413865596334e-05
C,2024-01-26,2024-01-26 12:44:00,0.0,0.0,7.03442666478184e-05
C,2024-01-26,2024-01-26 12:45:00,0.00018623707980247595,0.00018623707980247595,-1.1271183954109975e-05
C,2024-01-26,2024-01-26 12:46:00,-0.00018620240201094873,-0.00018620240201094873,-5.0327630129251484e-06
C,2024-01-26,2024-01-26 12:47:00,-0.00027935561970393596,-0.00027935561970393596,4.177080263558169e-05
C,2024-01-26,2024-01-26 12:48:00,-0.0007451564828613311,-0.0007451564828613311,4.590495521491515e-05
C,2024-01-26,2024-01-26 12:49:00,0.0006524981357196591,0.0006524981357196591,0.00013347514413344425
C,2024-01-26,2024-01-26 12:50:00,-0.00027945971122500524,-0.00027945971122500524,1.0914181675339744e-05
C,2024-01-26,2024-01-26 12:51:00,9.31792769287565e-05,9.31792769287565e-05,2.192371200787728e-05
C,2024-01-26,2024-01-26 12:52:00,0.00018634119072014066,0.00018634119072014066,0.00019687735347741436
C,2024-01-26,2024-01-26 12:53:00,0.00037261294829993297,0.00037261294829993297,4.517478205099585e-05
C,2024-01-26,2024-01-26 12:54:00,0.00037247415960517394,0.00037247415960517394,6.470791131676667e-05
C,2024-01-26,2024-01-26 12:55:00,-0.00037233547426240854,-0.00037233547426240854,8.711078741341963e-05
C,2024-01-26,2024-01-26 12:56:00,0.00037247415960517394,0.00037247415960517394,6.532585903507315e-06
C,2024-01-26,2024-01-26 12:57:00,0.00027925160569663987,0.00027925160569663987,0.00010206127873008864
C,2024-01-26,2024-01-26 12:58:00,-0.00018611576400529017,-0.00018611576400529017,-4.663095499228823e-06
C,2024-01-26,2024-01-26 12:59:00,-0.0002792256142963856,-0.0002792256142963856,-5.203891662932336e-06
C,2024-01-26,2024-01-26 13:00:00,0.0002793036030164231,0.0002793036030164231,4.7480126977426464e-05
C,2024-01-26,2024-01-26 13:01:00,0.0008376768428890458,0.0008376768428890458,1.9480204447886158e-05
C,2024-01-26,2024-01-26 13:02:00,0.0001859946061564255,0.0001859946061564255,-6.640508709126767e-05
C,2024-01-26,2024-01-26 13:03:00,0.0001859600185958321,0.0001859600185958321,-2.715571932368622e-05
C,2024-01-26,2024-01-26 13:04:00,-0.0001859254438968394,-0.0001859254438968394,5.381745590519007e-05
C,2024-01-26,2024-01-26 13:05:00,-0.00018596001859605416,-0.00018596001859605416,5.197215250284777e-05
C,2024-01-26,2024-01-26 13:06:00,-0.0005579838184692765,-0.0005579838184692765,0.00019203256810344622
C,2024-01-26,2024-01-26 13:07:00,0.00046524611519505044,0.00046524611519505044,0.00016417453754461958
C,2024-01-26,2024-01-26 13:08:00,0.0010230654761902436,0.0010230654761902436,1.5183130180145926e-05
C,2024-01-26,2024-01-26 13:09:00,-0.00018582179689674572,-0.00018582179689674572,-0.00010512756020546768
C,2024-01-26,2024-01-26 13:10:00,0.0,0.0,5.424129535931803e-05
C,2024-01-26,2024-01-26 13:11:00,0.00018585633305456817,0.00018585633305456817,6.501251835552241e-06
C,2024-01-26,2024-01-26 13:12:00,0.0,0.0,1.1095370996109816e-05
C,2024-01-26,2024-01-26 13:13:00,-0.0002787326953451741,-0.0002787326953451741,-3.5067319730539185e-05
C,2024-01-26,2024-01-26 13:14:00,-0.00046468401486976507,-0.00046468401486976507,-0.00010781152762204862
C,2024-01-26,2024-01-26 13:15:00,0.0001859600185958321,0.0001859600185958321,0.00014352393236655763
C,2024-01-26,2024-01-26 13:16:00,0.0005577763316910733,0.0005577763316910733,8.245150661372116e-07
C,2024-01-26,2024-01-26 13:17:00,-0.00018582179689674572,-0.00018582179689674572,-0.00010143501746385055
C,2024-01-26,2024-01-26 13:18:00,-0.00018585633305445715,-0.00018585633305445715,-7.788846724088827e-05
C,2024-01-26,2024-01-26 13:19:00,0.00037178176410446184,0.00037178176410446184,7.047628401623866e-05
C,2024-01-26,2024-01-26 13:20:00,9.291089844842837e-05,9.291089844842837e-05,-5.250863672188484e-05
C,2024-01-26,2024-01-26 13:21:00,0.00046451133407643397,0.00046451133407643397,1.8569802565590826e-05
C,2024-01-26,2024-01-26 13:22:00,0.0,0.0,-0.00015525474836018625
C,2024-01-26,2024-01-26 13:23:00,0.0,0.0,0.00014632964901882645
C,2024-01-26,2024-01-26 13:24:00,0.0009285913269569956,0.0009285913269569956,0.00022622215962738376
C,2024-01-26,2024-01-26 13:25:00,0.0,0.0,-7.613724110142216e-05
C,2024-01-26,2024-01-26 13:26:00,0.0014843677521105825,0.0014843677521105825,0.00014385289506487276
C,2024-01-26,2024-01-26 13:27:00,-0.0015748031496063408,-0.0015748031496063408,-0.00018452800688760766
C,2024-01-26,2024-01-26 13:28:00,0.0006494711449247514,0.0006494711449247514,0.00034535918584062137
C,2024-01-26,2024-01-26 13:29:00,0.0005563282336578101,0.0005563282336578101,-3.6260989843995576e-05
C,2024-01-26,2024-01-26 13:30:00,-0.0007413585395236177,-0.0007413585395236177,-0.0001936197180012387
C,2024-01-26,2024-01-26 13:31:00,-0.0002782157099137095,-0.0002782157099137095,0.00016145230407488834
C,2024-01-26,2024-01-26 13:32:00,-0.0004638218923932458,-0.0004638218923932458,7.292434099009611e-05
C,2024-01-26,2024-01-26 13:33:00,0.00046403712296982924,0.00046403712296982924,2.0750394835271647e-06
C,2024-01-26,2024-01-26 13:34:00,-0.0004638218923932458,-0.0004638218923932458,-6.092093629626396e-06
C,2024-01-26,2024-01-26 13:35:00,-0.0008352668213457148,-0.0008352668213457148,0.00021209372330218982
C,2024-01-26,2024-01-26 13:36:00,-0.0004644250417982221,-0.0004644250417982221,0.00016187655071000416
C,2024-01-26,2024-01-26 13:37:00,-0.00018585633305445715,-0.00018585633305445715,0.0001457945562750199
C,2024-01-26,2024-01-26 13:38:00,-9.294544102611546e-05,-9.294544102611546e-05,3.2850540696538235e-05
C,2024-01-26,2024-01-26 13:39:00,-0.0010224948875255935,-0.0010224948875255935,-7.549133402738659e-05
C,2024-01-26,2024-01-26 13:40:00,-9.304922303887686e-05,-9.304922303887686e-05,0.00017052683742909514
C,2024-01-26,2024-01-26 13:41:00,-0.00018611576400529017,-0.00018611576400529017,4.7067800045205656e-06
C,2024-01-26,2024-01-26 13:42:00,-0.0002792256142963856,-0.0002792256142963856,-2.636287090663661e-05
C,2024-01-26,2024-01-26 13:43:00,0.000744809608044017,0.000744809608044017,-3.263357290575658e-05
C,2024-01-26,2024-01-26 13:44:00,-9.303190994525146e-05,-9.303190994525146e-05,-0.00018596736316139006
C,2024-01-26,2024-01-26 13:45:00,0.00018608113137341675,0.00018608113137341675,6.820781448859062e-05
C,2024-01-26,2024-01-26 13:46:00,-0.00037209302325569293,-0.00037209302325569293,8.00730610262954e-05
C,2024-01-26,2024-01-26 13:47:00,0.0,0.0,0.0002007985932999679
C,2024-01-26,2024-01-26 13:48:00,0.00027917364600793526,0.00027917364600793526,0.00022113658386806466
C,2024-01-26,2024-01-26 13:49:00,0.0,0.0,0.0001050774414686959
C,2024-01-26,2024-01-26 13:50:00,-0.00018606381989028087,-0.00018606381989028087,0.00021984745192391033
C,2024-01-26,2024-01-26 13:51:00,-0.0001860984460780868,-0.0001860984460780868,0.000250196565064787
C,2024-01-26,2024-01-26 13:52:00,0.0002791996277338171,0.0002791996277338171,0.00018158895240169193
C,2024-01-26,2024-01-26 13:53:00,-0.0005582433941196951,-0.0005582433941196951,-6.480347767827149e-05
C,2024-01-26,2024-01-26 13:54:00,0.0004654626698938902,0.0004654626698938902,0.00019942309301446292
C,2024-01-26,2024-01-26 13:55:00,9.304922303887686e-05,9.304922303887686e-05,-0.00012613000097122702
C,2024-01-26,2024-01-26 13:56:00,9.304056568670838e-05,9.304056568670838e-05,-0.0001618202872899892
C,2024-01-26,2024-01-26 13:57:00,0.00018606381989005882,0.00018606381989005882,-0.00018266770466181232
C,2024-01-26,2024-01-26 13:58:00,-0.0003720584131707838,-0.0003720584131707838,9.334915218784677e-05
C,2024-01-26,2024-01-26 13:59:00,0.00037219689215595153,0.00037219689215595153,-6.676630357348049e-05
C,2024-01-26,2024-01-26 14:00:00,0.0,0.0,3.040400133117701e-05
C,2024-01-26,2024-01-26 14:01:00,-0.00027904380987797683,-0.00027904380987797683,0.00018693277834619973
C,2024-01-26,2024-01-26 14:02:00,0.0006512839598065145,0.0006512839598065145,5.902222364744232e-05
C,2024-01-26,2024-01-26 14:03:00,-0.00018596001859605416,-0.00018596001859605416,-8.849673140232773e-06
C,2024-01-26,2024-01-26 14:04:00,0.0,0.0,0.00014839949550873218
C,2024-01-26,2024-01-26 14:05:00,0.0001859946061564255,0.0001859946061564255,-7.066037609694791e-05
C,2024-01-26,2024-01-26 14:06:00,-0.00018596001859605416,-0.00018596001859605416,0.0001053920643170682
C,2024-01-26,2024-01-26 14:07:00,0.0,0.0,-6.419284277878189e-05
C,2024-01-26,2024-01-26 14:08:00,0.0,0.0,0.000160726561037898
C,2024-01-26,2024-01-26 14:09:00,0.00027899190923474926,0.00027899190923474926,0.00011871153312536984
C,2024-01-26,2024-01-26 14:10:00,-9.29713648195607e-05,-9.29713648195607e-05,-1.1025278183068568e-05
C,2024-01-26,2024-01-26 14:11:00,0.0,0.0,-5.955738214734288e-05
C,2024-01-26,2024-01-26 14:12:00,9.298000929791606e-05,9.298000929791606e-05,0.00018299702367095914
C,2024-01-26,2024-01-26 14:13:00,0.00046485682409813656,0.00046485682409813656,0.00016521615997279173
C,2024-01-26,2024-01-26 14:14:00,0.00027878449958174123,0.00027878449958174123,2.724483993847856e-05
C,2024-01-26,2024-01-26 14:15:00,9.290226681546443e-05,9.290226681546443e-05,0.00012445036084729797
C,2024-01-26,2024-01-26 14:16:00,-0.00027868091035765374,-0.00027868091035765374,-7.580065441044186e-05
C,2024-01-26,2024-01-26 14:17:00,9.291953168544254e-05,9.291953168544254e-05,0.00016067807072566643
C,2024-01-26,2024-01-26 14:18:00,0.0,0.0,-0.00012883714447234538
C,2024-01-26,2024-01-26 14:19:00,-0.00018582179689674572,-0.00018582179689674572,5.067921184256591e-05
C,2024-01-26,2024-01-26 14:20:00,-0.00018585633305445715,-0.00018585633305445715,-0.0001498458645849434
C,2024-01-26,2024-01-26 14:21:00,0.00037178176410446184,0.00037178176410446184,2.8110317016589226e-05
C,2024-01-26,2024-01-26 14:22:00,-0.0002787326953451741,-0.0002787326953451741,8.38387397779204e-05
C,2024-01-26,2024-01-26 14:23:00,-9.293680297384199e-05,-9.293680297384199e-05,2.778008239295042e-05
C,2024-01-26,2024-01-26 14:24:00,0.0,0.0,-0.00014399687099976287
C,2024-01-26,2024-01-26 14:25:00,-0.0006506180871828082,-0.0006506180871828082,5.9280257161433236e-05
C,2024-01-26,2024-01-26 14:26:00,0.00037202380952372494,0.00037202380952372494,0.0002226457968632448
C,2024-01-26,2024-01-26 14:27:00,0.00037188545927846484,0.00037188545927846484,0.0001218468991550153
C,2024-01-26,2024-01-26 14:28:00,-0.00027881040892197007,-0.00027881040892197007,4.2501152047680095e-05
C,2024-01-26,2024-01-26 14:29:00,0.0,0.0,7.478874627327277e-05
C,2024-01-26,2024-01-26 14:30:00,0.0006507390536396596,0.0006507390536396596,8.058982999993956e-05
C,2024-01-26,2024-01-26 14:31:00,-0.0006503158677072518,-0.0006503158677072518,6.980295091581562e-05
C,2024-01-26,2024-01-26 14:32:00,0.00018592544389717247,0.00018592544389717247,-1.4313104018454815e-06
C,2024-01-26,2024-01-26 14:33:00,0.0,0.0,0.0001786039084777599
C,2024-01-26,2024-01-26 14:34:00,0.0,0.0,1.7959486724581336e-06
C,2024-01-26,2024-01-26 14:35:00,0.00037178176410446184,0.00037178176410446184,0.00026373579489724435
C,2024-01-26,2024-01-26 14:36:00,0.0,0.0,-0.00013218423549348808
C,2024-01-26,2024-01-26 14:37:00,-0.00018582179689674572,-0.00018582179689674572,0.00012821366269533525
C,2024-01-26,2024-01-26 14:38:00,9.29281665273951e-05,9.29281665273951e-05,-2.4087355069347315e-05
C,2024-01-26,2024-01-26 14:39:00,0.00018583906337110712,0.00018583906337110712,0.00011886130073904073
C,2024-01-26,2024-01-26 14:40:00,0.0007432181345223832,0.0007432181345223832,-8.559082338580905e-05
C,2024-01-26,2024-01-26 14:41:00,-0.0008354994430004314,-0.0008354994430004314,2.9159693293907635e-05
C,2024-01-26,2024-01-26 14:42:00,0.00018582179689685674,0.00018582179689685674,0.0002120397369659261
C,2024-01-26,2024-01-26 14:43:00,0.0005573618207153075,0.0005573618207153075,0.0002335331878814235
C,2024-01-26,2024-01-26 14:44:00,9.284189026081968e-05,9.284189026081968e-05,0.00013280920774130878
C,2024-01-26,2024-01-26 14:45:00,-0.00027849981433347715,-0.00027849981433347715,6.621929052428727e-05
C,2024-01-26,2024-01-26 14:46:00,-9.285913269563295e-05,-9.285913269563295e-05,0.0001690773365983743
C,2024-01-26,2024-01-26 14:47:00,0.0002786032689450213,0.0002786032689450213,0.00010704630405433133
C,2024-01-26,2024-01-26 14:48:00,-0.0001856837805218614,-0.0001856837805218614,3.7623391899469564e-05
C,2024-01-26,2024-01-26 14:49:00,0.0002785773980871209,0.0002785773980871209,-9.566319612342327e-05
C,2024-01-26,2024-01-26 14:50:00,0.0005569996286669543,0.0005569996286669543,0.0001471658795898858
C,2024-01-26,2024-01-26 14:51:00,0.0001855631842642147,0.0001855631842642147,-4.9148553403356165e-05
C,2024-01-26,2024-01-26 14:52:00,-9.276437847871577e-05,-9.276437847871577e-05,-9.618176660895936e-06
C,2024-01-26,2024-01-26 14:53:00,-0.00018554596901365628,-0.00018554596901365628,-0.00012098251856238349
C,2024-01-26,2024-01-26 14:54:00,-0.0001855804027095509,-0.0001855804027095509,2.091916978704557e-05
C,2024-01-26,2024-01-26 14:55:00,-0.0001856148491879983,-0.0001856148491879983,2.9094779532861526e-05
C,2024-01-26,2024-01-26 14:56:00,0.000556947925369089,0.000556947925369089,0.00010286690232678585
C,2024-01-26,2024-01-26 14:57:00,0.00018554596901387832,0.00018554596901387832,9.440810391333337e-06
C,2024-01-26,2024-01-26 14:58:00,-0.00018551154809398618,-0.00018551154809398618,-3.6246596066283806e-05
C,2024-01-26,2024-01-26 14:59:00,9.277298450705018e-05,9.277298450705018e-05,-1.673669692585057e-05
C,2024-01-26,2024-01-26 15:00:00,-9.276437847871577e-05,-9.276437847871577e-05,5.917555748027545e-05
C,2024-01-26,2024-01-26 15:01:00,0.0004638649225345848,0.0004638649225345848,5.3589128189259295e-05
C,2024-01-26,2024-01-26 15:02:00,0.00027818991097916523,0.00027818991097916523,-5.090521330765811e-05
C,2024-01-26,2024-01-26 15:03:00,0.0001854083619170499,0.0001854083619170499,1.5931999029801282e-05
C,2024-01-26,2024-01-26 15:04:00,-0.0004634349800722859,-0.0004634349800722859,-4.879630828372407e-05
C,2024-01-26,2024-01-26 15:05:00,0.0005563798219585525,0.0005563798219585525,0.00015493090395754205
C,2024-01-26,2024-01-26 15:06:00,-0.0006487488415199971,-0.0006487488415199971,-5.3274823486034515e-05
C,2024-01-26,2024-01-26 15:07:00,-9.27385699712735e-05,-9.27385699712735e-05,2.9509214673223904e-05
C,2024-01-26,2024-01-26 15:08:00,0.00027824151363375904,0.00027824151363375904,3.125299093185037e-05
C,2024-01-26,2024-01-26 15:09:00,0.0001854427445526774,0.0001854427445526774,3.610550687844203e-05
C,2024-01-26,2024-01-26 15:10:00,-0.00018540836191727195,-0.00018540836191727195,8.958936833060114e-05
C,2024-01-26,2024-01-26 15:11:00,-0.00018544274455256637,-0.00018544274455256637,9.718112104316928e-05
C,2024-01-26,2024-01-26 15:12:00,-0.000556431419827419,-0.000556431419827419,0.00023357391940062068
C,2024-01-26,2024-01-26 15:13:00,-0.0001855804027095509,-0.0001855804027095509,0.00020922496872188522
C,2024-01-26,2024-01-26 15:14:00,-0.0003712296983757746,-0.0003712296983757746,0.00012711678255433224
C,2024-01-26,2024-01-26 15:15:00,0.00018568378052163936,0.00018568378052163936,8.606154521849243e-05
C,2024-01-26,2024-01-26 15:16:00,0.0,0.0,0.00010802582874355586
C,2024-01-26,2024-01-26 15:17:00,-0.00037129861691254096,-0.00037129861691254096,0.0001373429378606146
C,2024-01-26,2024-01-26 15:18:00,0.0,0.0,-5.263583454197109e-05
C,2024-01-26,2024-01-26 15:19:00,-0.0005571547961742418,-0.0005571547961742418,-6.376779252149627e-05
C,2024-01-26,2024-01-26 15:20:00,0.0,0.0,1.8463474396511002e-05
C,2024-01-26,2024-01-26 15:21:00,-0.0005574653906903482,-0.0005574653906903482,1.1070855676611246e-05
C,2024-01-26,2024-01-26 15:22:00,0.0,0.0,4.748168114615141e-05
C,2024-01-26,2024-01-26 15:23:00,0.0007437017755880238,0.0007437017755880238,2.9386997599523124e-05
C,2024-01-26,2024-01-26 15:24:00,-0.0003715745471435383,-0.0003715745471435383,-0.00023816279465865308
C,2024-01-26,2024-01-26 15:25:00,-0.00037171266610913634,-0.00037171266610913634,0.00012517295602532783
C,2024-01-26,2024-01-26 15:26:00,-9.296272194836419e-05,-9.296272194836419e-05,5.867814970718559e-05
C,2024-01-26,2024-01-26 15:27:00,-0.00027891409445890414,-0.00027891409445890414,6.350352488196026e-05
C,2024-01-26,2024-01-26 15:28:00,0.0001859946061564255,0.0001859946061564255,0.00011274482194568314
C,2024-01-26,2024-01-26 15:29:00,-0.00037192003719221933,-0.00037192003719221933,0.00017246104284097158
C,2024-01-26,2024-01-26 15:30:00,0.00037205841317100585,0.00037205841317100585,7.6568044053912e-05
C,2024-01-26,2024-01-26 15:31:00,0.0001859600185958321,0.0001859600185958321,0.00013901701057805437
C,2024-01-26,2024-01-26 15:32:00,0.0,0.0,-6.851524762220174e-07
C,2024-01-26,2024-01-26 15:33:00,-0.0001859254438968394,-0.0001859254438968394,3.0499518258793757e-05
C,2024-01-26,2024-01-26 15:34:00,0.0001859600185958321,0.0001859600185958321,2.8817530630477907e-05
C,2024-01-26,2024-01-26 15:35:00,0.0,0.0,0.00010626240116801881
C,2024-01-26,2024-01-26 15:36:00,0.0,0.0,9.308126511454729e-06
C,2024-01-26,2024-01-26 15:37:00,9.296272194858624e-05,9.296272194858624e-05,0.00015325866734675067
C,2024-01-26,2024-01-26 15:38:00,-0.00037181632273664,-0.00037181632273664,1.2377807587520739e-05
C,2024-01-26,2024-01-26 15:39:00,0.00037195462153616354,0.00037195462153616354,1.587922114740483e-05
C,2024-01-26,2024-01-26 15:40:00,-9.295408068421551e-05,-9.295408068421551e-05,1.2930060000862619e-05
C,2024-01-26,2024-01-26 15:41:00,0.0005577763316910733,0.0005577763316910733,5.72588533684671e-05
C,2024-01-26,2024-01-26 15:42:00,-0.00018582179689674572,-0.00018582179689674572,-5.53587490502624e-05
C,2024-01-26,2024-01-26 15:43:00,0.0,0.0,3.48642139254838e-05
C,2024-01-26,2024-01-26 15:44:00,-0.00018585633305445715,-0.00018585633305445715,3.496284434882021e-05
C,2024-01-26,2024-01-26 15:45:00,0.00018589088205223092,0.00018589088205223092,-2.985043161272033e-05
C,2024-01-26,2024-01-26 15:46:00,0.00018585633305456817,0.00018585633305456817,4.303736249415674e-06
C,2024-01-26,2024-01-26 15:47:00,-0.00037164359379349143,-0.00037164359379349143,-4.345675252415188e-05
C,2024-01-26,2024-01-26 15:48:00,0.00018589088205223092,0.00018589088205223092,1.562579405596039e-05
C,2024-01-26,2024-01-26 15:49:00,-0.00018585633305445715,-0.00018585633305445715,6.950816219219782e-05
C,2024-01-26,2024-01-26 15:50:00,-0.0005576726461566928,-0.0005576726461566928,7.957430172681617e-05
C,2024-01-26,2024-01-26 15:51:00,-0.000743978424625813,-0.000743978424625813,0.00013243589922899753
C,2024-01-26,2024-01-26 15:52:00,0.0001861330851560261,0.0001861330851560261,0.00026103726743995743
C,2024-01-26,2024-01-26 15:53:00,0.00037219689215595153,0.00037219689215595153,0.000171347481026461
C,2024-01-26,2024-01-26 15:54:00,-0.00037205841317089483,-0.00037205841317089483,1.3817384741604785e-05
C,2024-01-26,2024-01-26 15:55:00,-0.0006513445612728042,-0.0006513445612728042,0.0001290264494906717
C,2024-01-26,2024-01-26 15:56:00,-0.00018621973929244806,-0.00018621973929244806,0.00012863422340493385
C,2024-01-26,2024-01-26 15:57:00,-0.0006518904823988869,-0.0006518904823988869,0.0001151589068111252
C,2024-01-26,2024-01-26 15:58:00,0.0003727518404621488,0.0003727518404621488,0.0001511348972281533
C,2024-01-29,2024-01-29 09:40:00,0.0004663744053725605,0.0004663744053725605,0.00034316791947475135
C,2024-01-29,2024-01-29 09:41:00,-0.0010255454036918188,-0.0010255454036918188,-5.582528462347068e-05
C,2024-01-29,2024-01-29 09:42:00,0.00018665422305175206,0.00018665422305175206,0.00015112953424870334
C,2024-01-29,2024-01-29 09:43:00,-0.0007464775590183548,-0.0007464775590183548,3.010410715064642e-05
C,2024-01-29,2024-01-29 09:44:00,0.00018675880100849085,0.00018675880100849085,0.00021656070015550286
C,2024-01-29,2024-01-29 09:45:00,-0.0007468957146857802,-0.0007468957146857802,-9.876752646449134e-05
C,2024-01-29,2024-01-29 09:46:00,0.00028029524432393593,0.00028029524432393593,0.00017003252905901424
C,2024-01-29,2024-01-29 09:47:00,0.0014010835045770165,0.0014010835045770165,-7.826952756740711e-05
C,2024-01-29,2024-01-29 09:48:00,-0.0007461990485962966,-0.0007461990485962966,-0.00037356139709310667
C,2024-01-29,2024-01-29 09:49:00,0.0001866890693551504,0.0001866890693551504,-8.13157448703608e-07
C,2024-01-29,2024-01-29 09:50:00,0.0005599626691554782,0.0005599626691554782,-0.00015917418350917372
C,2024-01-29,2024-01-29 09:51:00,0.0013058483350432137,0.0013058483350432137,-9.501739731932086e-05
C,2024-01-29,2024-01-29 09:52:00,0.000745225896600088,0.000745225896600088,-0.000378994086618072
C,2024-01-29,2024-01-29 09:53:00,-9.308386856565765e-05,-9.308386856565765e-05,-0.00032766728952983567
C,2024-01-29,2024-01-29 09:54:00,0.0015825730776390934,0.0015825730776390934,-0.00015393204560651004
C,2024-01-29,2024-01-29 09:55:00,9.294544102611546e-05,9.294544102611546e-05,-0.0004102496289689817
C,2024-01-29,2024-01-29 09:56:00,9.293680297406404e-05,9.293680297406404e-05,-5.123324167819164e-05
C,2024-01-29,2024-01-29 09:57:00,-0.0004646408326363094,-0.0004646408326363094,-9.413187245634278e-05
C,2024-01-29,2024-01-29 09:58:00,0.00027891409445901516,0.00027891409445901516,9.887785622131436e-05
C,2024-01-29,2024-01-29 09:59:00,-9.294544102611546e-05,-9.294544102611546e-05,5.406097464060987e-05
C,2024-01-29,2024-01-29 10:00:00,-0.000557724484104738,-0.000557724484104738,4.704179709477017e-05
C,2024-01-29,2024-01-29 10:01:00,0.00037202380952372494,0.00037202380952372494,0.00011695556699007552
C,2024-01-29,2024-01-29 10:02:00,9.297136481944968e-05,9.297136481944968e-05,-5.018619154342403e-05
C,2024-01-29,2024-01-29 10:03:00,0.0,0.0,-8.657621896481947e-06
C,2024-01-29,2024-01-29 10:04:00,0.00018592544389717247,0.00018592544389717247,4.862368475706277e-05
C,2024-01-29,2024-01-29 10:05:00,0.0004647272051305773,0.0004647272051305773,-3.169106204226386e-05
C,2024-01-29,2024-01-29 10:06:00,0.0005574136008918984,0.0005574136008918984,-4.426854230859291e-06
C,2024-01-29,2024-01-29 10:07:00,0.0007428040854224882,0.0007428040854224882,-0.0001678585642305812
C,2024-01-29,2024-01-29 10:08:00,0.0006494711449247514,0.0006494711449247514,-5.611999455866944e-05
C,2024-01-29,2024-01-29 10:09:00,-0.0016689847009735415,-0.0016689847009735415,-0.00017908055856214041
C,2024-01-29,2024-01-29 10:10:00,0.0005572582892170441,0.0005572582892170441,0.00030365427398065494
C,2024-01-29,2024-01-29 10:11:00,9.282465422844055e-05,9.282465422844055e-05,-1.6600444105591715e-05
C,2024-01-29,2024-01-29 10:12:00,0.0006497122702802116,0.0006497122702802116,-2.9384937666281336e-05
C,2024-01-29,2024-01-29 10:13:00,0.0,0.0,-0.0001422428940108821
C,2024-01-29,2024-01-29 10:14:00,0.00027826732214086825,0.00027826732214086825,-9.897884372680652e-05
C,2024-01-29,2024-01-29 10:15:00,0.0008345697329377177,0.0008345697329377177,-1.899399897426181e-05
C,2024-01-29,2024-01-29 10:16:00,-0.0003706105809321292,-0.0003706105809321292,-0.00016074839568013734
C,2024-01-29,2024-01-29 10:17:00,0.0,0.0,-8.178139919802301e-05
C,2024-01-29,2024-01-29 10:18:00,0.0002780609880432827,0.0002780609880432827,-5.965037394875682e-05
C,2024-01-29,2024-01-29 10:19:00,0.00027798369162335135,0.00027798369162335135,-2.1896431298113016e-05
C,2024-01-29,2024-01-29 10:20:00,0.0,0.0,8.885368614189328e-06
C,2024-01-29,2024-01-29 10:21:00,-0.0011116257526632145,-0.0011116257526632145,-9.66260539091057e-05
C,2024-01-29,2024-01-29 10:22:00,-0.000927385699712624,-0.000927385699712624,0.00020567645257832924
C,2024-01-29,2024-01-29 10:23:00,-9.282465422810748e-05,-9.282465422810748e-05,0.00027102244917415105
C,2024-01-29,2024-01-29 10:24:00,0.0005569996286669543,0.0005569996286669543,-1.104127176668137e-05
C,2024-01-29,2024-01-29 10:25:00,0.00046390796066053674,0.00046390796066053674,-1.0024573377051887e-05
C,2024-01-29,2024-01-29 10:26:00,0.000741908559769966,0.000741908559769966,-0.0001105127712435145
C,2024-01-29,2024-01-29 10:27:00,0.0001853396348809877,0.0001853396348809877,-0.00013634046417348119
C,2024-01-29,2024-01-29 10:28:00,0.0002779579356990691,0.0002779579356990691,-0.0001331376367778718
C,2024-01-29,2024-01-29 10:29:00,-9.262689885158881e-05,-9.262689885158881e-05,-0.00014570629783944327
C,2024-01-29,2024-01-29 10:30:00,-0.0006484483557201992,-0.0006484483557201992,-1.092427196145572e-06
C,2024-01-29,2024-01-29 10:31:00,-0.0009269558769001707,-0.0009269558769001707,0.000127121862351362
C,2024-01-29,2024-01-29 10:32:00,0.00027834477639632205,0.00027834477639632205,0.00022187323450559635
C,2024-01-29,2024-01-29 10:33:00,0.0,0.0,7.040633820324666e-05
C,2024-01-29,2024-01-29 10:34:00,-0.00027826732214086825,-0.00027826732214086825,0.00018160943005442718
C,2024-01-29,2024-01-29 10:35:00,0.00046390796066053674,0.00046390796066053674,0.00012260969038439156
C,2024-01-29,2024-01-29 10:36:00,0.0,0.0,-3.969925672177948e-05
C,2024-01-29,2024-01-29 10:37:00,-0.008624687007326326,-0.0036319589914071146,0.00014462732532457878
C,2024-01-29,2024-01-29 10:38:00,0.009448082319925,0.003560691264071245,0.001163384109737337
C,2024-01-29,2024-01-29 10:39:00,-0.0005560189046427411,-0.0005560189046427411,-0.0008629911428118387
C,2024-01-29,2024-01-29 10:40:00,0.0006490496059341488,0.0006490496059341488,-0.0001016131833318422
C,2024-01-29,2024-01-29 10:41:00,-0.0008339510748702761,-0.0008339510748702761,-3.9189201840784185e-05
C,2024-01-29,2024-01-29 10:42:00,-0.0008346471297411284,-0.0008346471297411284,-6.304346795118691e-06
C,2024-01-29,2024-01-29 10:43:00,-0.0001856320772229969,-0.0001856320772229969,3.296940965032975e-05
C,2024-01-29,2024-01-29 10:44:00,9.283327144449238e-05,9.283327144449238e-05,2.3743392582693045e-05
C,2024-01-29,2024-01-29 10:45:00,-0.0012067205049660634,-0.0012067205049660634,-9.476635749194227e-05
C,2024-01-29,2024-01-29 10:46:00,0.0008364312267659102,0.0008364312267659102,0.0002760945136068864
C,2024-01-29,2024-01-29 10:47:00,-0.007335871482960221,-0.0036319589914071146,-0.00025153039033976054
C,2024-01-29,2024-01-29 10:48:00,0.007577174929841002,0.003560691264071245,0.0011282039369250442
C,2024-01-29,2024-01-29 10:49:00,-0.0006498932318262929,-0.0006498932318262929,-0.0008908577586608218
C,2024-01-29,2024-01-29 10:50:00,0.00046451133407643397,0.00046451133407643397,3.266228703720102e-05
C,2024-01-29,2024-01-29 10:51:00,0.0,0.0,4.6284809372811034e-05
C,2024-01-29,2024-01-29 10:52:00,-0.00018571826539137692,-0.00018571826539137692,7.567068075925869e-06
C,2024-01-29,2024-01-29 10:53:00,0.0002786291446086331,0.0002786291446086331,-0.0001334680866750823
C,2024-01-29,2024-01-29 10:54:00,-0.00018570102135562205,-0.00018570102135562205,0.00015932439251445992
C,2024-01-29,2024-01-29 10:55:00,-0.0007429420505201678,-0.0007429420505201678,0.0001396886831330818
C,2024-01-29,2024-01-29 10:56:00,-9.293680297384199e-05,-9.293680297384199e-05,0.00017998904932794331
C,2024-01-29,2024-01-29 10:57:00,0.0005576726461566928,0.0005576726461566928,-8.551754749284432e-05
C,2024-01-29,2024-01-29 10:58:00,0.0,0.0,-6.547597868848356e-05
C,2024-01-29,2024-01-29 10:59:00,-0.00018578727357188018,-0.00018578727357188018,-4.962912625046085e-05
C,2024-01-29,2024-01-29 11:00:00,0.00018582179689685674,0.00018582179689685674,-5.4945286341162515e-05
C,2024-01-29,2024-01-29 11:01:00,0.00018578727357176916,0.00018578727357176916,-0.00013885880136977818
C,2024-01-29,2024-01-29 11:02:00,0.00018575276307242206,0.00018575276307242206,-7.690514231472535e-05
C,2024-01-29,2024-01-29 11:03:00,-0.00018571826539137692,-0.00018571826539137692,0.0001244302237244571
C,2024-01-29,2024-01-29 11:04:00,-0.007151481378285474,-0.0036319589914071146,5.6734334267921694e-05
C,2024-01-29,2024-01-29 11:05:00,0.007951356407857713,0.003560691264071245,0.001187136070772509
C,2024-01-29,2024-01-29 11:06:00,-0.0001856148491879983,-0.0001856148491879983,-0.0006948967163157592
C,2024-01-29,2024-01-29 11:07:00,-0.000556947925368867,-0.000556947925368867,-0.00021620016091873802
C,2024-01-29,2024-01-29 11:08:00,0.0,0.0,-6.482075196158117e-05
C,2024-01-29,2024-01-29 11:09:00,9.287638153621103e-05,9.287638153621103e-05,9.28349550883267e-05
C,2024-01-29,2024-01-29 11:10:00,-9.28677563150071e-05,-9.28677563150071e-05,-0.00019323671994424577
C,2024-01-29,2024-01-29 11:11:00,0.00018575276307242206,0.00018575276307242206,-9.312938589971555e-05
C,2024-01-29,2024-01-29 11:12:00,0.00018571826539148795,0.00018571826539148795,0.00015735455124422603
C,2024-01-29,2024-01-29 11:13:00,0.0,0.0,-0.00016180408744387014
C,2024-01-29,2024-01-29 11:14:00,-0.0004642094513045425,-0.0004642094513045425,-0.00014332291532970627
C,2024-01-29,2024-01-29 11:15:00,0.0006501950585175997,0.0006501950585175997,-2.8016744930565462e-05
C,2024-01-29,2024-01-29 11:16:00,-0.000185649308456326,-0.000185649308456326,-0.0002515898406747048
C,2024-01-29,2024-01-29 11:17:00,0.00046420945130432045,0.00046420945130432045,-7.964098144324332e-05
C,2024-01-29,2024-01-29 11:18:00,-0.00046399406087604955,-0.00046399406087604955,-0.00024092705691887182
C,2024-01-29,2024-01-29 11:19:00,0.0,0.0,-0.00011994885142730916
C,2024-01-29,2024-01-29 11:20:00,-0.0003713675610436118,-0.0003713675610436118,3.439013823030712e-05
C,2024-01-29,2024-01-29 11:21:00,-0.0003715055261447331,-0.0003715055261447331,-6.429180555133641e-05
C,2024-01-29,2024-01-29 11:22:00,-0.001022019882932157,-0.001022019882932157,-2.7212894559026646e-05
C,2024-01-29,2024-01-29 11:23:00,9.300595238093123e-05,9.300595238093123e-05,0.00023859431021936063
C,2024-01-29,2024-01-29 11:24:00,0.0001859946061564255,0.0001859946061564255,0.00010511743691372553
C,2024-01-29,2024-01-29 11:25:00,-0.00018596001859605416,-0.00018596001859605416,-9.589268194973612e-05
C,2024-01-29,2024-01-29 11:26:00,0.000371989212312851,0.000371989212312851,-3.1710847584563204e-05
C,2024-01-29,2024-01-29 11:27:00,0.00018592544389717247,0.00018592544389717247,7.323442195478598e-05
C,2024-01-29,2024-01-29 11:28:00,0.00037178176410446184,0.00037178176410446184,-8.638153042589206e-05
C,2024-01-29,2024-01-29 11:29:00,0.0,0.0,-0.00018227336525562817
C,2024-01-29,2024-01-29 11:30:00,0.00018582179689685674,0.00018582179689685674,-9.146871389598863e-05
C,2024-01-29,2024-01-29 11:31:00,-0.00018578727357188018,-0.00018578727357188018,-0.00013836422649354354
C,2024-01-29,2024-01-29 11:32:00,0.0,0.0,-9.628042064040587e-05
C,2024-01-29,2024-01-29 11:33:00,-0.006782495586732273,-0.0036319589914071146,-7.000646352605382e-06
C,2024-01-29,2024-01-29 11:34:00,0.007296538821328413,0.003560691264071245,0.0010990038628814738
C,2024-01-29,2024-01-29 11:35:00,0.0001857355126300142,0.0001857355126300142,-0.0008402867345090815
C,2024-01-29,2024-01-29 11:36:00,-0.0004642525533889996,-0.0004642525533889996,-0.00012314757200507104
C,2024-01-29,2024-01-29 11:37:00,0.0,0.0,-7.88828027590319e-05
C,2024-01-29,2024-01-29 11:38:00,0.0,0.0,8.782814056305672e-05
C,2024-01-29,2024-01-29 11:39:00,0.0007431490942868546,0.0007431490942868546,-0.00019240805366353716
C,2024-01-29,2024-01-29 11:40:00,-0.00037129861691254096,-0.00037129861691254096,-0.00014873872831724124
C,2024-01-29,2024-01-29 11:41:00,-0.00018571826539137692,-0.00018571826539137692,1.823914058805907e-05
C,2024-01-29,2024-01-29 11:42:00,0.00018575276307242206,0.00018575276307242206,-5.099852971346538e-05
C,2024-01-29,2024-01-29 11:43:00,9.2859132695855e-05,9.2859132695855e-05,0.0001374462651864546
C,2024-01-29,2024-01-29 11:44:00,9.285051067786654e-05,9.285051067786654e-05,-1.0516332214793724e-05
C,2024-01-29,2024-01-29 11:45:00,0.00046420945130432045,0.00046420945130432045,-5.378934144101949e-05
C,2024-01-29,2024-01-29 11:46:00,-0.00046399406087604955,-0.00046399406087604955,-0.00019678299527240198
C,2024-01-29,2024-01-29 11:47:00,-0.0001856837805218614,-0.0001856837805218614,0.00019362962528727214
C,2024-01-29,2024-01-29 11:48:00,0.00046429566347860884,0.00046429566347860884,-7.648125221927966e-05
C,2024-01-29,2024-01-29 11:49:00,9.281603861133192e-05,9.281603861133192e-05,5.255185446396012e-05
C,2024-01-29,2024-01-29 11:50:00,-0.0005568445475637729,-0.0005568445475637729,7.494921543232587e-06
C,2024-01-29,2024-01-29 11:51:00,0.00018571826539148795,0.00018571826539148795,2.4807879436307707e-05
C,2024-01-29,2024-01-29 11:52:00,-0.0003713675610436118,-0.0003713675610436118,8.398297608463498e-05
C,2024-01-29,2024-01-29 11:53:00,0.00018575276307242206,0.00018575276307242206,-2.2194333077827704e-05
C,2024-01-29,2024-01-29 11:54:00,0.0,0.0,-0.00010128005630563085
C,2024-01-29,2024-01-29 11:55:00,-0.00018571826539137692,-0.00018571826539137692,-3.5308938479535466e-05
C,2024-01-29,2024-01-29 11:56:00,0.00018575276307242206,0.00018575276307242206,5.593550275107806e-05
C,2024-01-29,2024-01-29 11:57:00,-0.007335871482960221,-0.0036319589914071146,0.000125469466081353
C,2024-01-29,2024-01-29 11:58:00,0.007577174929841002,0.003560691264071245,0.0009769231153600926
C,2024-01-29,2024-01-29 11:59:00,-0.0006498932318262929,-0.0006498932318262929,-0.0006450030475323025
C,2024-01-29,2024-01-29 12:00:00,-9.290226681535341e-05,-9.290226681535341e-05,-0.00010239255206775373
C,2024-01-29,2024-01-29 12:01:00,0.0,0.0,-5.00852600055309e-05
C,2024-01-29,2024-01-29 12:02:00,0.0,0.0,6.183489433915283e-05
C,2024-01-29,2024-01-29 12:03:00,0.0,0.0,-0.00012277127079277482
C,2024-01-29,2024-01-29 12:04:00,-0.00018582179689674572,-0.00018582179689674572,0.00019150028007592243
C,2024-01-29,2024-01-29 12:05:00,-0.00018585633305445715,-0.00018585633305445715,4.670064913474538e-05
C,2024-01-29,2024-01-29 12:06:00,0.00037178176410446184,0.00037178176410446184,0.00015637278598571957
C,2024-01-29,2024-01-29 12:07:00,0.0,0.0,-2.8255599462544308e-05
C,2024-01-29,2024-01-29 12:08:00,0.00018582179689685674,0.00018582179689685674,-2.579544438697305e-06
C,2024-01-29,2024-01-29 12:09:00,0.0003715745471435383,0.0003715745471435383,3.752307683306203e-05
C,2024-01-29,2024-01-29 12:10:00,0.0,0.0,-2.3749756311797538e-05
C,2024-01-29,2024-01-29 12:11:00,0.0,0.0,-3.1885879695896704e-05
C,2024-01-29,2024-01-29 12:12:00,-0.00018571826539137692,-0.00018571826539137692,-7.685373081129117e-05
C,2024-01-29,2024-01-29 12:13:00,-0.00018575276307231103,-0.00018575276307231103,1.0641184383882755e-05
C,2024-01-29,2024-01-29 12:14:00,0.0,0.0,-2.1795166461090836e-05
C,2024-01-29,2024-01-29 12:15:00,0.0,0.0,-6.314504742511804e-05
C,2024-01-29,2024-01-29 12:16:00,0.00027868091035765374,0.00027868091035765374,0.00019461731163054175
C,2024-01-29,2024-01-29 12:17:00,-9.28677563150071e-05,-9.28677563150071e-05,9.443271361906345e-05
C,2024-01-29,2024-01-29 12:18:00,0.0,0.0,-4.4842792417371326e-05
C,2024-01-29,2024-01-29 12:19:00,-0.0003715055261447331,-0.0003715055261447331,0.00022523012187750276
C,2024-01-29,2024-01-29 12:20:00,0.00046455449224214185,0.00046455449224214185,2.041405131209037e-06
C,2024-01-29,2024-01-29 12:21:00,-0.0003714710252601394,-0.0003714710252601394,0.00010491614181057297
C,2024-01-29,2024-01-29 12:22:00,0.0002787068004459492,0.0002787068004459492,-0.00010798258852441313
C,2024-01-29,2024-01-29 12:23:00,9.287638153621103e-05,9.287638153621103e-05,0.00014555026485121424
C,2024-01-29,2024-01-29 12:24:00,-0.0003714710252601394,-0.0003714710252601394,-0.00014777202628945331
C,2024-01-29,2024-01-29 12:25:00,0.0002787068004459492,0.0002787068004459492,2.216175361793022e-05
C,2024-01-29,2024-01-29 12:26:00,-0.0003715055261447331,-0.0003715055261447331,-2.79690377082443e-05
C,2024-01-29,2024-01-29 12:27:00,-0.00037164359379349143,-0.00037164359379349143,-2.9769701762798255e-05
C,2024-01-29,2024-01-29 12:28:00,0.0002788363230783464,0.0002788363230783464,-5.0935601482340076e-05
C,2024-01-29,2024-01-29 12:29:00,9.291953168544254e-05,9.291953168544254e-05,0.00012324232185405065
C,2024-01-29,2024-01-29 12:30:00,-9.291089844831735e-05,-9.291089844831735e-05,-3.5263864224980924e-05
C,2024-01-29,2024-01-29 12:31:00,0.00018583906337110712,0.00018583906337110712,0.00012504136592084885
C,2024-01-29,2024-01-29 12:32:00,-0.0068747677443329325,-0.0036319589914071146,-9.390936781612124e-05
C,2024-01-29,2024-01-29 12:33:00,0.006828811973807136,0.003560691264071245,0.0011251720304880817
C,2024-01-29,2024-01-29 12:34:00,0.00018582179689685674,0.00018582179689685674,-0.0008463967709904114
C,2024-01-29,2024-01-29 12:35:00,0.00018578727357176916,0.00018578727357176916,-3.4262828220442564e-05
C,2024-01-29,2024-01-29 12:36:00,9.287638153621103e-05,9.287638153621103e-05,-0.00011867277714111411
C,2024-01-29,2024-01-29 12:37:00,-9.28677563150071e-05,-9.28677563150071e-05,-4.5955741027540555e-05
C,2024-01-29,2024-01-29 12:38:00,9.287638153621103e-05,9.287638153621103e-05,-4.16238483302794e-05
C,2024-01-29,2024-01-29 12:39:00,-0.0002786032689450213,-0.0002786032689450213,-0.00014434408355577192
C,2024-01-29,2024-01-29 12:40:00,-0.00027868091035765374,-0.00027868091035765374,-5.420886999201577e-05
C,2024-01-29,2024-01-29 12:41:00,-0.0002787585950566607,-0.0002787585950566607,3.183580545335262e-05
C,2024-01-29,2024-01-29 12:42:00,9.294544102611546e-05,9.294544102611546e-05,-4.357766597342125e-05
C,2024-01-29,2024-01-29 12:43:00,0.00027881040892197007,0.00027881040892197007,0.0001171385870363964
C,2024-01-29,2024-01-29 12:44:00,-0.0005574653906903482,-0.0005574653906903482,-2.5108264983044736e-06
C,2024-01-29,2024-01-29 12:45:00,-0.0007437017755878017,-0.0007437017755878017,-6.28546442043189e-06
C,2024-01-29,2024-01-29 12:46:00,9.303190994502941e-05,9.303190994502941e-05,0.00024102429225227007
C,2024-01-29,2024-01-29 12:47:00,-9.302325581383997e-05,-9.302325581383997e-05,0.00015296922390873436
C,2024-01-29,2024-01-29 12:48:00,9.303190994502941e-05,9.303190994502941e-05,5.72737253563969e-05
C,2024-01-29,2024-01-29 12:49:00,0.00046511627906986597,0.00046511627906986597,9.201625563057573e-05
C,2024-01-29,2024-01-29 12:50:00,-0.00037192003719221933,-0.00037192003719221933,-0.00010327792836772584
C,2024-01-29,2024-01-29 12:51:00,-0.0007441168263415676,-0.0007441168263415676,0.00015219467385343876
C,2024-01-29,2024-01-29 12:52:00,-0.0002792516056967509,-0.0002792516056967509,0.0001028272594685424
C,2024-01-29,2024-01-29 12:53:00,0.0,0.0,-6.844886609735661e-05
C,2024-01-29,2024-01-29 12:54:00,9.310986964616852e-05,9.310986964616852e-05,-6.974058993615505e-05
C,2024-01-29,2024-01-29 12:55:00,0.0,0.0,8.966288461097292e-05
C,2024-01-29,2024-01-29 12:56:00,-0.00018620240201094873,-0.00018620240201094873,-3.1998725015156866e-05
C,2024-01-29,2024-01-29 12:57:00,0.0,0.0,-0.00014496055651856468
C,2024-01-29,2024-01-29 12:58:00,0.0,0.0,1.4462547684149446e-05
C,2024-01-29,2024-01-29 12:59:00,-0.00037247415960528496,-0.00037247415960528496,-2.7317968062922294e-05
C,2024-01-29,2024-01-29 13:00:00,-0.00037261294829993297,-0.00037261294829993297,-0.00013610935999833698
C,2024-01-29,2024-01-29 13:01:00,0.0,0.0,-4.205361029813779e-05
C,2024-01-29,2024-01-29 13:02:00,0.0001863759202309634,0.0001863759202309634,7.292984978654883e-05
C,2024-01-29,2024-01-29 13:03:00,0.0,0.0,-5.149114269969728e-05
C,2024-01-29,2024-01-29 13:04:00,0.00018634119072014066,0.00018634119072014066,-5.9201667608576824e-05
C,2024-01-29,2024-01-29 13:05:00,0.0001863064741500775,0.0001863064741500775,-0.0001385163550563032
C,2024-01-29,2024-01-29 13:06:00,-0.0001862717705132244,-0.0001862717705132244,-4.283786416600973e-05
C,2024-01-29,2024-01-29 13:07:00,0.0001863064741500775,0.0001863064741500775,-7.614144511618798e-05
C,2024-01-29,2024-01-29 13:08:00,0.0001862717705132244,0.0001862717705132244,4.396958588536978e-05
C,2024-01-29,2024-01-29 13:09:00,0.0,0.0,-5.65037693197058e-05
C,2024-01-29,2024-01-29 13:10:00,0.00037247415960517394,0.00037247415960517394,-0.00017477203824651217
C,2024-01-29,2024-01-29 13:11:00,0.0,0.0,4.777967536056537e-05
C,2024-01-29,2024-01-29 13:12:00,9.308386856554662e-05,9.308386856554662e-05,-7.009886792642919e-05
C,2024-01-29,2024-01-29 13:13:00,9.307520476542486e-05,9.307520476542486e-05,0.00011484754172972722
C,2024-01-29,2024-01-29 13:14:00,0.0,0.0,-9.43850418531716e-05
C,2024-01-29,2024-01-29 13:15:00,0.0001861330851560261,0.0001861330851560261,6.05904921259761e-05
C,2024-01-29,2024-01-29 13:16:00,-0.0003721968921558405,-0.0003721968921558405,0.00013103697241463518
C,2024-01-29,2024-01-29 13:17:00,0.0,0.0,-5.499650864189465e-05
C,2024-01-29,2024-01-29 13:18:00,9.308386856554662e-05,9.308386856554662e-05,5.048228744121221e-05
C,2024-01-29,2024-01-29 13:19:00,9.307520476542486e-05,9.307520476542486e-05,0.0001369562512744965
C,2024-01-29,2024-01-29 13:20:00,0.0001861330851560261,0.0001861330851560261,0.00016950792027837288
C,2024-01-29,2024-01-29 13:21:00,0.0,0.0,6.38355838894728e-05
C,2024-01-29,2024-01-29 13:22:00,0.00037219689215595153,0.00037219689215595153,0.0001911358655492699
C,2024-01-29,2024-01-29 13:23:00,0.0,0.0,0.00012133689624895734
C,2024-01-29,2024-01-29 13:24:00,0.00027904380987808786,0.00027904380987808786,0.00013175182651502265
C,2024-01-29,2024-01-29 13:25:00,-9.298865538398537e-05,-9.298865538398537e-05,9.063755052531696e-05
C,2024-01-29,2024-01-29 13:26:00,-9.299730307810172e-05,-9.299730307810172e-05,8.029350943594562e-05
C,2024-01-29,2024-01-29 13:27:00,9.300595238093123e-05,9.300595238093123e-05,-6.223691304890838e-05
C,2024-01-29,2024-01-29 13:28:00,0.0,0.0,-7.924123138459237e-06
C,2024-01-29,2024-01-29 13:29:00,0.0,0.0,-4.963884650377598e-05
C,2024-01-29,2024-01-29 13:30:00,0.0,0.0,-3.552328331035827e-05
C,2024-01-29,2024-01-29 13:31:00,-9.299730307810172e-05,-9.299730307810172e-05,0.00017009360588028403
C,2024-01-29,2024-01-29 13:32:00,-0.0002790178571429047,-0.0002790178571429047,-1.3235710627933467e-05
C,2024-01-29,2024-01-29 13:33:00,0.0003721276397803397,0.0003721276397803397,-0.00010534884493897822
C,2024-01-29,2024-01-29 13:34:00,0.0,0.0,-7.314905189159484e-05
C,2024-01-29,2024-01-29 13:35:00,0.0,0.0,-2.0792885221542607e-05
C,2024-01-29,2024-01-29 13:36:00,0.0001859946061564255,0.0001859946061564255,-0.00016675503135808777
C,2024-01-29,2024-01-29 13:37:00,0.0,0.0,0.00010774472656354868
C,2024-01-29,2024-01-29 13:38:00,-0.00037192003719221933,-0.00037192003719221933,9.622404436104402e-05
C,2024-01-29,2024-01-29 13:39:00,-0.00018602920658528088,-0.00018602920658528088,0.00014068947537649717
C,2024-01-29,2024-01-29 13:40:00,-0.00018606381989028087,-0.00018606381989028087,-7.266751741412675e-05
C,2024-01-29,2024-01-29 13:41:00,0.00018609844607797577,0.00018609844607797577,-1.5354522003929928e-05
C,2024-01-29,2024-01-29 13:42:00,-0.00018606381989028087,-0.00018606381989028087,5.77222443628676e-05
C,2024-01-29,2024-01-29 13:43:00,-0.0001860984460780868,-0.0001860984460780868,7.973054144507629e-05
C,2024-01-29,2024-01-29 13:44:00,0.0,0.0,-0.0001155391413402133
C,2024-01-29,2024-01-29 13:45:00,0.0001861330851560261,0.0001861330851560261,0.0001786790642172544
C,2024-01-29,2024-01-29 13:46:00,9.304922303887686e-05,9.304922303887686e-05,-0.00013837190129787865
C,2024-01-29,2024-01-29 13:47:00,-9.304056568659735e-05,-9.304056568659735e-05,6.137858956711282e-05
C,2024-01-29,2024-01-29 13:48:00,0.0,0.0,-2.7742688908789203e-05
C,2024-01-29,2024-01-29 13:49:00,0.0,0.0,-1.4238071661820464e-06
C,2024-01-29,2024-01-29 13:50:00,-0.0001860984460780868,-0.0001860984460780868,-3.2400588758224345e-05
C,2024-01-29,2024-01-29 13:51:00,0.0001861330851560261,0.0001861330851560261,2.869021275699236e-05
C,2024-01-29,2024-01-29 13:52:00,-0.005303805713222198,-0.0036319589914071146,-1.0576456220658531e-07
C,2024-01-29,2024-01-29 13:53:00,0.00570626753975656,0.003560691264071245,0.0009571515782300242
C,2024-01-29,2024-01-29 13:54:00,-0.00018602920658528088,-0.00018602920658528088,-0.0007994703109456315
C,2024-01-29,2024-01-29 13:55:00,-0.00018606381989028087,-0.00018606381989028087,-0.00011509245477038392
C,2024-01-29,2024-01-29 13:56:00,0.0,0.0,7.936946488165191e-05
C,2024-01-29,2024-01-29 13:57:00,-0.005303805713222198,-0.0036319589914071146,0.00018262938044313816
C,2024-01-29,2024-01-29 13:58:00,0.005612722170252438,0.003560691264071245,0.0011635442898276084
C,2024-01-29,2024-01-29 13:59:00,0.00046511627906986597,0.00046511627906986597,-0.000503555689566107
C,2024-01-29,2024-01-29 14:00:00,-0.00037192003719221933,-0.00037192003719221933,-0.00020092689772513954
C,2024-01-29,2024-01-29 14:01:00,0.00018602920658561395,0.00018602920658561395,0.00013858538720608028
C,2024-01-29,2024-01-29 14:02:00,-0.00037198921231273996,-0.00037198921231273996,3.433814397577947e-05
C,2024-01-29,2024-01-29 14:03:00,-0.00018606381989028087,-0.00018606381989028087,-0.00020296355933716682
C,2024-01-29,2024-01-29 14:04:00,0.0,0.0,-7.238269754052712e-05
C,2024-01-29,2024-01-29 14:05:00,0.0,0.0,0.0001480085155984568
C,2024-01-29,2024-01-29 14:06:00,0.0,0.0,5.60755084478784e-05
C,2024-01-29,2024-01-29 14:07:00,0.00018609844607797577,0.00018609844607797577,-0.00016112593687764588
C,2024-01-29,2024-01-29 14:08:00,0.00018606381989005882,0.00018606381989005882,-2.7670319963866608e-05
C,2024-01-29,2024-01-29 14:09:00,0.00027904380987808786,0.00027904380987808786,5.694403218107432e-05
C,2024-01-29,2024-01-29 14:10:00,0.00046494327692037096,0.00046494327692037096,-4.237661417644199e-05
C,2024-01-29,2024-01-29 14:11:00,0.0,0.0,-4.58144102921624e-05
C,2024-01-29,2024-01-29 14:12:00,0.00018589088205223092,0.00018589088205223092,-9.522364237935448e-05
C,2024-01-29,2024-01-29 14:13:00,-0.00018585633305445715,-0.00018585633305445715,0.0001907233383385029
C,2024-01-29,2024-01-29 14:14:00,0.00037178176410446184,0.00037178176410446184,8.20977149244379e-05
C,2024-01-29,2024-01-29 14:15:00,0.0,0.0,9.512898972469048e-05
C,2024-01-29,2024-01-29 14:16:00,-0.0005574653906903482,-0.0005574653906903482,0.0001267252640717066
C,2024-01-29,2024-01-29 14:17:00,0.0,0.0,4.332133964372938e-05
C,2024-01-29,2024-01-29 14:18:00,-0.00037185088779390085,-0.00037185088779390085,0.00011652934072571852
C,2024-01-29,2024-01-29 14:19:00,-0.005858830093927181,-0.0036319589914071146,-3.2808625468651667e-06
C,2024-01-29,2024-01-29 14:20:00,0.00570626753975656,0.003560691264071245,0.0012540447171377168
C,2024-01-29,2024-01-29 14:21:00,0.0,0.0,-0.0008328148384214693
C,2024-01-29,2024-01-29 14:22:00,0.0,0.0,-6.266100032459319e-05
C,2024-01-29,2024-01-29 14:23:00,9.3014603292918e-05,9.3014603292918e-05,0.00012800517375066733
C,2024-01-29,2024-01-29 14:24:00,-0.0002790178571429047,-0.0002790178571429047,0.00013130174461820695
C,2024-01-29,2024-01-29 14:25:00,-0.0002790957298353103,-0.0002790957298353103,-3.870530685093417e-05
C,2024-01-29,2024-01-29 14:26:00,9.305788200242304e-05,9.305788200242304e-05,0.0002852606607628346
C,2024-01-29,2024-01-29 14:27:00,0.00018609844607797577,0.00018609844607797577,9.4702563557603e-05
C,2024-01-29,2024-01-29 14:28:00,9.303190994502941e-05,9.303190994502941e-05,4.082112957357146e-05
C,2024-01-29,2024-01-29 14:29:00,-0.00027906976744185297,-0.00027906976744185297,5.727136355502932e-05
C,2024-01-29,2024-01-29 14:30:00,0.00018609844607797577,0.00018609844607797577,0.00018351678663513054
C,2024-01-29,2024-01-29 14:31:00,-9.303190994525146e-05,-9.303190994525146e-05,2.3893466473442938e-05
C,2024-01-29,2024-01-29 14:32:00,0.0002791216970599031,0.0002791216970599031,-0.00012731188758295919
C,2024-01-29,2024-01-29 14:33:00,0.00018602920658561395,0.00018602920658561395,0.00013959361965530182
C,2024-01-29,2024-01-29 14:34:00,-0.0001859946061565365,-0.0001859946061565365,-5.22800325797817e-05
C,2024-01-29,2024-01-29 14:35:00,9.3014603292918e-05,9.3014603292918e-05,9.448197386032642e-06
C,2024-01-29,2024-01-29 14:36:00,-0.0002790178571429047,-0.0002790178571429047,-2.6769936247291833e-05
C,2024-01-29,2024-01-29 14:37:00,0.0,0.0,1.7092547150252984e-05
C,2024-01-29,2024-01-29 14:38:00,0.0011163829193412411,0.0011163829193412411,-0.00016326843805216485
C,2024-01-29,2024-01-29 14:39:00,-0.0005575689991634825,-0.0005575689991634825,-0.0002512251662479148
C,2024-01-29,2024-01-29 14:40:00,-0.00018596001859605416,-0.00018596001859605416,-0.00013972384725990665
C,2024-01-29,2024-01-29 14:41:00,0.000371989212312851,0.000371989212312851,-2.1861405044106826e-05
C,2024-01-29,2024-01-29 14:42:00,0.0,0.0,6.6622165807375e-05
C,2024-01-29,2024-01-29 14:43:00,-0.00037185088779390085,-0.00037185088779390085,-7.265647492933188e-05
C,2024-01-29,2024-01-29 14:44:00,-0.0001859946061565365,-0.0001859946061565365,8.214890787934579e-05
C,2024-01-29,2024-01-29 14:45:00,0.00037205841317100585,0.00037205841317100585,3.181080390122405e-05
C,2024-01-29,2024-01-29 14:46:00,0.0,0.0,1.9202932133960053e-05
C,2024-01-29,2024-01-29 14:47:00,-0.00018596001859605416,-0.00018596001859605416,5.965545473301691e-05
C,2024-01-29,2024-01-29 14:48:00,0.0,0.0,7.726998868998231e-05
C,2024-01-29,2024-01-29 14:49:00,0.0001859946061564255,0.0001859946061564255,5.930367142267129e-05
C,2024-01-29,2024-01-29 14:50:00,0.0,0.0,-4.639592739944217e-05
C,2024-01-29,2024-01-29 14:51:00,0.0,0.0,5.1306966726836135e-05
C,2024-01-29,2024-01-29 14:52:00,0.0,0.0,-9.705906979970022e-05
C,2024-01-29,2024-01-29 14:53:00,0.0,0.0,-0.00021938150411804634
C,2024-01-29,2024-01-29 14:54:00,9.298000929791606e-05,9.298000929791606e-05,-0.0001015992883312578
C,2024-01-29,2024-01-29 14:55:00,0.00027891409445901516,0.00027891409445901516,-2.4131554945605026e-05
C,2024-01-29,2024-01-29 14:56:00,0.0,0.0,-0.00019700140632428943
C,2024-01-29,2024-01-29 14:57:00,-0.00018589088205234194,-0.00018589088205234194,-2.3052517751595146e-05
C,2024-01-29,2024-01-29 14:58:00,0.0,0.0,-7.557769349464402e-05
C,2024-01-29,2024-01-29 14:59:00,0.001673328995072998,0.001673328995072998,8.303621278081827e-06
C,2024-01-29,2024-01-29 15:00:00,0.0011136890951275458,0.0011136890951275458,-0.00046094259075811836
C,2024-01-29,2024-01-29 15:01:00,-0.0005562250857513718,-0.0005562250857513718,-0.00036449493902573525
C,2024-01-29,2024-01-29 15:02:00,-0.0007420461923756116,-0.0007420461923756116,5.657513356172935e-05
C,2024-01-29,2024-01-29 15:03:00,0.000556947925369089,0.000556947925369089,0.00019785689671322648
C,2024-01-29,2024-01-29 15:04:00,-0.00018554596901365628,-0.00018554596901365628,1.57128368681454e-05
C,2024-01-29,2024-01-29 15:05:00,0.00018558040270932885,0.00018558040270932885,3.4549978936847956e-05
C,2024-01-29,2024-01-29 15:06:00,0.0005566379070414129,0.0005566379070414129,0.00017356355270573608
C,2024-01-29,2024-01-29 15:07:00,0.0005563282336578101,0.0005563282336578101,-5.326595976140271e-06
C,2024-01-29,2024-01-29 15:08:00,-0.0005560189046427411,-0.0005560189046427411,-0.00014938743345124127
C,2024-01-29,2024-01-29 15:09:00,0.0,0.0,9.867076955670414e-05
C,2024-01-29,2024-01-29 15:10:00,0.0005563282336578101,0.0005563282336578101,0.00010606444693370292
C,2024-01-29,2024-01-29 15:11:00,-0.009359651561486326,-0.0036319589914071146,-9.473491742034623e-05
C,2024-01-29,2024-01-29 15:12:00,0.009354536950420878,0.003560691264071245,0.0009657816979882069
C,2024-01-29,2024-01-29 15:13:00,0.0002780352177942369,0.0002780352177942369,-0.0008446985247666794
C,2024-01-29,2024-01-29 15:14:00,0.0004632632261649672,0.0004632632261649672,-0.0002003204674006265
C,2024-01-29,2024-01-29 15:15:00,0.0002778292276348626,0.0002778292276348626,1.4576863116582333e-05
C,2024-01-29,2024-01-29 15:16:00,0.0003703360799927058,0.0003703360799927058,-5.474934553217627e-06
C,2024-01-29,2024-01-29 15:17:00,0.0008329477093937943,0.0008329477093937943,-0.00014527402186968532
C,2024-01-29,2024-01-29 15:18:00,0.0008322544849268532,0.0008322544849268532,-8.380430514707228e-05
C,2024-01-29,2024-01-29 15:19:00,9.239582370890176e-05,9.239582370890176e-05,-8.810769937245691e-05
C,2024-01-29,2024-01-29 15:20:00,9.23872875091547e-05,9.23872875091547e-05,-3.867129196562752e-05
C,2024-01-29,2024-01-29 15:21:00,0.00018475750577384709,0.00018475750577384709,-3.671638745620636e-05
C,2024-01-29,2024-01-29 15:22:00,0.00018472337674313444,0.00018472337674313444,-2.650914090203046e-05
C,2024-01-29,2024-01-29 15:23:00,0.0007387570412782374,0.0007387570412782374,9.677206419886535e-05
C,2024-01-29,2024-01-29 15:24:00,0.0005536587616499222,0.0005536587616499222,9.006588532100373e-06
C,2024-01-29,2024-01-29 15:25:00,-0.0003689015954994046,-0.0003689015954994046,1.3854266328993364e-05
C,2024-01-29,2024-01-29 15:26:00,-0.0005535566011625193,-0.0005535566011625193,0.00016071650647767085
C,2024-01-29,2024-01-29 15:27:00,-0.0011077263915811875,-0.0011077263915811875,0.0001695339072019267
C,2024-01-29,2024-01-29 15:28:00,0.00046206450420460676,0.00046206450420460676,0.0003249000769459724
C,2024-01-29,2024-01-29 15:29:00,0.0002771106595234052,0.0002771106595234052,5.381929262949888e-05
C,2024-01-29,2024-01-29 15:30:00,-9.234463015972416e-05,-9.234463015972416e-05,8.06752115466746e-05
C,2024-01-29,2024-01-29 15:31:00,-0.0017547100110824054,-0.0017547100110824054,6.699330691444048e-05
C,2024-01-29,2024-01-29 15:32:00,0.0018503099269127077,0.0018503099269127077,0.0005478362929034178
C,2024-01-29,2024-01-29 15:33:00,0.0,0.0,-0.0003724551093793494
C,2024-01-29,2024-01-29 15:34:00,0.00018468926031967037,0.00018468926031967037,3.100750215190099e-05
C,2024-01-29,2024-01-29 15:35:00,0.00036931031299047845,0.00036931031299047845,-1.2170815092128916e-05
C,2024-01-29,2024-01-29 15:36:00,-0.0005537609598523785,-0.0005537609598523785,5.159313080461369e-05
C,2024-01-29,2024-01-29 15:37:00,0.0,0.0,9.886381352146291e-05
C,2024-01-29,2024-01-29 15:38:00,0.0,0.0,0.00013183843169713267
C,2024-01-29,2024-01-29 15:39:00,-0.0001846892603193373,-0.0001846892603193373,2.324523377295772e-05
C,2024-01-29,2024-01-29 15:40:00,-0.0001847233767434675,-0.0001847233767434675,0.0001386133865681799
C,2024-01-29,2024-01-29 15:41:00,0.00018475750577384709,0.00018475750577384709,0.00013408457273847256
C,2024-01-29,2024-01-29 15:42:00,0.0,0.0,7.05852096405182e-05
C,2024-01-29,2024-01-29 15:43:00,0.0,0.0,6.0422498425624536e-05
C,2024-01-29,2024-01-29 15:44:00,-0.0007388935069734259,-0.0007388935069734259,5.8239300706406196e-05
C,2024-01-29,2024-01-29 15:45:00,-0.00018485996857375842,-0.00018485996857375842,0.0003041591785296303
C,2024-01-29,2024-01-29 15:46:00,-0.0005546824443006804,-0.0005546824443006804,0.00021498067609968262
C,2024-01-29,2024-01-29 15:47:00,0.0001849967625566773,0.0001849967625566773,0.00019930779207772212
C,2024-01-29,2024-01-29 15:48:00,-0.0003699250901691986,-0.0003699250901691986,0.0001316819223010438
C,2024-01-29,2024-01-29 15:49:00,0.0005550929780737679,0.0005550929780737679,0.00011487471503437359
C,2024-01-29,2024-01-29 15:50:00,-0.00018492834026828664,-0.00018492834026828664,-0.00013036405146692783
C,2024-01-29,2024-01-29 15:51:00,-0.0001849625450845993,-0.0001849625450845993,9.499935942496631e-05
C,2024-01-29,2024-01-29 15:52:00,0.0001849967625566773,0.0001849967625566773,4.1800200826105894e-05
C,2024-01-29,2024-01-29 15:53:00,-0.0001849625450845993,-0.0001849625450845993,-2.179362508958063e-05
C,2024-01-29,2024-01-29 15:54:00,0.0009249838127833865,0.0009249838127833865,2.5538771807693167e-05
C,2024-01-29,2024-01-29 15:55:00,0.0,0.0,-0.00019296217431724805
C,2024-01-29,2024-01-29 15:56:00,0.00018482580168166507,0.00018482580168166507,-6.15279531988491e-05
C,2024-01-29,2024-01-29 15:57:00,0.00036958329483516295,0.00036958329483516295,-0.0001012852174653227
C,2024-01-29,2024-01-29 15:58:00,-0.000369446753486824,-0.000369446753486824,-5.368889154038798e-05
C,2024-01-30,2024-01-30 09:40:00,0.0010854816824965585,0.0010854816824965585,0.0006642684736819012
C,2024-01-30,2024-01-30 09:41:00,0.0028914791723142486,0.0028914791723142486,-0.00017126122590856082
C,2024-01-30,2024-01-30 09:42:00,0.0011712766915938921,0.0011712766915938921,-0.0009983391976519655
C,2024-01-30,2024-01-30 09:43:00,-0.0008099352051835762,-0.0008099352051835762,-0.0005597765655550736
C,2024-01-30,2024-01-30 09:44:00,0.00018013149599216405,0.00018013149599216405,0.00021573040169968892
C,2024-01-30,2024-01-30 09:45:00,-0.002971634398919565,-0.002971634398919565,5.100173875049754e-05
C,2024-01-30,2024-01-30 09:46:00,-9.031791907510023e-05,-9.031791907510023e-05,0.0010227694499230341
C,2024-01-30,2024-01-30 09:47:00,0.0022581519284616824,0.0022581519284616824,0.00037164223018316316
C,2024-01-30,2024-01-30 09:48:00,0.00117159336697914,0.00117159336697914,-0.0006365133862947081
C,2024-01-30,2024-01-30 09:49:00,0.0008101539292466597,0.0008101539292466597,-0.0005294506805269065
C,2024-01-30,2024-01-30 09:50:00,-0.0007195538765966125,-0.0007195538765966125,-0.0003247491145762964
C,2024-01-30,2024-01-30 09:51:00,0.0006300630063007517,0.0006300630063007517,0.00018804630379342724
C,2024-01-30,2024-01-30 09:52:00,-8.99523252676504e-05,-8.99523252676504e-05,-0.00017538807602833685
C,2024-01-30,2024-01-30 09:53:00,0.004318100035984207,0.0032316783316532283,-4.3250193432269525e-05
C,2024-01-30,2024-01-30 09:54:00,-0.0035829451809386015,-0.003140983963237315,-0.0011092105931813246
C,2024-01-30,2024-01-30 09:55:00,0.0004494786048183652,0.0004494786048183652,0.0007373274661212829
C,2024-01-30,2024-01-30 09:56:00,8.985533291405723e-05,8.985533291405723e-05,0.00011228219238386252
C,2024-01-30,2024-01-30 09:57:00,-0.000269541778975646,-0.000269541778975646,-8.832756147704643e-05
C,2024-01-30,2024-01-30 09:58:00,-0.00035948593511281324,-0.00035948593511281324,6.78255005612185e-05
C,2024-01-30,2024-01-30 09:59:00,-0.0008990380293086853,-0.0008990380293086853,0.0001983173248461867
C,2024-01-30,2024-01-30 10:00:00,0.0005399082156034574,0.0005399082156034574,0.0004542162995108812
C,2024-01-30,2024-01-30 10:01:00,-0.0017987229067362165,-0.0017987229067362165,3.980735690508397e-06
C,2024-01-30,2024-01-30 10:02:00,0.0006306874493198222,0.0006306874493198222,0.0006705741388367529
C,2024-01-30,2024-01-30 10:03:00,-0.0013506212857915534,-0.0013506212857915534,5.220104280918123e-05
C,2024-01-30,2024-01-30 10:04:00,-0.0006311423676854666,-0.0006311423676854666,0.0004484554275156709
C,2024-01-30,2024-01-30 10:05:00,0.00234572356549978,0.00234572356549978,0.0004330300026150212
C,2024-01-30,2024-01-30 10:06:00,-0.0006300630063005297,-0.0006300630063005297,-0.0006199587068679829
C,2024-01-30,2024-01-30 10:07:00,0.0015311177159327283,0.0015311177159327283,-1.093997106940503e-06
C,2024-01-30,2024-01-30 10:08:00,-0.0006294964028777938,-0.0006294964028777938,-0.00041673313717932456
C,2024-01-30,2024-01-30 10:09:00,0.0008998470260055402,0.0008998470260055402,3.262318271852776e-05
C,2024-01-30,2024-01-30 10:10:00,-0.001168749438101191,-0.001168749438101191,-0.0002555096881527286
C,2024-01-30,2024-01-30 10:11:00,0.0016201620162017427,0.0016201620162017427,0.00025629074689147103
C,2024-01-30,2024-01-30 10:12:00,-0.001168224299065379,-0.001168224299065379,-0.0003686696390880773
C,2024-01-30,2024-01-30 10:13:00,0.00026990553306349696,0.00026990553306349696,0.00020458016837952232
C,2024-01-30,2024-01-30 10:14:00,-0.0002698327037237158,-0.0002698327037237158,-3.182796275465558e-05
C,2024-01-30,2024-01-30 10:15:00,0.0008996851102114345,0.0008996851102114345,9.524285829127813e-05
C,2024-01-30,2024-01-30 10:16:00,0.0022471910112360494,0.0022471910112360494,-0.00017356491817176184
C,2024-01-30,2024-01-30 10:17:00,0.0006278026905828238,0.0006278026905828238,-0.0008015540166310305
C,2024-01-30,2024-01-30 10:18:00,0.0014340772609124919,0.0014340772609124919,-0.000345926891571387
C,2024-01-30,2024-01-30 10:19:00,-0.0018795310122615705,-0.0018795310122615705,-0.0004238846050693841
C,2024-01-30,2024-01-30 10:20:00,-0.0017037302725969594,-0.0017037302725969594,0.00044309495596382237
C,2024-01-30,2024-01-30 10:21:00,0.0018862840204796338,0.0018862840204796338,0.0007134283546449771
C,2024-01-30,2024-01-30 10:22:00,-0.0013448090371166455,-0.0013448090371166455,-0.00040122559063321726
C,2024-01-30,2024-01-30 10:23:00,0.002154591974144804,0.002154591974144804,0.00036221594225946754
C,2024-01-30,2024-01-30 10:24:00,-0.00017916330735456842,-0.00017916330735456842,-0.000542364007552243
C,2024-01-30,2024-01-30 10:25:00,-0.00035839082519495413,-0.00035839082519495413,-9.44223857466001e-05
C,2024-01-30,2024-01-30 10:26:00,0.000358519315228234,0.000358519315228234,0.0001956557411015657
C,2024-01-30,2024-01-30 10:27:00,0.0012543678881820064,0.0012543678881820064,-6.633191903321596e-05
C,2024-01-30,2024-01-30 10:28:00,-0.001431767337807588,-0.001431767337807588,-0.00041757495898796194
C,2024-01-30,2024-01-30 10:29:00,-0.00035845505869691596,-0.00035845505869691596,0.0004908591683834013
C,2024-01-30,2024-01-30 10:30:00,0.00026893769610025764,0.00026893769610025764,0.00027359494519320555
C,2024-01-30,2024-01-30 10:31:00,0.0008962179602078901,0.0008962179602078901,3.8260420324123e-05
C,2024-01-30,2024-01-30 10:32:00,0.0006267908309454118,0.0006267908309454118,-0.0002660796586944799
C,2024-01-30,2024-01-30 10:33:00,0.001968680089485364,0.001968680089485364,-0.00021006853744584672
C,2024-01-30,2024-01-30 10:34:00,-0.0001786192730196534,-0.0001786192730196534,-0.0006176829138099431
C,2024-01-30,2024-01-30 10:35:00,0.00017865118356419352,0.00017865118356419352,-0.00014597801882316655
C,2024-01-30,2024-01-30 10:36:00,-0.0011610252746271366,-0.0011610252746271366,-0.0001591649905337065
C,2024-01-30,2024-01-30 10:37:00,-0.0009835479256081747,-0.0009835479256081747,0.00031217832404586813
C,2024-01-30,2024-01-30 10:38:00,-0.0016110265819384573,-0.0016110265819384573,0.00043938379312719283
C,2024-01-30,2024-01-30 10:39:00,-0.000806813088301217,-0.000806813088301217,0.0006407050986329541
C,2024-01-30,2024-01-30 10:40:00,-0.000807464561277671,-0.000807464561277671,0.0004273966327826124
C,2024-01-30,2024-01-30 10:41:00,0.0019753973242344625,0.0019753973242344625,0.0003904150972053254
C,2024-01-30,2024-01-30 10:42:00,-0.00017922752934862451,-0.00017922752934862451,-0.0004158009095114202
C,2024-01-30,2024-01-30 10:43:00,0.00044814914403512596,0.00044814914403512596,-2.0777361737377026e-05
C,2024-01-30,2024-01-30 10:44:00,0.00017917935853795086,0.00017917935853795086,-3.0426134873437817e-05
C,2024-01-30,2024-01-30 10:45:00,0.000537441777140879,0.000537441777140879,-8.003353500613177e-06
C,2024-01-30,2024-01-30 10:46:00,0.00026857654431511335,0.00026857654431511335,-6.822666303352645e-05
C,2024-01-30,2024-01-30 10:47:00,0.00017900295354889018,0.00017900295354889018,-6.803926003915302e-05
C,2024-01-30,2024-01-30 10:48:00,0.0007158836689038495,0.0007158836689038495,2.290369768150838e-05
C,2024-01-30,2024-01-30 10:49:00,0.00044710721631036066,0.00044710721631036066,-0.00021163331921171457
C,2024-01-30,2024-01-30 10:50:00,0.0006256703611011716,0.0006256703611011716,-6.694056962533307e-05
C,2024-01-30,2024-01-30 10:51:00,-0.0005359535506922475,-0.0005359535506922475,-0.00025857180971082966
C,2024-01-30,2024-01-30 10:52:00,0.0007149879345786925,0.0007149879345786925,0.00015968853053948778
C,2024-01-30,2024-01-30 10:53:00,-0.000446548182548856,-0.000446548182548856,-0.00014664493912335135
C,2024-01-30,2024-01-30 10:54:00,0.001518942101501164,0.001518942101501164,0.00020521133968065387
C,2024-01-30,2024-01-30 10:55:00,-0.0005352841466679248,-0.0005352841466679248,-0.0003741504286330592
C,2024-01-30,2024-01-30 10:56:00,-8.926180487356383e-05,-8.926180487356383e-05,9.985740047241367e-05
C,2024-01-30,2024-01-30 10:57:00,0.00044634886627381576,0.00044634886627381576,9.019280018702174e-05
C,2024-01-30,2024-01-30 10:58:00,0.000892299455697465,0.000892299455697465,-6.121084105658266e-05
C,2024-01-30,2024-01-30 10:59:00,8.915039671930636e-05,8.915039671930636e-05,-0.00034467873065943677
C,2024-01-30,2024-01-30 11:00:00,0.0008022820467106229,0.0008022820467106229,-7.560124830191084e-05
C,2024-01-30,2024-01-30 11:01:00,-0.0006234969270508817,-0.0006234969270508817,-0.00020961592938171914
C,2024-01-30,2024-01-30 11:02:00,0.0,0.0,9.697293336625765e-05
C,2024-01-30,2024-01-30 11:03:00,0.00017825311942964994,0.00017825311942964994,-2.206960390858343e-05
C,2024-01-30,2024-01-30 11:04:00,-0.0004455533772945719,-0.0004455533772945719,-9.876880308277805e-05
C,2024-01-30,2024-01-30 11:05:00,0.00035660158687722543,0.00035660158687722543,-1.6676740087482483e-05
C,2024-01-30,2024-01-30 11:06:00,-0.0013367792531860934,-0.0013367792531860934,-5.37888425575619e-05
C,2024-01-30,2024-01-30 11:07:00,-0.0006246653578440009,-0.0006246653578440009,0.0003946911335530988
C,2024-01-30,2024-01-30 11:08:00,0.00044646843468143516,0.00044646843468143516,0.00034073320326316223
C,2024-01-30,2024-01-30 11:09:00,-0.0002677615137450795,-0.0002677615137450795,-0.00010506523350050978
C,2024-01-30,2024-01-30 11:10:00,0.0,0.0,1.542417519769006e-05
C,2024-01-30,2024-01-30 11:11:00,0.0,0.0,8.439254250902261e-05
C,2024-01-30,2024-01-30 11:12:00,-0.0001785554861171157,-0.0001785554861171157,4.512204118435753e-05
C,2024-01-30,2024-01-30 11:13:00,0.005357621216179886,0.0032316783316532283,5.2966150490208966e-05
C,2024-01-30,2024-01-30 11:14:00,-0.004440891731059549,-0.003140983963237315,-0.0010363807812205537
C,2024-01-30,2024-01-30 11:15:00,0.0004460701222230856,0.0004460701222230856,0.0008260887412280976
C,2024-01-30,2024-01-30 11:16:00,-0.0009809167112537764,-0.0009809167112537764,0.0002120858620830683
C,2024-01-30,2024-01-30 11:17:00,-0.00017852360974746073,-0.00017852360974746073,0.00028798588656956276
C,2024-01-30,2024-01-30 11:18:00,-0.001249888402821031,-0.001249888402821031,0.0001420048046688549
C,2024-01-30,2024-01-30 11:19:00,0.000536336819522587,0.000536336819522587,0.0004495092338519398
C,2024-01-30,2024-01-30 11:20:00,0.00035736621102477883,0.00035736621102477883,9.549511209769603e-05
C,2024-01-30,2024-01-30 11:21:00,-0.0005358578190587382,-0.0005358578190587382,-0.00013659494196321863
C,2024-01-30,2024-01-30 11:22:00,0.001429720310964111,0.001429720310964111,1.4735754210229166e-05
C,2024-01-30,2024-01-30 11:23:00,-0.00017845989113929317,-0.00017845989113929317,-0.00034187695236073185
C,2024-01-30,2024-01-30 11:24:00,-0.0008924587237841841,-0.0008924587237841841,-0.00010869246819463863
C,2024-01-30,2024-01-30 11:25:00,0.00035730236712838703,0.00035730236712838703,0.00036139339724039097
C,2024-01-30,2024-01-30 11:26:00,0.0005357621216179886,0.0005357621216179886,5.810893279512147e-06
C,2024-01-30,2024-01-30 11:27:00,0.0,0.0,-0.00013429171394055577
C,2024-01-30,2024-01-30 11:28:00,0.0007139669790270364,0.0007139669790270364,2.3202331692519136e-05
C,2024-01-30,2024-01-30 11:29:00,0.0005350931953982396,0.0005350931953982396,-0.00011515626059409744
C,2024-01-30,2024-01-30 11:30:00,0.0005348070237989333,0.0005348070237989333,-0.0002512676846707248
C,2024-01-30,2024-01-30 11:31:00,0.001069042316258484,0.001069042316258484,-0.00017793532237931004
C,2024-01-30,2024-01-30 11:32:00,0.0008899172376968245,0.0008899172376968245,-0.0002903274601585287
C,2024-01-30,2024-01-30 11:33:00,-0.0011558637858983811,-0.0011558637858983811,-0.0003470678488414979
C,2024-01-30,2024-01-30 11:34:00,0.0012462168417304298,0.0012462168417304298,0.00030341208245680606
C,2024-01-30,2024-01-30 11:35:00,0.0008001422475107933,0.0008001422475107933,-0.000260572788538181
C,2024-01-30,2024-01-30 11:36:00,0.00035533445855917556,0.00035533445855917556,-0.0002529564408318019
C,2024-01-30,2024-01-30 11:37:00,0.0005328123612466928,0.0005328123612466928,-4.265758078010613e-05
C,2024-01-30,2024-01-30 11:38:00,0.0014200763291025709,0.0014200763291025709,-0.00014177584603225499
C,2024-01-30,2024-01-30 11:39:00,-0.0006204023752548471,-0.0006204023752548471,-0.0004430457717336447
C,2024-01-30,2024-01-30 11:40:00,-0.0010642071656614682,-0.0010642071656614682,0.00011425099746071878
C,2024-01-30,2024-01-30 11:41:00,0.0006214488636364646,0.0006214488636364646,0.00044636426247919917
C,2024-01-30,2024-01-30 11:42:00,0.0001774465442283546,0.0001774465442283546,-8.799044750186444e-05
C,2024-01-30,2024-01-30 11:43:00,0.00044353765634719267,0.00044353765634719267,-8.267134673307836e-05
C,2024-01-30,2024-01-30 11:44:00,-0.0014186912573150856,-0.0014186912573150856,-5.211557747586615e-05
C,2024-01-30,2024-01-30 11:45:00,-0.000976735926123351,-0.000976735926123351,0.0004614577905043278
C,2024-01-30,2024-01-30 11:46:00,0.0004444049417831053,0.0004444049417831053,0.0005568255849024705
C,2024-01-30,2024-01-30 11:47:00,-0.0015103056147832694,-0.0015103056147832694,5.3459927755313564e-05
C,2024-01-30,2024-01-30 11:48:00,0.0006228312127414259,0.0006228312127414259,0.0005631534411983878
C,2024-01-30,2024-01-30 11:49:00,0.0004446025253421748,0.0004446025253421748,-4.3835097947574106e-05
C,2024-01-30,2024-01-30 11:50:00,0.002310905697271437,0.002310905697271437,-0.00013164408075669535
C,2024-01-30,2024-01-30 11:51:00,0.0005320563979780424,0.0005320563979780424,-0.0006879308106217317
C,2024-01-30,2024-01-30 11:52:00,8.862891075067658e-05,8.862891075067658e-05,-0.000329143610311104
C,2024-01-30,2024-01-30 11:53:00,0.00044310528181501496,0.00044310528181501496,-0.00013182180190885796
C,2024-01-30,2024-01-30 11:54:00,0.000797236247674693,0.000797236247674693,-4.174098057760289e-05
C,2024-01-30,2024-01-30 11:55:00,-0.0014161798548416593,-0.0014161798548416593,-0.00024094210434469335
C,2024-01-30,2024-01-30 11:56:00,-0.0005318205991845515,-0.0005318205991845515,0.00037349244997717413
C,2024-01-30,2024-01-30 11:57:00,-0.0013302589570769463,-0.0013302589570769463,0.00040314899586246246
C,2024-01-30,2024-01-30 11:58:00,-8.880206020789316e-05,-8.880206020789316e-05,0.00046953735652661066
C,2024-01-30,2024-01-30 11:59:00,-0.000621669626998167,-0.000621669626998167,0.0002735322776795033
C,2024-01-30,2024-01-30 12:00:00,-0.0003554607660178899,-0.0003554607660178899,0.00040092276716144256
C,2024-01-30,2024-01-30 12:01:00,0.0010667614899100286,0.0010667614899100286,0.00027212691736026086
C,2024-01-30,2024-01-30 12:02:00,0.00017760412041556428,0.00017760412041556428,-0.00021560792960169972
C,2024-01-30,2024-01-30 12:03:00,0.0005327177483795964,0.0005327177483795964,-4.748299253214384e-05
C,2024-01-30,2024-01-30 12:04:00,-8.873901854633548e-05,-8.873901854633548e-05,-0.00016154068381273108
C,2024-01-30,2024-01-30 12:05:00,-0.00035498757543495074,-0.00035498757543495074,-4.143602533683324e-05
C,2024-01-30,2024-01-30 12:06:00,0.001686789772727293,0.001686789772727293,4.440783464989628e-05
C,2024-01-30,2024-01-30 12:07:00,0.00026588673225202974,0.00026588673225202974,-0.0004929337429139186
C,2024-01-30,2024-01-30 12:08:00,-0.0003544214070529961,-0.0003544214070529961,-0.00018785358334685002
C,2024-01-30,2024-01-30 12:09:00,0.0003545470661230343,0.0003545470661230343,0.00015770740308005679
C,2024-01-30,2024-01-30 12:10:00,0.0018607123870282294,0.0018607123870282294,-4.3936728112401034e-05
C,2024-01-30,2024-01-30 12:11:00,-8.844078889180818e-05,-8.844078889180818e-05,-0.0006006157136207726
C,2024-01-30,2024-01-30 12:12:00,0.001061383336281585,0.001061383336281585,-8.633620368444684e-05
C,2024-01-30,2024-01-30 12:13:00,0.0,0.0,-0.0002345261078432333
C,2024-01-30,2024-01-30 12:14:00,0.0009719031631028052,0.0009719031631028052,-4.0143908106217405e-05
C,2024-01-30,2024-01-30 12:15:00,0.0,0.0,-0.00024319228335175405
C,2024-01-30,2024-01-30 12:16:00,-0.0010592285285550007,-0.0010592285285550007,1.9800181626115176e-05
C,2024-01-30,2024-01-30 12:17:00,-0.0021207033666165165,-0.0021207033666165165,0.0004433641150551965
C,2024-01-30,2024-01-30 12:18:00,0.0032763658903744997,0.0032316783316532283,0.0009367873877019795
C,2024-01-30,2024-01-30 12:19:00,0.0005295675198588867,0.0005295675198588867,-0.0007905463395473064
C,2024-01-30,2024-01-30 12:20:00,-0.0012350035285815242,-0.0012350035285815242,-0.0003536484547672649
C,2024-01-30,2024-01-30 12:21:00,0.0009715597950892274,0.0009715597950892274,0.00044020922334197523
C,2024-01-30,2024-01-30 12:22:00,0.002647136680490547,0.002647136680490547,-0.00014741623730203134
C,2024-01-30,2024-01-30 12:23:00,-0.0009680542110357404,-0.0009680542110357404,-0.0008922159264607845
C,2024-01-30,2024-01-30 12:24:00,0.001145172656800586,0.001145172656800586,0.00011835444425682073
C,2024-01-30,2024-01-30 12:25:00,0.0004399472063352228,0.0004399472063352228,-0.0002444388433858018
C,2024-01-30,2024-01-30 12:26:00,-0.0014072119613017797,-0.0014072119613017797,-0.00034592087004793517
C,2024-01-30,2024-01-30 12:27:00,0.0005284481240090955,0.0005284481240090955,0.00047645031331909095
C,2024-01-30,2024-01-30 12:28:00,0.0010563380281689572,0.0010563380281689572,9.34446259173158e-05
C,2024-01-30,2024-01-30 12:29:00,-0.0004396763981708851,-0.0004396763981708851,-0.00029563210704909685
C,2024-01-30,2024-01-30 12:30:00,0.001847453153866363,0.001847453153866363,0.00013792111078775998
C,2024-01-30,2024-01-30 12:31:00,0.00017562346329480505,0.00017562346329480505,-0.0004645828191317512
C,2024-01-30,2024-01-30 12:32:00,-0.0004389815627744431,-0.0004389815627744431,-0.0001846464721932616
C,2024-01-30,2024-01-30 12:33:00,-0.001054018445322824,-0.001054018445322824,0.0001449373263439525
C,2024-01-30,2024-01-30 12:34:00,-0.001494768310911665,-0.001494768310911665,0.00042528950348592095
C,2024-01-30,2024-01-30 12:35:00,0.0007044734061290026,0.0007044734061290026,0.000612862124252357
C,2024-01-30,2024-01-30 12:36:00,-0.0011439633931714654,-0.0011439633931714654,-1.982585414395401e-05
C,2024-01-30,2024-01-30 12:37:00,-0.0001761959298738347,-0.0001761959298738347,0.0004052850883803792
C,2024-01-30,2024-01-30 12:38:00,-0.0002643404705260366,-0.0002643404705260366,0.0002852308021970413
C,2024-01-30,2024-01-30 12:39:00,0.0013220518244314583,0.0013220518244314583,0.00017129544690291283
C,2024-01-30,2024-01-30 12:40:00,-0.002552592201390813,-0.002552592201390813,-0.00028461179973069035
C,2024-01-30,2024-01-30 12:41:00,-0.0015884221673136967,-0.0015884221673136967,0.0008165305619442113
C,2024-01-30,2024-01-30 12:42:00,0.0007070885628424062,0.0007070885628424062,0.0008304790769653193
C,2024-01-30,2024-01-30 12:43:00,0.0016781487369721404,0.0016781487369721404,5.527418415827724e-06
C,2024-01-30,2024-01-30 12:44:00,0.0003527025835463604,0.0003527025835463604,-0.0004519358266080646
C,2024-01-30,2024-01-30 12:45:00,0.00017628911414724335,0.00017628911414724335,-0.00017885397082772187
C,2024-01-30,2024-01-30 12:46:00,-0.0006169031462059937,-0.0006169031462059937,-6.336234844065873e-05
C,2024-01-30,2024-01-30 12:47:00,-8.818342151684089e-05,-8.818342151684089e-05,8.49086864362412e-05
C,2024-01-30,2024-01-30 12:48:00,0.001852015168886112,0.001852015168886112,6.8633268035403e-05
C,2024-01-30,2024-01-30 12:49:00,-0.0007922535211267734,-0.0007922535211267734,-0.0005104999866257975
C,2024-01-30,2024-01-30 12:50:00,-0.0002642938948110851,-0.0002642938948110851,0.00010548199247001789
C,2024-01-30,2024-01-30 12:51:00,0.0,0.0,0.0001897552693888004
C,2024-01-30,2024-01-30 12:52:00,0.0005287275290799531,0.0005287275290799531,0.00014329975286291198
C,2024-01-30,2024-01-30 12:53:00,0.0006165228113441668,0.0006165228113441668,-0.0001304632319570326
C,2024-01-30,2024-01-30 12:54:00,-0.0007921837866383674,-0.0007921837866383674,-0.00016072357367555418
C,2024-01-30,2024-01-30 12:55:00,-8.809020436939541e-05,-8.809020436939541e-05,0.00028331205490718674
C,2024-01-30,2024-01-30 12:56:00,-0.0017619592987401234,-0.0017619592987401234,0.00019545598693196075
C,2024-01-30,2024-01-30 12:57:00,0.00052952078369084,0.00052952078369084,0.0005522656996146285
C,2024-01-30,2024-01-30 12:58:00,0.000176413513275131,0.000176413513275131,0.00026011799289975984
C,2024-01-30,2024-01-30 12:59:00,0.0,0.0,-3.3018489463919194e-06
C,2024-01-30,2024-01-30 13:00:00,0.001940206367404551,0.001940206367404551,4.790587055124415e-05
C,2024-01-30,2024-01-30 13:01:00,0.000704163365900845,0.000704163365900845,-0.0005376156010061269
C,2024-01-30,2024-01-30 13:02:00,-0.0004397924179786461,-0.0004397924179786461,-0.00031645566620600024
C,2024-01-30,2024-01-30 13:03:00,-0.0007039774727208847,-0.0007039774727208847,7.088771827312468e-05
C,2024-01-30,2024-01-30 13:04:00,-0.0006164142303627385,-0.0006164142303627385,0.0002477103881935496
C,2024-01-30,2024-01-30 13:05:00,-0.0003524539607016042,-0.0003524539607016042,0.00026766055328444996
C,2024-01-30,2024-01-30 13:06:00,0.0,0.0,0.00025988351465916043
C,2024-01-30,2024-01-30 13:07:00,8.81445570737327e-05,8.81445570737327e-05,9.24823840581862e-05
C,2024-01-30,2024-01-30 13:08:00,-0.0013220518244315693,-0.0013220518244315693,3.072533103525462e-05
C,2024-01-30,2024-01-30 13:09:00,0.0007060277115875646,0.0007060277115875646,0.0005437737881402265
C,2024-01-30,2024-01-30 13:10:00,-0.0010582943822206037,-0.0010582943822206037,-1.0381670547164213e-05
C,2024-01-30,2024-01-30 13:11:00,0.0,0.0,0.000384609036057226
C,2024-01-30,2024-01-30 13:12:00,-0.00017656925929199208,-0.00017656925929199208,0.00020043791550896956
C,2024-01-30,2024-01-30 13:13:00,-0.00017660044150114018,-0.00017660044150114018,0.0002067384708606939
C,2024-01-30,2024-01-30 13:14:00,0.0009714739909918446,0.0009714739909918446,0.00015545197619071659
C,2024-01-30,2024-01-30 13:15:00,0.0009705311452266052,0.0009705311452266052,-9.950017269020391e-05
C,2024-01-30,2024-01-30 13:16:00,-0.0003525782282943757,-0.0003525782282943757,-0.0003129759270387675
C,2024-01-30,2024-01-30 13:17:00,0.0002645269376597703,0.0002645269376597703,-5.386985563888407e-05
C,2024-01-30,2024-01-30 13:18:00,0.0007933709449929882,0.0007933709449929882,-5.2552060639615875e-05
C,2024-01-30,2024-01-30 13:19:00,0.00017616489033733806,0.00017616489033733806,-0.0002181275394752774
C,2024-01-30,2024-01-30 13:20:00,0.0,0.0,-0.00017107702690535352
C,2024-01-30,2024-01-30 13:21:00,-0.0001761338617349839,-0.0001761338617349839,1.8994361571055897e-05
C,2024-01-30,2024-01-30 13:22:00,-8.808244516855801e-05,-8.808244516855801e-05,-1.1066359856968888e-05
C,2024-01-30,2024-01-30 13:23:00,0.0006166314305848797,0.0006166314305848797,0.00011127157158753133
C,2024-01-30,2024-01-30 13:24:00,0.0001760718373096104,0.0001760718373096104,-9.807156593952276e-05
C,2024-01-30,2024-01-30 13:25:00,-0.00026406126221278914,-0.00026406126221278914,-8.569779478584743e-06
C,2024-01-30,2024-01-30 13:26:00,-0.0003521746786406821,-0.0003521746786406821,9.252019271129411e-05
C,2024-01-30,2024-01-30 13:27:00,0.0007926721860138652,0.0007926721860138652,6.756142288356914e-05
C,2024-01-30,2024-01-30 13:28:00,0.000528029569655919,0.000528029569655919,-0.00010044348430216994
C,2024-01-30,2024-01-30 13:29:00,-0.0012314187703402757,-0.0012314187703402757,-0.00022430201487414142
C,2024-01-30,2024-01-30 13:30:00,8.806693086738093e-05,8.806693086738093e-05,0.000287319129060704
C,2024-01-30,2024-01-30 13:31:00,8.805917576593103e-05,8.805917576593103e-05,0.00010961110768687837
C,2024-01-30,2024-01-30 13:32:00,-0.0002641542660913876,-0.0002641542660913876,-1.5574453822143436e-05
C,2024-01-30,2024-01-30 13:33:00,-0.00026422406200454773,-0.00026422406200454773,7.873528675627425e-05
C,2024-01-30,2024-01-30 13:34:00,0.0,0.0,0.0001479376891612843
C,2024-01-30,2024-01-30 13:35:00,0.0,0.0,6.546468900395255e-05
C,2024-01-30,2024-01-30 13:36:00,0.0003523918597481135,0.0003523918597481135,-1.0498014190948223e-05
C,2024-01-30,2024-01-30 13:37:00,0.0,0.0,-4.05736252985232e-05
C,2024-01-30,2024-01-30 13:38:00,8.806693086738093e-05,8.806693086738093e-05,-3.64806429422748e-05
C,2024-01-30,2024-01-30 13:39:00,0.0006164142303628495,0.0006164142303628495,4.5667582580400366e-05
C,2024-01-30,2024-01-30 13:40:00,0.001056059139311838,0.001056059139311838,-9.02347483523988e-07
C,2024-01-30,2024-01-30 13:41:00,0.0006153846153844622,0.0006153846153844622,-0.00030063824067248963
C,2024-01-30,2024-01-30 13:42:00,-8.78580214372926e-05,-8.78580214372926e-05,-0.00021241983986727516
C,2024-01-30,2024-01-30 13:43:00,-0.00017573148229510505,-0.00017573148229510505,-9.28673822655271e-05
C,2024-01-30,2024-01-30 13:44:00,0.002021267246682612,0.002021267246682612,9.983288975899626e-05
C,2024-01-30,2024-01-30 13:45:00,-0.00017540782318903325,-0.00017540782318903325,-0.000601728404449935
C,2024-01-30,2024-01-30 13:46:00,-0.001140350877192997,-0.001140350877192997,-0.00011220154991144904
C,2024-01-30,2024-01-30 13:47:00,-0.00017563888644955838,-0.00017563888644955838,0.0003427726747440319
C,2024-01-30,2024-01-30 13:48:00,0.0008783487044357052,0.0008783487044357052,0.00013701936692940366
C,2024-01-30,2024-01-30 13:49:00,-0.000877577885037284,-0.000877577885037284,-0.0002174741691238877
C,2024-01-30,2024-01-30 13:50:00,-0.0006148440931048604,-0.0006148440931048604,0.00017257634770284077
C,2024-01-30,2024-01-30 13:51:00,-0.0002636667252592373,-0.0002636667252592373,0.0002747732723589712
C,2024-01-30,2024-01-30 13:52:00,-0.00035164835164824826,-0.00035164835164824826,0.00018456831009297753
C,2024-01-30,2024-01-30 13:53:00,-0.0006156010904934117,-0.0006156010904934117,0.00016897401695491635
C,2024-01-30,2024-01-30 13:54:00,0.000791974656810801,0.000791974656810801,0.0002685685602969732
C,2024-01-30,2024-01-30 13:55:00,0.0002637826431020063,0.0002637826431020063,-0.00012606174843113696
C,2024-01-30,2024-01-30 13:56:00,-0.0011427566807312717,-0.0011427566807312717,-9.264790521052158e-05
C,2024-01-30,2024-01-30 13:57:00,-0.00035201971310383495,-0.00035201971310383495,0.0003152118401170668
C,2024-01-30,2024-01-30 13:58:00,-8.80359186548052e-05,-8.80359186548052e-05,0.00015841525800050968
C,2024-01-30,2024-01-30 13:59:00,0.00044021834830076934,0.00044021834830076934,0.00010883594914562909
C,2024-01-30,2024-01-30 14:00:00,0.0013200739241399084,0.0013200739241399084,-5.986845405714103e-05
C,2024-01-30,2024-01-30 14:01:00,0.0,0.0,-0.0003538608753956339
C,2024-01-30,2024-01-30 14:02:00,0.0001757778168394175,0.0001757778168394175,-0.00011285584074962717
C,2024-01-30,2024-01-30 14:03:00,8.787346221450498e-05,8.787346221450498e-05,-8.286414346931503e-05
C,2024-01-30,2024-01-30 14:04:00,0.0,0.0,6.500909002200777e-05
C,2024-01-30,2024-01-30 14:05:00,-0.00026359722344260206,-0.00026359722344260206,7.234071053981138e-05
C,2024-01-30,2024-01-30 14:06:00,0.00035155563367905707,0.00035155563367905707,7.456189180436017e-05
C,2024-01-30,2024-01-30 14:07:00,8.785802143740362e-05,8.785802143740362e-05,-1.9175871465756846e-05
C,2024-01-30,2024-01-30 14:08:00,0.0,0.0,3.3170412823788706e-05
C,2024-01-30,2024-01-30 14:09:00,0.00017570060616711736,0.00017570060616711736,7.875575574048469e-05
C,2024-01-30,2024-01-30 14:10:00,0.00017566974088722986,0.00017566974088722986,-2.2560940684368895e-05
C,2024-01-30,2024-01-30 14:11:00,0.0003512777728988947,0.0003512777728988947,-4.3786147141760267e-07
C,2024-01-30,2024-01-30 14:12:00,0.0005267316302344227,0.0005267316302344227,-5.991677440253456e-05
C,2024-01-30,2024-01-30 14:13:00,-0.000701939106782512,-0.000701939106782512,-0.00014965997176446768
C,2024-01-30,2024-01-30 14:14:00,0.00035121608569688156,0.00035121608569688156,0.00011091920573419864
C,2024-01-30,2024-01-30 14:15:00,0.00026331958219971696,0.00026331958219971696,-1.7381050705523942e-05
C,2024-01-30,2024-01-30 14:16:00,-0.0011407511407511839,-0.0011407511407511839,-2.8768908201694882e-05
C,2024-01-30,2024-01-30 14:17:00,-8.785030308355868e-05,-8.785030308355868e-05,0.000272275009007745
C,2024-01-30,2024-01-30 14:18:00,8.785802143740362e-05,8.785802143740362e-05,9.429037546759872e-05
C,2024-01-30,2024-01-30 14:19:00,-0.00017570060616700633,-0.00017570060616700633,1.3099349107578979e-05
C,2024-01-30,2024-01-30 14:20:00,0.0,0.0,5.892076710089727e-05
C,2024-01-30,2024-01-30 14:21:00,-0.00035146296458998805,-0.00035146296458998805,5.9158689956275555e-05
C,2024-01-30,2024-01-30 14:22:00,0.0007031730684712301,0.0007031730684712301,0.00016187448057079217
C,2024-01-30,2024-01-30 14:23:00,0.0,0.0,-5.393479165026437e-05
C,2024-01-30,2024-01-30 14:24:00,0.0,0.0,-3.992159081376564e-05
C,2024-01-30,2024-01-30 14:25:00,-8.783487044350391e-05,-8.783487044350391e-05,-2.3941190615493763e-05
C,2024-01-30,2024-01-30 14:26:00,8.784258608574014e-05,8.784258608574014e-05,4.364803612490995e-05
C,2024-01-30,2024-01-30 14:27:00,0.0003513394817742377,0.0003513394817742377,0.00011617349582439771
C,2024-01-30,2024-01-30 14:28:00,0.00017560804284832976,0.00017560804284832976,-4.4455982921823524e-05
C,2024-01-30,2024-01-30 14:29:00,0.00026336581511721135,0.00026336581511721135,-0.0001483417923869211
C,2024-01-30,2024-01-30 14:30:00,0.0002632964718272124,0.0002632964718272124,-8.560614514446769e-05
C,2024-01-30,2024-01-30 14:31:00,0.0003509695533912005,0.0003509695533912005,-1.455615786730174e-05
C,2024-01-30,2024-01-30 14:32:00,-0.00017542320849028847,-0.00017542320849028847,-4.168772129967402e-05
C,2024-01-30,2024-01-30 14:33:00,-0.0001754539871919869,-0.0001754539871919869,-8.126164434627708e-05
C,2024-01-30,2024-01-30 14:34:00,-0.0005264543300869118,-0.0005264543300869118,3.6049718431685216e-05
C,2024-01-30,2024-01-30 14:35:00,-8.778860503899644e-05,-8.778860503899644e-05,0.00012340037803192336
C,2024-01-30,2024-01-30 14:36:00,-0.0004389815627744431,-0.0004389815627744431,-7.771712533638368e-05
C,2024-01-30,2024-01-30 14:37:00,0.0,0.0,0.0001700881045712359
C,2024-01-30,2024-01-30 14:38:00,0.005270092226614009,0.0032316783316532283,0.0002121600901998311
C,2024-01-30,2024-01-30 14:39:00,-0.004368719965050394,-0.003140983963237315,-0.0009799348033599502
C,2024-01-30,2024-01-30 14:40:00,0.0,0.0,0.0009619448863291424
C,2024-01-30,2024-01-30 14:41:00,0.0012286090390523086,0.0012286090390523086,0.00031016531216371425
C,2024-01-30,2024-01-30 14:42:00,-0.0005259006047857451,-0.0005259006047857451,-0.0002136632145628497
C,2024-01-30,2024-01-30 14:43:00,8.769622029292101e-05,8.769622029292101e-05,7.078883158195728e-05
C,2024-01-30,2024-01-30 14:44:00,0.00017537706068049275,0.00017537706068049275,9.522419773605763e-05
C,2024-01-30,2024-01-30 14:45:00,-0.0003506926179203118,-0.0003506926179203118,0.0001499598313091942
C,2024-01-30,2024-01-30 14:46:00,-8.770391159462765e-05,-8.770391159462765e-05,0.00010371423352622451
C,2024-01-30,2024-01-30 14:47:00,0.00017542320849051052,0.00017542320849051052,8.119678299775026e-05
C,2024-01-30,2024-01-30 14:48:00,0.0005261773217575261,0.0005261773217575261,8.207979047599256e-06
C,2024-01-30,2024-01-30 14:49:00,-0.0005259006047857451,-0.0005259006047857451,-4.3479304286037266e-05
C,2024-01-30,2024-01-30 14:50:00,-0.000350784881171573,-0.000350784881171573,8.715113575676332e-06
C,2024-01-30,2024-01-30 14:51:00,-8.772699359604896e-05,-8.772699359604896e-05,0.0001263956655028351
C,2024-01-30,2024-01-30 14:52:00,0.00017546938059309625,0.00017546938059309625,9.999900608044718e-05
C,2024-01-30,2024-01-30 14:53:00,0.000350877192982324,0.000350877192982324,8.184866520574851e-05
C,2024-01-30,2024-01-30 14:54:00,0.0002630655910207391,0.0002630655910207391,-1.7333145596259924e-05
C,2024-01-30,2024-01-30 14:55:00,-0.0010519856228632385,-0.0010519856228632385,7.25846103793653e-05
C,2024-01-30,2024-01-30 14:56:00,0.0021061869240897035,0.0021061869240897035,0.0003294475084665176
C,2024-01-30,2024-01-30 14:57:00,-0.0011384534547683733,-0.0011384534547683733,-0.0005162666609988868
C,2024-01-30,2024-01-30 14:58:00,0.0,0.0,0.0002953138658984941
C,2024-01-30,2024-01-30 14:59:00,-8.767315448010571e-05,-8.767315448010571e-05,0.00014702055732558205
C,2024-01-30,2024-01-30 15:00:00,0.0005260850504165138,0.0005260850504165138,4.473542674219352e-05
C,2024-01-30,2024-01-30 15:01:00,0.0005258084304617938,0.0005258084304617938,-1.6870461999489693e-05
C,2024-01-30,2024-01-30 15:02:00,0.0003503547341683344,0.0003503547341683344,1.748779537364219e-05
C,2024-01-30,2024-01-30 15:03:00,-0.0006129060502583217,-0.0006129060502583217,-0.00037087650727501064
C,2024-01-30,2024-01-30 15:04:00,0.0002628351147713204,0.0002628351147713204,0.00022011326523416872
C,2024-01-30,2024-01-30 15:05:00,-0.0005255321012525016,-0.0005255321012525016,0.00010559409701543654
C,2024-01-30,2024-01-30 15:06:00,-0.00017526947682056093,-0.00017526947682056093,0.00014276504018255988
C,2024-01-30,2024-01-30 15:07:00,-0.00017530020159528537,-0.00017530020159528537,7.559632444836692e-05
C,2024-01-30,2024-01-30 15:08:00,0.0,0.0,3.540015855273566e-05
C,2024-01-30,2024-01-30 15:09:00,0.0,0.0,-6.841506779777144e-05
C,2024-01-30,2024-01-30 15:10:00,-0.00035066187428767215,-0.00035066187428767215,-8.04056871720211e-05
C,2024-01-30,2024-01-30 15:11:00,8.769622029292101e-05,8.769622029292101e-05,0.00018423784590551677
C,2024-01-30,2024-01-30 15:12:00,-0.0006138197123816136,-0.0006138197123816136,-9.277292085059242e-06
C,2024-01-30,2024-01-30 15:13:00,0.00043871194173905614,0.00043871194173905614,0.0002412541996677508
C,2024-01-30,2024-01-30 15:14:00,0.0006139273811611723,0.0006139273811611723,-5.262914576736811e-05
C,2024-01-30,2024-01-30 15:15:00,-0.0007012008063810304,-0.0007012008063810304,-0.00013601711338432127
C,2024-01-30,2024-01-30 15:16:00,0.0003508464169812431,0.0003508464169812431,0.00014020510532612707
C,2024-01-30,2024-01-30 15:17:00,-0.0005260850504165138,-0.0005260850504165138,1.1951886889752395e-05
C,2024-01-30,2024-01-30 15:18:00,0.0007018159487672815,0.0007018159487672815,0.00017114791702982495
C,2024-01-30,2024-01-30 15:19:00,-0.0004383273428595347,-0.0004383273428595347,-6.992689742922642e-06
C,2024-01-30,2024-01-30 15:20:00,0.0006139273811611723,0.0006139273811611723,6.645277254592055e-05
C,2024-01-30,2024-01-30 15:21:00,-0.0010518012095713791,-0.0010518012095713791,4.9898070066480235e-05
C,2024-01-30,2024-01-30 15:22:00,-0.0005264543300869118,-0.0005264543300869118,0.00025770892358141696
C,2024-01-30,2024-01-30 15:23:00,-0.0001755772100781039,-0.0001755772100781039,0.00031921117556981164
C,2024-01-30,2024-01-30 15:24:00,-0.00017560804284832976,-0.00017560804284832976,0.00015982216483145196
C,2024-01-30,2024-01-30 15:25:00,-8.781944322477919e-05,-8.781944322477919e-05,-7.34968461483977e-05
C,2024-01-30,2024-01-30 15:26:00,-0.0004391357807833618,-0.0004391357807833618,8.992668154949302e-05
C,2024-01-30,2024-01-30 15:27:00,0.0004393287057375961,0.0004393287057375961,0.00020202973370953247
C,2024-01-30,2024-01-30 15:28:00,-8.782715615673897e-05,-8.782715615673897e-05,-1.7679565070364135e-05
C,2024-01-30,2024-01-30 15:29:00,0.0,0.0,-3.530147324954549e-05
C,2024-01-30,2024-01-30 15:30:00,-0.0007905138339920903,-0.0007905138339920903,4.7512673583749564e-05
C,2024-01-30,2024-01-30 15:31:00,8.790436005634561e-05,8.790436005634561e-05,0.00030426865928854396
C,2024-01-30,2024-01-30 15:32:00,0.0,0.0,3.820629758958052e-05
C,2024-01-30,2024-01-30 15:33:00,0.00017579326711780752,0.00017579326711780752,0.00010015365130431753
C,2024-01-30,2024-01-30 15:34:00,0.0006151682924686597,0.0006151682924686597,-2.430862602811602e-05
C,2024-01-30,2024-01-30 15:35:00,-0.0004391357807833618,-0.0004391357807833618,-7.976527572264977e-05
C,2024-01-30,2024-01-30 15:36:00,0.00017573148229499402,0.00017573148229499402,7.714541066200212e-05
C,2024-01-30,2024-01-30 15:37:00,0.0003514012123342347,0.0003514012123342347,5.469130581842252e-06
C,2024-01-30,2024-01-30 15:38:00,-0.0005269166593484531,-0.0005269166593484531,-1.6867125859251585e-05
C,2024-01-30,2024-01-30 15:39:00,0.00017573148229499402,0.00017573148229499402,5.894742761304354e-05
C,2024-01-30,2024-01-30 15:40:00,0.0005271018185013521,0.0005271018185013521,0.00016990734039505536
C,2024-01-30,2024-01-30 15:41:00,0.001492668364211136,0.001492668364211136,-0.00013474679960105444
C,2024-01-30,2024-01-30 15:42:00,8.767315448010571e-05,8.767315448010571e-05,-0.000443294906676197
C,2024-01-30,2024-01-30 15:43:00,0.0,0.0,-0.0001492159797765413
C,2024-01-30,2024-01-30 15:44:00,0.0020163057771545034,0.0020163057771545034,3.6993966734219033e-05
C,2024-01-30,2024-01-30 15:45:00,-1.1102230246251565e-16,-1.1102230246251565e-16,-0.0005439068002332831
C,2024-01-30,2024-01-30 15:46:00,-8.748906386701893e-05,-8.748906386701893e-05,-0.00015952370471936805
C,2024-01-30,2024-01-30 15:47:00,-0.0006124770321112027,-0.0006124770321112027,0.0001270879180726415
C,2024-01-30,2024-01-30 15:48:00,0.0005253020486779558,0.0005253020486779558,0.0002908278521253782
C,2024-01-30,2024-01-30 15:49:00,0.0005250262513125659,0.0005250262513125659,4.1595456762309095e-06
C,2024-01-30,2024-01-30 15:50:00,-0.0004372922861641815,-0.0004372922861641815,-6.653561772678497e-05
C,2024-01-30,2024-01-30 15:51:00,-0.0005249803132382214,-0.0005249803132382214,0.00013752377154731686
C,2024-01-30,2024-01-30 15:52:00,-0.0012255974787708235,-0.0012255974787708235,0.00022690308530345343
C,2024-01-30,2024-01-30 15:53:00,-0.0013147515119642517,-0.0013147515119642517,0.0004301913991840044
C,2024-01-30,2024-01-30 15:54:00,0.0009654203967002228,0.0009654203967002228,0.0006476168452815112
C,2024-01-30,2024-01-30 15:55:00,-0.0006137658921527844,-0.0006137658921527844,-8.803444435642879e-05
C,2024-01-30,2024-01-30 15:56:00,-0.00043867345148251857,-0.00043867345148251857,0.0001536962708518176
C,2024-01-30,2024-01-30 15:57:00,0.0012288247169314204,0.0012288247169314204,0.00022163469599184764
C,2024-01-30,2024-01-30 15:58:00,0.0007889892171473178,0.0007889892171473178,-0.00012507147741231574
C,2024-01-31,2024-01-31 09:40:00,-0.0032034632034632082,-0.0029875631899746614,-0.0005332858115362714
C,2024-01-31,2024-01-31 09:41:00,0.001997741683314569,0.001997741683314569,0.0007388869887080899
C,2024-01-31,2024-01-31 09:42:00,0.004074202496532564,0.0030342078402711362,-0.0002593851091512296
C,2024-01-31,2024-01-31 09:43:00,-0.0005180005180005498,-0.0005180005180005498,-0.0009552348647978138
C,2024-01-31,2024-01-31 09:44:00,-0.0005182689816013442,-0.0005182689816013442,-2.1485437427987723e-06
C,2024-01-31,2024-01-31 09:45:00,-0.0012963443090485693,-0.0012963443090485693,0.00019656042151147644
C,2024-01-31,2024-01-31 09:46:00,-0.001644167532018015,-0.001644167532018015,0.00046297780520482854
C,2024-01-31,2024-01-31 09:47:00,-0.0015601976250325666,-0.0015601976250325666,0.0006349402193098608
C,2024-01-31,2024-01-31 09:48:00,-0.0015626356454554458,-0.0015626356454554458,0.0006863326786159064
C,2024-01-31,2024-01-31 09:49:00,-0.0019998261020779395,-0.0019998261020779395,0.0006850963378558083
C,2024-01-31,2024-01-31 09:50:00,-0.00043561596096886035,-0.00043561596096886035,0.0008138650900454607
C,2024-01-31,2024-01-31 09:51:00,-8.71611609866152e-05,-8.71611609866152e-05,0.0004221767521022043
C,2024-01-31,2024-01-31 09:52:00,0.0011331938633194483,0.0011331938633194483,0.00022074582190886405
C,2024-01-31,2024-01-31 09:53:00,-0.0006965607313887956,-0.0006965607313887956,-0.0002049659665502113
C,2024-01-31,2024-01-31 09:54:00,-0.0015683540995032885,-0.0015683540995032885,0.00028640346200863563
C,2024-01-31,2024-01-31 09:55:00,-0.0006108735491752171,-0.0006108735491752171,0.000634016303388127
C,2024-01-31,2024-01-31 09:56:00,8.732099196628873e-05,8.732099196628873e-05,0.0004286854259050707
C,2024-01-31,2024-01-31 09:57:00,0.0006111935737360685,0.0006111935737360685,0.00011741534332384285
C,2024-01-31,2024-01-31 09:58:00,0.00567190226876102,0.0030342078402711362,-5.875589926654712e-05
C,2024-01-31,2024-01-31 09:59:00,-0.006681127982646529,-0.0029875631899746614,-0.0009957909288007799
C,2024-01-31,2024-01-31 10:00:00,0.0012229210342418195,0.0012229210342418195,0.0007608516327966003
C,2024-01-31,2024-01-31 10:01:00,0.0013086721340080931,0.0013086721340080931,-0.0001301940740886322
C,2024-01-31,2024-01-31 10:02:00,-0.00017426156661159986,-0.00017426156661159986,-0.0004640441489665049
C,2024-01-31,2024-01-31 10:03:00,-0.001132897603485783,-0.001132897603485783,-2.9648982566179415e-05
C,2024-01-31,2024-01-31 10:04:00,-0.0003489792357355137,-0.0003489792357355137,0.00045394647970918323
C,2024-01-31,2024-01-31 10:05:00,0.0004363763309478408,0.0004363763309478408,0.00017136717622197014
C,2024-01-31,2024-01-31 10:06:00,-8.723719794112572e-05,-8.723719794112572e-05,-4.008326883825921e-05
C,2024-01-31,2024-01-31 10:07:00,-0.00017448961786781236,-0.00017448961786781236,0.00010163510221610839
C,2024-01-31,2024-01-31 10:08:00,0.0004363001745202322,0.0004363001745202322,0.00015677299377784342
C,2024-01-31,2024-01-31 10:09:00,-0.000261665939816802,-0.000261665939816802,1.2622271435566124e-05
C,2024-01-31,2024-01-31 10:10:00,0.00209387541441286,0.00209387541441286,0.00011686385584681442
C,2024-01-31,2024-01-31 10:11:00,-0.0019153752394218682,-0.0019153752394218682,-0.0002809052096532463
C,2024-01-31,2024-01-31 10:12:00,0.0005233775296580312,0.0005233775296580312,0.0004990442030695607
C,2024-01-31,2024-01-31 10:13:00,-0.0012205754141237923,-0.0012205754141237923,5.9948076535723616e-05
C,2024-01-31,2024-01-31 10:14:00,-0.00034916201117307644,-0.00034916201117307644,0.00041591478919579934
C,2024-01-31,2024-01-31 10:15:00,0.0015717778553963058,0.0015717778553963058,0.00026628585453048647
C,2024-01-31,2024-01-31 10:16:00,0.0001743679163033196,0.0001743679163033196,-0.00024177332558481454
C,2024-01-31,2024-01-31 10:17:00,-0.0009588563458856614,-0.0009588563458856614,-4.6676547667978884e-05
C,2024-01-31,2024-01-31 10:18:00,0.0,0.0,0.0003616706464707822
C,2024-01-31,2024-01-31 10:19:00,0.0,0.0,0.00013738260329378317
C,2024-01-31,2024-01-31 10:20:00,0.0005235145275281905,0.0005235145275281905,4.2234336422609716e-05
C,2024-01-31,2024-01-31 10:21:00,0.005842853405424231,0.0030342078402711362,-5.665940018724489e-05
C,2024-01-31,2024-01-31 10:22:00,-0.006849315068493067,-0.0029875631899746614,-0.0008720489969825696
C,2024-01-31,2024-01-31 10:23:00,-0.0005237887385420859,-0.0005237887385420859,0.0006502104686871128
C,2024-01-31,2024-01-31 10:24:00,0.001659533583719064,0.001659533583719064,0.0004344268522633885
C,2024-01-31,2024-01-31 10:25:00,0.0014823857690964282,0.0014823857690964282,-0.0003161990966494504
C,2024-01-31,2024-01-31 10:26:00,0.00026121027427072896,0.00026121027427072896,-0.0004629874191268822
C,2024-01-31,2024-01-31 10:27:00,-0.0009575208913648048,-0.0009575208913648048,3.367376036030557e-05
C,2024-01-31,2024-01-31 10:28:00,0.0013940925328919107,0.0013940925328919107,0.00025634299436357895
C,2024-01-31,2024-01-31 10:29:00,0.00043504742016864384,0.00043504742016864384,-0.0003018253785658331
C,2024-01-31,2024-01-31 10:30:00,0.00043485823621502995,0.00043485823621502995,-0.00019148385269630213
C,2024-01-31,2024-01-31 10:31:00,-0.00034773537338084193,-0.00034773537338084193,-0.00012111381044471406
C,2024-01-31,2024-01-31 10:32:00,-0.0011305330898340182,-0.0011305330898340182,5.8795583742979697e-05
C,2024-01-31,2024-01-31 10:33:00,-0.0008706251088281824,-0.0008706251088281824,0.00027226167670262724
C,2024-01-31,2024-01-31 10:34:00,-0.0002614151272219978,-0.0002614151272219978,0.0004344299966450593
C,2024-01-31,2024-01-31 10:35:00,0.0005229669659199132,0.0005229669659199132,0.00012828360479217937
C,2024-01-31,2024-01-31 10:36:00,-0.0007840404216393759,-0.0007840404216393759,1.8193924316356537e-05
C,2024-01-31,2024-01-31 10:37:00,-0.00043591979075852105,-0.00043591979075852105,0.0002862720646226551
C,2024-01-31,2024-01-31 10:38:00,-0.000261665939816802,-0.000261665939816802,0.000219526733647995
C,2024-01-31,2024-01-31 10:39:00,-8.724480893396169e-05,-8.724480893396169e-05,0.00012139738943348953
C,2024-01-31,2024-01-31 10:40:00,0.0006980193700374393,0.0006980193700374393,2.168607126846832e-05
C,2024-01-31,2024-01-31 10:41:00,-0.0002615746795709972,-0.0002615746795709972,-0.00011705357546395048
C,2024-01-31,2024-01-31 10:42:00,-8.721437292857903e-05,-8.721437292857903e-05,-2.6235708509728628e-05
C,2024-01-31,2024-01-31 10:43:00,0.000523331879633604,0.000523331879633604,6.584391414955671e-05
C,2024-01-31,2024-01-31 10:44:00,-0.0001743527155436686,-0.0001743527155436686,-0.00012332365065675325
C,2024-01-31,2024-01-31 10:45:00,0.00026157467957110825,0.00026157467957110825,2.796552830608724e-05
C,2024-01-31,2024-01-31 10:46:00,0.0,0.0,-0.00011522376980714176
C,2024-01-31,2024-01-31 10:47:00,0.00026150627615062483,0.00026150627615062483,-1.1195938464081992e-05
C,2024-01-31,2024-01-31 10:48:00,-0.00034858387799552304,-0.00034858387799552304,-0.00012703491002357528
C,2024-01-31,2024-01-31 10:49:00,-0.0009589399354895667,-0.0009589399354895667,1.2774940423383355e-05
C,2024-01-31,2024-01-31 10:50:00,-8.7260034903891e-05,-8.7260034903891e-05,0.0003220086478517193
C,2024-01-31,2024-01-31 10:51:00,0.00017453529976441118,0.00017453529976441118,0.00015455537668281565
C,2024-01-31,2024-01-31 10:52:00,-0.0003490096850188307,-0.0003490096850188307,-1.0776423258094189e-05
C,2024-01-31,2024-01-31 10:53:00,0.0005236973029589809,0.0005236973029589809,8.06670001135482e-05
C,2024-01-31,2024-01-31 10:54:00,-0.0010468463752945079,-0.0010468463752945079,-5.622095360363053e-06
C,2024-01-31,2024-01-31 10:55:00,0.0006986289407040491,0.0006986289407040491,0.0001992834417520295
C,2024-01-31,2024-01-31 10:56:00,-0.0005236058992931225,-0.0005236058992931225,-7.87998897152006e-05
C,2024-01-31,2024-01-31 10:57:00,0.0003492534707063566,0.0003492534707063566,0.00010336523731951252
C,2024-01-31,2024-01-31 10:58:00,-0.00026184865147949044,-0.00026184865147949044,-2.2422544543458864e-05
C,2024-01-31,2024-01-31 10:59:00,-0.0002619172341540299,-0.0002619172341540299,2.0485877993193236e-05
C,2024-01-31,2024-01-31 11:00:00,-0.00034931447035191354,-0.00034931447035191354,0.0001417314389101108
C,2024-01-31,2024-01-31 11:01:00,0.0001747182667948266,0.0001747182667948266,0.000155993187878762
C,2024-01-31,2024-01-31 11:02:00,0.0001746877456545448,0.0001746877456545448,4.441350335632185e-05
C,2024-01-31,2024-01-31 11:03:00,-0.0008732861758797839,-0.0008732861758797839,-4.393346615086038e-05
C,2024-01-31,2024-01-31 11:04:00,-0.0007866445240800601,-0.0007866445240800601,0.0003004804884790787
C,2024-01-31,2024-01-31 11:05:00,0.0003498950314906324,0.0003498950314906324,0.00040406940706364577
C,2024-01-31,2024-01-31 11:06:00,0.0008744316194473356,0.0008744316194473356,2.116730853436751e-05
C,2024-01-31,2024-01-31 11:07:00,0.0006989341254586279,0.0006989341254586279,-0.00011445077950783735
C,2024-01-31,2024-01-31 11:08:00,-0.0002619172341540299,-0.0002619172341540299,-0.00014785780581917256
C,2024-01-31,2024-01-31 11:09:00,0.00043664308794011397,0.00043664308794011397,6.193932022682427e-05
C,2024-01-31,2024-01-31 11:10:00,-0.0006110335195530503,-0.0006110335195530503,-8.6847660798573e-05
C,2024-01-31,2024-01-31 11:11:00,0.00034937549130931167,0.00034937549130931167,0.00012972565222056255
C,2024-01-31,2024-01-31 11:12:00,0.001222387147472359,0.001222387147472359,-2.5041446132184784e-06
C,2024-01-31,2024-01-31 11:13:00,-8.720676724516263e-05,-8.720676724516263e-05,-0.00020665531001651109
C,2024-01-31,2024-01-31 11:14:00,-0.0004360718646432282,-0.0004360718646432282,-4.137915733513441e-05
C,2024-01-31,2024-01-31 11:15:00,-0.00017450484250935983,-0.00017450484250935983,0.00015622411459813762
C,2024-01-31,2024-01-31 11:16:00,0.0008726764988218338,0.0008726764988218338,0.00018517013920693967
C,2024-01-31,2024-01-31 11:17:00,0.0006975324788560666,0.0006975324788560666,-0.00010637973881723786
C,2024-01-31,2024-01-31 11:18:00,-0.0008713078330574442,-0.0008713078330574442,-8.717116995861058e-05
C,2024-01-31,2024-01-31 11:19:00,-0.0003488270689806505,-0.0003488270689806505,0.00019851303012645438
C,2024-01-31,2024-01-31 11:20:00,0.00026171159382371023,0.00026171159382371023,0.0002528176232840404
C,2024-01-31,2024-01-31 11:21:00,0.0,0.0,-9.781746294187906e-06
C,2024-01-31,2024-01-31 11:22:00,0.0,0.0,1.2768019391585389e-05
C,2024-01-31,2024-01-31 11:23:00,0.0003488574917147602,0.0003488574917147602,9.561074347867895e-05
C,2024-01-31,2024-01-31 11:24:00,-0.0007846556233653823,-0.0007846556233653823,-3.971941736046455e-05
C,2024-01-31,2024-01-31 11:25:00,8.725242125473542e-05,8.725242125473542e-05,0.00018145169834894395
C,2024-01-31,2024-01-31 11:26:00,0.0004362240446693644,0.0004362240446693644,0.00010013372818110222
C,2024-01-31,2024-01-31 11:27:00,0.00026162030173537687,0.00026162030173537687,-8.646703131326555e-05
C,2024-01-31,2024-01-31 11:28:00,0.0003487358326066392,0.0003487358326066392,-0.0001676781057257548
C,2024-01-31,2024-01-31 11:29:00,-0.00026146069374222147,-0.00026146069374222147,-0.00010306494591821896
C,2024-01-31,2024-01-31 11:30:00,0.0,0.0,5.835906533235885e-05
C,2024-01-31,2024-01-31 11:31:00,-0.00026152907331533637,-0.00026152907331533637,2.0105620341236676e-05
C,2024-01-31,2024-01-31 11:32:00,0.0,0.0,-6.178883303926196e-05
C,2024-01-31,2024-01-31 11:33:00,-8.719916288812968e-05,-8.719916288812968e-05,1.3028958689128567e-07
C,2024-01-31,2024-01-31 11:34:00,-0.0013081015086769954,-0.0013081015086769954,-5.3091208657978784e-05
C,2024-01-31,2024-01-31 11:35:00,8.732099196628873e-05,8.732099196628873e-05,0.0003151210956477268
C,2024-01-31,2024-01-31 11:36:00,-0.0007858203090893578,-0.0007858203090893578,1.714238727044659e-06
C,2024-01-31,2024-01-31 11:37:00,-0.0006990562740299966,-0.0006990562740299966,0.0002696872773242999
C,2024-01-31,2024-01-31 11:38:00,-0.00034977264777902306,-0.00034977264777902306,0.0002984217663867124
C,2024-01-31,2024-01-31 11:39:00,-0.0006997900629809317,-0.0006997900629809317,0.00017159505008696062
C,2024-01-31,2024-01-31 11:40:00,-0.00035014005602251874,-0.00035014005602251874,0.0002570654432501415
C,2024-01-31,2024-01-31 11:41:00,8.75656742558295e-05,8.75656742558295e-05,0.0002855536090880968
C,2024-01-31,2024-01-31 11:42:00,0.0005253480430784663,0.0005253480430784663,0.00010294912389476403
C,2024-01-31,2024-01-31 11:43:00,-0.0005250721974271455,-0.0005250721974271455,-0.00015713486034097296
C,2024-01-31,2024-01-31 11:44:00,-0.00017511601435959978,-0.00017511601435959978,0.00011555636501774406
C,2024-01-31,2024-01-31 11:45:00,0.0003502933706978073,0.0003502933706978073,0.0001715067544361041
C,2024-01-31,2024-01-31 11:46:00,-0.0003501707082201877,-0.0003501707082201877,-1.634296053826493e-05
C,2024-01-31,2024-01-31 11:47:00,-0.0008757334267448513,-0.0008757334267448513,6.622583192252346e-05
C,2024-01-31,2024-01-31 11:48:00,0.0008765010079760938,0.0008765010079760938,0.00034362098102998174
C,2024-01-31,2024-01-31 11:49:00,0.00017514668534901467,0.00017514668534901467,-3.086813465355116e-05
C,2024-01-31,2024-01-31 11:50:00,0.0003502320287189775,0.0003502320287189775,-4.5939518048318085e-05
C,2024-01-31,2024-01-31 11:51:00,0.0007002188183806712,0.0007002188183806712,-0.0001311930970508774
C,2024-01-31,2024-01-31 11:52:00,8.74661068837046e-05,8.74661068837046e-05,-0.00010707172825028641
C,2024-01-31,2024-01-31 11:53:00,0.0008745845723281409,0.0008745845723281409,1.102880298754365e-05
C,2024-01-31,2024-01-31 11:54:00,0.0006116742397761499,0.0006116742397761499,-0.00024504720651115884
C,2024-01-31,2024-01-31 11:55:00,0.0012226006462319194,0.0012226006462319194,-0.00018749685605822804
C,2024-01-31,2024-01-31 11:56:00,0.0008722197993893399,0.0008722197993893399,-0.0004071897125345625
C,2024-01-31,2024-01-31 11:57:00,0.00034858387799552304,0.00034858387799552304,-0.000319352249924708
C,2024-01-31,2024-01-31 11:58:00,-0.0010453872288527233,-0.0010453872288527233,-0.000179075108828941
C,2024-01-31,2024-01-31 11:59:00,-0.0009592744396963448,-0.0009592744396963448,0.00019548322109065976
C,2024-01-31,2024-01-31 12:00:00,-0.00026187150837986284,-0.00026187150837986284,0.0004020308927811665
C,2024-01-31,2024-01-31 12:01:00,0.0006985069414127132,0.0006985069414127132,0.00016855739536472203
C,2024-01-31,2024-01-31 12:02:00,0.0005235145275281905,0.0005235145275281905,-0.00011764071000067385
C,2024-01-31,2024-01-31 12:03:00,0.00017441353449032526,0.00017441353449032526,-0.00010114077406282836
C,2024-01-31,2024-01-31 12:04:00,-0.00017438311971396114,-0.00017438311971396114,-3.6578234962760383e-05
C,2024-01-31,2024-01-31 12:05:00,-0.001656928577657646,-0.001656928577657646,3.0575394493875444e-05
C,2024-01-31,2024-01-31 12:06:00,0.002096436058700135,0.002096436058700135,0.00040933301419585543
C,2024-01-31,2024-01-31 12:07:00,0.00043584379358452274,0.00043584379358452274,-0.00041573539385226816
C,2024-01-31,2024-01-31 12:08:00,-0.0006970462664460664,-0.0006970462664460664,-0.00028976045849202176
C,2024-01-31,2024-01-31 12:09:00,0.00017438311971407217,0.00017438311971407217,8.530488468167616e-05
C,2024-01-31,2024-01-31 12:10:00,-0.0006974108621743413,-0.0006974108621743413,-6.5350874515411e-05
C,2024-01-31,2024-01-31 12:11:00,0.0001744743958824735,0.0001744743958824735,1.3205460189920062e-05
C,2024-01-31,2024-01-31 12:12:00,-0.000697775839511694,-0.000697775839511694,2.0309258723446816e-05
C,2024-01-31,2024-01-31 12:13:00,0.00034913153530591323,0.00034913153530591323,0.00012515587416359023
C,2024-01-31,2024-01-31 12:14:00,-0.0003490096850188307,-0.0003490096850188307,-3.364808011694138e-05
C,2024-01-31,2024-01-31 12:15:00,0.00034913153530591323,0.00034913153530591323,0.00011993521358537902
C,2024-01-31,2024-01-31 12:16:00,-0.0006980193700375503,-0.0006980193700375503,4.918613672575718e-05
C,2024-01-31,2024-01-31 12:17:00,0.00017462673535328932,0.00017462673535328932,0.0002033734939243024
C,2024-01-31,2024-01-31 12:18:00,-0.0004364906154518122,-0.0004364906154518122,5.243534258980304e-05
C,2024-01-31,2024-01-31 12:19:00,8.733624454149158e-05,8.733624454149158e-05,0.00011783567684469338
C,2024-01-31,2024-01-31 12:20:00,-0.00017465723517584575,-0.00017465723517584575,5.782457817468352e-05
C,2024-01-31,2024-01-31 12:21:00,-0.00026203161848192824,-0.00026203161848192824,8.00208145295807e-05
C,2024-01-31,2024-01-31 12:22:00,0.0002621002970470965,0.0002621002970470965,5.783114076614616e-05
C,2024-01-31,2024-01-31 12:23:00,0.00034937549130931167,0.00034937549130931167,6.6076833318172556e-06
C,2024-01-31,2024-01-31 12:24:00,0.0,0.0,-1.568113681870216e-05
C,2024-01-31,2024-01-31 12:25:00,0.00017462673535328932,0.00017462673535328932,5.775740562253019e-05
C,2024-01-31,2024-01-31 12:26:00,-0.003230030554343122,-0.0029875631899746614,2.121996369520456e-05
C,2024-01-31,2024-01-31 12:27:00,0.0030653354352776496,0.0030342078402711362,0.0009841186153765871
C,2024-01-31,2024-01-31 12:28:00,0.0003492534707063566,0.0003492534707063566,-0.000723665103748521
C,2024-01-31,2024-01-31 12:29:00,-0.0003491315353058022,-0.0003491315353058022,-0.00012975170920865507
C,2024-01-31,2024-01-31 12:30:00,-0.00017462673535328932,-0.00017462673535328932,0.00013223941580268417
C,2024-01-31,2024-01-31 12:31:00,0.00017465723517595677,0.00017465723517595677,0.00011278803222535944
C,2024-01-31,2024-01-31 12:32:00,0.0006985069414127132,0.0006985069414127132,-0.00011444641613106293
C,2024-01-31,2024-01-31 12:33:00,-0.0005235145275280795,-0.0005235145275280795,-4.2605813699961614e-05
C,2024-01-31,2024-01-31 12:34:00,-0.0001745962461807693,-0.0001745962461807693,0.00010299352809502533
C,2024-01-31,2024-01-31 12:35:00,0.0,0.0,0.00012879079220328118
C,2024-01-31,2024-01-31 12:36:00,-0.0006985069414128242,-0.0006985069414128242,-2.945131836187751e-05
C,2024-01-31,2024-01-31 12:37:00,-0.00034949759720392937,-0.00034949759720392937,0.00026328465787949835
C,2024-01-31,2024-01-31 12:38:00,0.0,0.0,0.00019377912635383095
C,2024-01-31,2024-01-31 12:39:00,-0.0005244296827200401,-0.0005244296827200401,0.00014028232962159145
C,2024-01-31,2024-01-31 12:40:00,0.0011368605159598477,0.0011368605159598477,8.145255040546409e-05
C,2024-01-31,2024-01-31 12:41:00,0.0003494060097835039,0.0003494060097835039,-0.0001948893550591727
C,2024-01-31,2024-01-31 12:42:00,0.0004366049598321098,0.0004366049598321098,-0.00019670466843464354
C,2024-01-31,2024-01-31 12:43:00,-0.0001745657676528456,-0.0001745657676528456,-0.0001423511736617723
C,2024-01-31,2024-01-31 12:44:00,-0.0003491924923615386,-0.0003491924923615386,-0.00017979380824636754
C,2024-01-31,2024-01-31 12:45:00,0.0003493144703521356,0.0003493144703521356,3.585246183193538e-05
C,2024-01-31,2024-01-31 12:46:00,0.00017459624618054725,0.00017459624618054725,-4.806983933002707e-05
C,2024-01-31,2024-01-31 12:47:00,0.0007855459544383603,0.0007855459544383603,-1.5382298667719563e-06
C,2024-01-31,2024-01-31 12:48:00,-0.00026164311878595914,-0.00026164311878595914,-0.00021534065102017492
C,2024-01-31,2024-01-31 12:49:00,0.0,0.0,6.386460540517048e-05
C,2024-01-31,2024-01-31 12:50:00,0.000348948791764947,0.000348948791764947,2.685141009834457e-05
C,2024-01-31,2024-01-31 12:51:00,-0.004273131595011748,-0.0029875631899746614,-7.867380030519468e-05
C,2024-01-31,2024-01-31 12:52:00,0.0033280784725870927,0.0030342078402711362,0.0009331796744998871
C,2024-01-31,2024-01-31 12:53:00,0.00034916201117307644,0.00034916201117307644,-0.0006751685964302738
C,2024-01-31,2024-01-31 12:54:00,0.0002617801047120061,0.0002617801047120061,-0.0002668166123023554
C,2024-01-31,2024-01-31 12:55:00,-0.00017447439588236247,-0.00017447439588236247,-1.847637924047398e-05
C,2024-01-31,2024-01-31 12:56:00,0.0004362621062734551,0.0004362621062734551,-0.00015660358858441174
C,2024-01-31,2024-01-31 12:57:00,-0.004186289900575568,-0.0029875631899746614,-0.00010818705595471654
C,2024-01-31,2024-01-31 12:58:00,0.004466631634261642,0.0030342078402711362,0.001042838340319335
C,2024-01-31,2024-01-31 12:59:00,0.0006975324788560666,0.0006975324788560666,-0.0007628842153684134
C,2024-01-31,2024-01-31 13:00:00,-0.0012198309662805329,-0.0012198309662805329,-0.0002522223025830509
C,2024-01-31,2024-01-31 13:01:00,-0.0005234231876471984,-0.0005234231876471984,0.00038921953168497974
C,2024-01-31,2024-01-31 13:02:00,-0.0003491315353058022,-0.0003491315353058022,0.00025451514295824265
C,2024-01-31,2024-01-31 13:03:00,0.0006111935737360685,0.0006111935737360685,8.268074763312493e-05
C,2024-01-31,2024-01-31 13:04:00,0.0004363001745202322,0.0004363001745202322,-3.441515207026897e-05
C,2024-01-31,2024-01-31 13:05:00,-0.000610553859572649,-0.000610553859572649,7.119346188393781e-06
C,2024-01-31,2024-01-31 13:06:00,-0.00026182579856859345,-0.00026182579856859345,7.721110108616513e-05
C,2024-01-31,2024-01-31 13:07:00,-0.0008729812309037355,-0.0008729812309037355,7.231250542302481e-05
C,2024-01-31,2024-01-31 13:08:00,0.0006116207951072372,0.0006116207951072372,0.00032941964251426766
C,2024-01-31,2024-01-31 13:09:00,0.0001746419839327995,0.0001746419839327995,-5.857204291276936e-05
C,2024-01-31,2024-01-31 13:10:00,0.0007857517024620897,0.0007857517024620897,-0.00010862456326835439
C,2024-01-31,2024-01-31 13:11:00,0.001657506760882832,0.001657506760882832,-0.0002409772917657297
C,2024-01-31,2024-01-31 13:12:00,-0.00130639261452703,-0.00130639261452703,-0.0005167310094435821
C,2024-01-31,2024-01-31 13:13:00,-0.0008720676724514043,-0.0008720676724514043,0.00021405518385983697
C,2024-01-31,2024-01-31 13:14:00,0.001396526141223653,0.001396526141223653,0.00022809949808807827
C,2024-01-31,2024-01-31 13:15:00,-8.71611609866152e-05,-8.71611609866152e-05,-0.00026668140121932307
C,2024-01-31,2024-01-31 13:16:00,0.00026150627615062483,0.00026150627615062483,-0.00011361283176858461
C,2024-01-31,2024-01-31 13:17:00,-0.00034858387799552304,-0.00034858387799552304,5.828754934792985e-07
C,2024-01-31,2024-01-31 13:18:00,-0.00026152907331533637,-0.00026152907331533637,3.363460714297683e-05
C,2024-01-31,2024-01-31 13:19:00,-0.000261597488664167,-0.000261597488664167,6.123974281859345e-05
C,2024-01-31,2024-01-31 13:20:00,-0.000610553859572649,-0.000610553859572649,2.1736049010075596e-05
C,2024-01-31,2024-01-31 13:21:00,-0.00026182579856859345,-0.00026182579856859345,0.0002456136037587993
C,2024-01-31,2024-01-31 13:22:00,-0.0008729812309037355,-0.0008729812309037355,6.573989070887505e-05
C,2024-01-31,2024-01-31 13:23:00,-0.0005242463958059496,-0.0005242463958059496,0.00029246785368141655
C,2024-01-31,2024-01-31 13:24:00,0.0005245213742459676,0.0005245213742459676,0.0002417919745921465
C,2024-01-31,2024-01-31 13:25:00,-8.737439930095459e-05,-8.737439930095459e-05,4.131935632165192e-05
C,2024-01-31,2024-01-31 13:26:00,0.0,0.0,-5.076524231927253e-05
C,2024-01-31,2024-01-31 13:27:00,8.73820342537357e-05,8.73820342537357e-05,-7.869151413621527e-05
C,2024-01-31,2024-01-31 13:28:00,0.0006989951944080808,0.0006989951944080808,4.192951180743891e-05
C,2024-01-31,2024-01-31 13:29:00,-0.00034925347070624557,-0.00034925347070624557,-0.00018495640585761058
C,2024-01-31,2024-01-31 13:30:00,0.0008734387282731682,0.0008734387282731682,2.408878478778299e-05
C,2024-01-31,2024-01-31 13:31:00,-0.0006981411990576447,-0.0006981411990576447,-0.00030618135146058935
C,2024-01-31,2024-01-31 13:32:00,-0.00017465723517584575,-0.00017465723517584575,4.505396085770052e-05
C,2024-01-31,2024-01-31 13:33:00,-0.0006987509826186233,-0.0006987509826186233,5.9697100855453025e-05
C,2024-01-31,2024-01-31 13:34:00,0.0,0.0,0.0002629464910152812
C,2024-01-31,2024-01-31 13:35:00,-0.0004370247356000334,-0.0004370247356000334,8.469301576799059e-05
C,2024-01-31,2024-01-31 13:36:00,0.0006121021336131793,0.0006121021336131793,8.443671743647609e-05
C,2024-01-31,2024-01-31 13:37:00,0.0003495586821637975,0.0003495586821637975,1.679426397221996e-05
C,2024-01-31,2024-01-31 13:38:00,0.0,0.0,-0.00012462517422723987
C,2024-01-31,2024-01-31 13:39:00,0.0004367956669870665,0.0004367956669870665,-6.747233688110754e-05
C,2024-01-31,2024-01-31 13:40:00,0.0002619629758993103,0.0002619629758993103,2.926534523229869e-05
C,2024-01-31,2024-01-31 13:41:00,-0.0001745962461807693,-0.0001745962461807693,8.898037061689314e-05
C,2024-01-31,2024-01-31 13:42:00,8.731336767642262e-05,8.731336767642262e-05,9.345074313305272e-06
C,2024-01-31,2024-01-31 13:43:00,0.00034922297887196585,0.00034922297887196585,7.272296278995566e-05
C,2024-01-31,2024-01-31 13:44:00,-0.00026182579856859345,-0.00026182579856859345,2.4417460997324665e-05
C,2024-01-31,2024-01-31 13:45:00,0.0,0.0,4.9759793640015606e-05
C,2024-01-31,2024-01-31 13:46:00,0.0006983849847226331,0.0006983849847226331,0.00010566256709963908
C,2024-01-31,2024-01-31 13:47:00,-0.00034894879176472493,-0.00034894879176472493,-2.3025935085856193e-05
C,2024-01-31,2024-01-31 13:48:00,0.0011344794484684506,0.0011344794484684506,1.688259708840823e-05
C,2024-01-31,2024-01-31 13:49:00,-0.0007845188284518745,-0.0007845188284518745,-0.00014820928701007836
C,2024-01-31,2024-01-31 13:50:00,-0.00017447439588236247,-0.00017447439588236247,0.00024465701814613706
C,2024-01-31,2024-01-31 13:51:00,0.0001745048425092488,0.0001745048425092488,0.00013525512720017553
C,2024-01-31,2024-01-31 13:52:00,-0.00034894879176472493,-0.00034894879176472493,6.977925213746729e-05
C,2024-01-31,2024-01-31 13:53:00,0.0,0.0,3.2137301219594976e-05
C,2024-01-31,2024-01-31 13:54:00,0.00017453529976441118,0.00017453529976441118,0.00021226922102026465
C,2024-01-31,2024-01-31 13:55:00,-0.00017450484250935983,-0.00017450484250935983,9.802942011489022e-05
C,2024-01-31,2024-01-31 13:56:00,-0.0008726764988218338,-0.0008726764988218338,-1.845576802425913e-05
C,2024-01-31,2024-01-31 13:57:00,0.0001746877456545448,0.0001746877456545448,0.00019931906889034435
C,2024-01-31,2024-01-31 13:58:00,0.0057636887608070175,0.0030342078402711362,0.00019557651677716494
C,2024-01-31,2024-01-31 13:59:00,-0.00937744204219848,-0.0029875631899746614,-0.0010543630296319137
C,2024-01-31,2024-01-31 14:00:00,0.0021912525199403454,0.0021912525199403454,0.0008455301924048166
C,2024-01-31,2024-01-31 14:01:00,-0.0019240860591218656,-0.0019240860591218656,-0.00032469043961463477
C,2024-01-31,2024-01-31 14:02:00,0.0,0.0,0.0005415514312442902
C,2024-01-31,2024-01-31 14:03:00,0.00814931650893791,0.0030342078402711362,0.0002487286497124405
C,2024-01-31,2024-01-31 14:04:00,-0.0061712299000433735,-0.0029875631899746614,-0.0008038936506193325
C,2024-01-31,2024-01-31 14:05:00,0.0012244184012593085,0.0012244184012593085,0.0006877977855005305
C,2024-01-31,2024-01-31 14:06:00,-0.0012229210342417085,-0.0012229210342417085,-2.19543729850511e-05
C,2024-01-31,2024-01-31 14:07:00,-0.0004372922861641815,-0.0004372922861641815,0.00018135470925109356
C,2024-01-31,2024-01-31 14:08:00,0.00043748359436524,0.00043748359436524,0.00015009073761604875
C,2024-01-31,2024-01-31 14:09:00,0.00043729228616395943,0.00043729228616395943,2.7498655563372125e-05
C,2024-01-31,2024-01-31 14:10:00,-0.00017484045808191517,-0.00017484045808191517,-0.00018517996626161016
C,2024-01-31,2024-01-31 14:11:00,0.0008743551630672197,0.0008743551630672197,5.700975694165906e-05
C,2024-01-31,2024-01-31 14:12:00,-0.0005241548003843688,-0.0005241548003843688,-0.0002088540986694067
C,2024-01-31,2024-01-31 14:13:00,-0.0006118346298399358,-0.0006118346298399358,2.4195019739545008e-05
C,2024-01-31,2024-01-31 14:14:00,-0.0014867937729579062,-0.0014867937729579062,0.00017995217768775328
C,2024-01-31,2024-01-31 14:15:00,0.0,0.0,0.0005721298719778361
C,2024-01-31,2024-01-31 14:16:00,-0.0007882981518787524,-0.0007882981518787524,0.00022500211580439613
C,2024-01-31,2024-01-31 14:17:00,0.0,0.0,0.0003151133671222322
C,2024-01-31,2024-01-31 14:18:00,0.0003506311360448322,0.0003506311360448322,0.000164581461096792
C,2024-01-31,2024-01-31 14:19:00,0.000350508236943492,0.000350508236943492,-6.127617272561246e-05
C,2024-01-31,2024-01-31 14:20:00,0.0003503854239663706,0.0003503854239663706,-0.00016498038184010086
C,2024-01-31,2024-01-31 14:21:00,-0.0012259194395796147,-0.0012259194395796147,-1.1137896445262726e-05
C,2024-01-31,2024-01-31 14:22:00,0.000876731544800835,0.000876731544800835,0.00031088889250245095
C,2024-01-31,2024-01-31 14:23:00,8.759635599164817e-05,8.759635599164817e-05,-0.0001237030416419087
C,2024-01-31,2024-01-31 14:24:00,0.0005255321012525016,0.0005255321012525016,-8.682348333979403e-05
C,2024-01-31,2024-01-31 14:25:00,-8.754267705501917e-05,-8.754267705501917e-05,-0.00023391408942198923
C,2024-01-31,2024-01-31 14:26:00,-0.0006128523901242078,-0.0006128523901242078,-3.058471934729584e-05
C,2024-01-31,2024-01-31 14:27:00,-0.00035041611914155,-0.00035041611914155,0.00013978190597115835
C,2024-01-31,2024-01-31 14:28:00,-8.763473841033598e-05,-8.763473841033598e-05,0.0001394879889040481
C,2024-01-31,2024-01-31 14:29:00,-0.00043821209465366717,-0.00043821209465366717,2.213955966881325e-05
C,2024-01-31,2024-01-31 14:30:00,0.0011398509425690762,0.0011398509425690762,0.00015013960421520877
C,2024-01-31,2024-01-31 14:31:00,0.0005254860746191081,0.0005254860746191081,-0.00021083593141176088
C,2024-01-31,2024-01-31 14:32:00,-0.00043767507002812067,-0.00043767507002812067,-0.00024730803024384086
C,2024-01-31,2024-01-31 14:33:00,0.00017514668534901467,0.00017514668534901467,0.0001380340442878233
C,2024-01-31,2024-01-31 14:34:00,0.0007880220646176994,0.0007880220646176994,-6.04309316230743e-05
C,2024-01-31,2024-01-31 14:35:00,-0.00034995625546807574,-0.00034995625546807574,-0.0002028768606751839
C,2024-01-31,2024-01-31 14:36:00,8.75196919307708e-05,8.75196919307708e-05,5.210750458473842e-05
C,2024-01-31,2024-01-31 14:37:00,0.0009626323619496002,0.0009626323619496002,-1.6011512426723737e-05
C,2024-01-31,2024-01-31 14:38:00,-0.0006994229760447501,-0.0006994229760447501,-0.00028788899593719326
C,2024-01-31,2024-01-31 14:39:00,0.0032370953630795896,0.0030342078402711362,0.00021008272517600686
C,2024-01-31,2024-01-31 14:40:00,0.0007848609052061306,0.0007848609052061306,-0.0008730546607239075
C,2024-01-31,2024-01-31 14:41:00,0.0,0.0,-0.00048677136519936954
C,2024-01-31,2024-01-31 14:42:00,-0.00017427675148118382,-0.00017427675148118382,-0.00015189115841143517
C,2024-01-31,2024-01-31 14:43:00,-0.000871535645807997,-0.000871535645807997,6.898015170272849e-06
C,2024-01-31,2024-01-31 14:44:00,0.00017445917655267706,0.00017445917655267706,0.00014390284325409926
C,2024-01-31,2024-01-31 14:45:00,8.721437292869005e-05,8.721437292869005e-05,3.870320501518023e-05
C,2024-01-31,2024-01-31 14:46:00,-0.0011336879741868922,-0.0011336879741868922,3.1997800310929566e-05
C,2024-01-31,2024-01-31 14:47:00,-0.0008730574471800256,-0.0008730574471800256,0.0003984992062068294
C,2024-01-31,2024-01-31 14:48:00,-0.002009786787836365,-0.002009786787836365,0.0004393551846346722
C,2024-01-31,2024-01-31 14:49:00,-0.00035023202871908854,-0.00035023202871908854,0.0007858728514283952
C,2024-01-31,2024-01-31 14:50:00,-0.0019269510379258392,-0.0019269510379258392,0.000400381374004198
C,2024-01-31,2024-01-31 14:51:00,-0.0002632733655112407,-0.0002632733655112407,0.0007704377644801763
C,2024-01-31,2024-01-31 14:52:00,-0.0066713483146068064,-0.0029875631899746614,0.00034317850877970925
C,2024-01-31,2024-01-31 14:53:00,0.008395192647578709,0.0030342078402711362,0.001038864461821335
C,2024-01-31,2024-01-31 14:54:00,-0.0002629042152308969,-0.0002629042152308969,-0.0005549634807281655
C,2024-01-31,2024-01-31 14:55:00,-0.0009642356241233996,-0.0009642356241233996,-0.00010674961933535407
C,2024-01-31,2024-01-31 14:56:00,0.006843906291129187,0.0030342078402711362,0.00023884070993205383
C,2024-01-31,2024-01-31 14:57:00,-0.006623093681917158,-0.0029875631899746614,-0.0009081208146113829
C,2024-01-31,2024-01-31 14:58:00,-0.0008772699359593794,-0.0008772699359593794,0.0005534192002269421
C,2024-01-31,2024-01-31 14:59:00,-0.0012292562999385304,-0.0012292562999385304,0.0005750228493282672
C,2024-01-31,2024-01-31 15:00:00,-0.0017582417582416854,-0.0017582417582416854,0.000549857841645017
C,2024-01-31,2024-01-31 15:01:00,-0.0024658740642888866,-0.0024658740642888866,0.0007635106842159005
C,2024-01-31,2024-01-31 15:02:00,-0.0002648538889379326,-0.0002648538889379326,0.0010678904545349142
C,2024-01-31,2024-01-31 15:03:00,-0.0005298481102083974,-0.0005298481102083974,0.0004544735411853891
C,2024-01-31,2024-01-31 15:04:00,-0.00044177416504698197,-0.00044177416504698197,0.0003600799395873489
C,2024-01-31,2024-01-31 15:05:00,-0.008574206664898831,-0.0029875631899746614,0.0002724635169669299
C,2024-01-31,2024-01-31 15:06:00,0.003655492154065687,0.0030342078402711362,0.0011215904562666482
C,2024-01-31,2024-01-31 15:07:00,0.0035533445855913115,0.0030342078402711362,-0.0005053712145896221
C,2024-01-31,2024-01-31 15:08:00,0.0005311144551651825,0.0005311144551651825,-0.000890005855760039
C,2024-01-31,2024-01-31 15:09:00,0.001415553392904556,0.001415553392904556,-0.00022636968359147626
C,2024-01-31,2024-01-31 15:10:00,-0.0003533881084900603,-0.0003533881084900603,-0.0003421516579991877
C,2024-01-31,2024-01-31 15:11:00,0.0015024304021209467,0.0015024304021209467,-7.894176315864637e-05
C,2024-01-31,2024-01-31 15:12:00,0.0003529827038475375,0.0003529827038475375,-0.00048384098569429737
C,2024-01-31,2024-01-31 15:13:00,0.007233592095977404,0.0030342078402711362,-0.0002333166048426452
C,2024-01-31,2024-01-31 15:14:00,-0.0078822911192854,-0.0029875631899746614,-0.0009718685110302429
C,2024-01-31,2024-01-31 15:15:00,-0.0005296610169491789,-0.0005296610169491789,0.0007310980957353531
C,2024-01-31,2024-01-31 15:16:00,0.0001766472354709503,0.0001766472354709503,0.0003643059328186917
C,2024-01-31,2024-01-31 15:17:00,-0.0010596962204169058,-0.0010596962204169058,8.393876480429067e-05
C,2024-01-31,2024-01-31 15:18:00,-0.0010608203677511252,-0.0010608203677511252,0.00034832968006195123
C,2024-01-31,2024-01-31 15:19:00,0.001061946902654931,0.001061946902654931,0.0004992705749217413
C,2024-01-31,2024-01-31 15:20:00,0.0007072135785006761,0.0007072135785006761,-8.540006291015959e-05
C,2024-01-31,2024-01-31 15:21:00,0.0007067137809186885,0.0007067137809186885,-0.00010937600003428465
C,2024-01-31,2024-01-31 15:22:00,-0.009887005649717562,-0.0029875631899746614,-0.00017845703042723257
C,2024-01-31,2024-01-31 15:23:00,0.009539942938658896,0.0030342078402711362,0.0010161720214010284
C,2024-01-31,2024-01-31 15:24:00,-0.001501368895169053,-0.001501368895169053,-0.0006840564161640673
C,2024-01-31,2024-01-31 15:25:00,0.00035379444542704697,0.00035379444542704697,0.00027452759097854333
C,2024-01-31,2024-01-31 15:26:00,0.0007073386383731339,0.0007073386383731339,7.236620742276342e-05
C,2024-01-31,2024-01-31 15:27:00,-0.0013253224951405018,-0.0013253224951405018,-0.00010371243690239969
C,2024-01-31,2024-01-31 15:28:00,0.0001769441741130695,0.0001769441741130695,0.00027476575768897894
C,2024-01-31,2024-01-31 15:29:00,-0.0010614772224679658,-0.0010614772224679658,0.00017458247119005185
C,2024-01-31,2024-01-31 15:30:00,-0.00017710085893929417,-0.00017710085893929417,0.0004120274687716247
C,2024-01-31,2024-01-31 15:31:00,-0.0009742272606501068,-0.0009742272606501068,0.00023386884852999071
C,2024-01-31,2024-01-31 15:32:00,0.00026595744680846245,0.00026595744680846245,0.0004282153502478784
C,2024-01-31,2024-01-31 15:33:00,-0.0005317734645040595,-0.0005317734645040595,9.878644697958579e-05
C,2024-01-31,2024-01-31 15:34:00,-0.0011527888622862026,-0.0011527888622862026,0.00023534327833967214
C,2024-01-31,2024-01-31 15:35:00,0.0004438920454545858,0.0004438920454545858,0.00037348967965054723
C,2024-01-31,2024-01-31 15:36:00,-0.0004436950927322325,-0.0004436950927322325,0.00010006878068502267
C,2024-01-31,2024-01-31 15:37:00,0.00017755681818187874,0.00017755681818187874,0.00020690183971693287
C,2024-01-31,2024-01-31 15:38:00,0.0002662879460322287,0.0002662879460322287,7.005060007528026e-05
C,2024-01-31,2024-01-31 15:39:00,0.000532434111278679,0.000532434111278679,2.011925463681126e-05
C,2024-01-31,2024-01-31 15:40:00,-0.001685144124168536,-0.001685144124168536,-0.00012616221806309848
C,2024-01-31,2024-01-31 15:41:00,0.0002665245202557731,0.0002665245202557731,0.0005076408147379038
C,2024-01-31,2024-01-31 15:42:00,0.0005329070077271236,0.0005329070077271236,0.00019222306162817776
C,2024-01-31,2024-01-31 15:43:00,-0.0010652463382156974,-0.0010652463382156974,-3.304525137514685e-05
C,2024-01-31,2024-01-31 15:44:00,-0.00026659557451347293,-0.00026659557451347293,0.000424197502166078
C,2024-01-31,2024-01-31 15:45:00,-0.0001777777777778322,-0.0001777777777778322,0.0002732986269168923
C,2024-01-31,2024-01-31 15:46:00,0.0006223328591750121,0.0006223328591750121,0.0002135289675245665
C,2024-01-31,2024-01-31 15:47:00,-0.0008884940026655519,-0.0008884940026655519,-4.588967787675761e-05
C,2024-01-31,2024-01-31 15:48:00,-0.00044464206313898913,-0.00044464206313898913,0.00029072054450308526
C,2024-01-31,2024-01-31 15:49:00,-8.89679715302405e-05,-8.89679715302405e-05,0.0002904600174518861
C,2024-01-31,2024-01-31 15:50:00,0.00017795177506885196,0.00017795177506885196,0.00026154581147792025
C,2024-01-31,2024-01-31 15:51:00,-8.896005693437292e-05,-8.896005693437292e-05,3.1988145442857295e-05
C,2024-01-31,2024-01-31 15:52:00,-0.0008007117437722755,-0.0008007117437722755,0.00014684207040950023
C,2024-01-31,2024-01-31 15:53:00,0.0012465497284301907,0.0012465497284301907,0.00028401435109225495
C,2024-01-31,2024-01-31 15:54:00,0.0,0.0,-0.0001542507869817167
C,2024-01-31,2024-01-31 15:55:00,8.892841262797546e-05,8.892841262797546e-05,4.29516373998775e-05
C,2024-01-31,2024-01-31 15:56:00,0.0,0.0,1.4276811543855061e-05
C,2024-01-31,2024-01-31 15:57:00,-0.0008892050506847937,-0.0008892050506847937,0.00012163652749601426
C,2024-01-31,2024-01-31 15:58:00,-8.899964400144178e-05,-8.899964400144178e-05,0.00039103559065149524
