COMPANY,DATE,INTERVAL_TIME,y_true_raw,y_true,y_pred
C,2024-01-17,2024-01-17 09:40:00,-0.0007817080320501324,-0.0007817080320501324,9.063182831843059e-05
C,2024-01-17,2024-01-17 09:41:00,-0.00029336984158034873,-0.00029336984158034873,0.00014258614787451831
C,2024-01-17,2024-01-17 09:42:00,0.0014672796635040175,0.0014672796635040175,0.00010937538691405416
C,2024-01-17,2024-01-17 09:43:00,0.0007814026176988786,0.0007814026176988786,-0.000265869537801071
C,2024-01-17,2024-01-17 09:44:00,9.759906304895871e-05,9.759906304895871e-05,2.0240918282081278e-05
C,2024-01-17,2024-01-17 09:45:00,0.0002927686152045528,0.0002927686152045528,4.529741122044427e-05
C,2024-01-17,2024-01-17 09:46:00,0.0009756097560975618,0.0009756097560975618,-1.6111985941950314e-05
C,2024-01-17,2024-01-17 09:47:00,0.0004873294346978696,0.0004873294346978696,-0.00022488378590294555
C,2024-01-17,2024-01-17 09:48:00,0.002727715538236808,0.002727715538236808,-9.015313127986343e-06
C,2024-01-17,2024-01-17 09:49:00,-0.0012629942679491801,-0.0012629942679491801,-0.000297210237498442
C,2024-01-17,2024-01-17 09:50:00,0.0014591439688715901,0.0014591439688715901,0.00018972892980930617
C,2024-01-17,2024-01-17 09:51:00,-0.0027197668771247185,-0.0027197668771247185,-0.00030738215817542526
C,2024-01-17,2024-01-17 09:52:00,-0.007889354241745417,-0.003095470356366915,0.0002490423969329996
C,2024-01-17,2024-01-17 09:53:00,0.008541134891026703,0.0028558438647459253,0.00028317603755868175
C,2024-01-17,2024-01-17 09:54:00,-0.0011681105811349735,-0.0011681105811349735,-0.0002442138097347544
C,2024-01-17,2024-01-17 09:55:00,0.0025338660949225655,0.0025338660949225655,0.00023125653488486017
C,2024-01-17,2024-01-17 09:56:00,0.00029163021289013713,0.00029163021289013713,-0.00027563280277364936
C,2024-01-17,2024-01-17 09:57:00,-0.0007774538386784435,-0.0007774538386784435,8.616161027187282e-05
C,2024-01-17,2024-01-17 09:58:00,0.0013616028010117187,0.0013616028010117187,5.307453427231221e-05
C,2024-01-17,2024-01-17 09:59:00,0.0006798756798755967,0.0006798756798755967,-0.00031257048074754385
C,2024-01-17,2024-01-17 10:00:00,-0.0002911773269921314,-0.0002911773269921314,1.974543855991151e-05
C,2024-01-17,2024-01-17 10:01:00,0.0008737864077670299,0.0008737864077670299,5.876961377307263e-05
C,2024-01-17,2024-01-17 10:02:00,0.0,0.0,-0.00014178512015041575
C,2024-01-17,2024-01-17 10:03:00,-0.0002910078572121444,-0.0002910078572121444,5.1523045462043683e-05
C,2024-01-17,2024-01-17 10:04:00,-0.000582185134872959,-0.000582185134872959,5.257214368279347e-05
C,2024-01-17,2024-01-17 10:05:00,0.0005825242718446866,0.0005825242718446866,4.8902041826425746e-05
C,2024-01-17,2024-01-17 10:06:00,0.0012614011255578372,0.0012614011255578372,-1.4470561095039316e-05
C,2024-01-17,2024-01-17 10:07:00,0.0012598119972864197,0.0012598119972864197,-0.0002689599277284088
C,2024-01-17,2024-01-17 10:08:00,-0.00048393341076247154,-0.00048393341076247154,-0.00022522050647020078
C,2024-01-17,2024-01-17 10:09:00,-0.00029050062941804455,-0.00029050062941804455,7.980055587786513e-05
C,2024-01-17,2024-01-17 10:10:00,-9.686168151901153e-05,-9.686168151901153e-05,2.816984654208769e-05
C,2024-01-17,2024-01-17 10:11:00,-0.0006780974522909711,-0.0006780974522909711,4.18994794106403e-05
C,2024-01-17,2024-01-17 10:12:00,-0.00019387359441636054,-0.00019387359441636054,8.360479769674413e-05
C,2024-01-17,2024-01-17 10:13:00,-0.0007756447547023759,-0.0007756447547023759,8.005588041462734e-05
C,2024-01-17,2024-01-17 10:14:00,9.703085581214133e-05,9.703085581214133e-05,8.420241716847826e-05
C,2024-01-17,2024-01-17 10:15:00,-0.0012612787426020677,-0.0012612787426020677,6.472004247710753e-05
C,2024-01-17,2024-01-17 10:16:00,0.0004857198367982374,0.0004857198367982374,0.000281920123503368
C,2024-01-17,2024-01-17 10:17:00,0.0017477424992717872,0.0017477424992717872,0.00011514065884965316
C,2024-01-17,2024-01-17 10:18:00,-0.0015508384220219718,-0.0015508384220219718,-0.00025835765081039767
C,2024-01-17,2024-01-17 10:19:00,0.00038831181438725437,0.00038831181438725437,0.00029276814505980103
C,2024-01-17,2024-01-17 10:20:00,0.0009704027171275609,0.0009704027171275609,1.3551407010218153e-05
C,2024-01-17,2024-01-17 10:21:00,0.0004847309743092332,0.0004847309743092332,-0.00017608663794928424
C,2024-01-17,2024-01-17 10:22:00,9.689922480626834e-05,9.689922480626834e-05,8.037484433174523e-05
C,2024-01-17,2024-01-17 10:23:00,0.00019377967251221762,0.00019377967251221762,3.116432133376685e-05
C,2024-01-17,2024-01-17 10:24:00,0.0004843553230651221,0.0004843553230651221,1.5176748029497849e-05
C,2024-01-17,2024-01-17 10:25:00,0.0004841208365606864,0.0004841208365606864,7.973122551321936e-05
C,2024-01-17,2024-01-17 10:26:00,-0.0006774412077810155,-0.0006774412077810155,8.31263484959083e-05
C,2024-01-17,2024-01-17 10:27:00,-0.001549486732519867,-0.001549486732519867,0.00012410296192687478
C,2024-01-17,2024-01-17 10:28:00,-0.00019398642095047602,-0.00019398642095047602,0.0003067886768062415
C,2024-01-17,2024-01-17 10:29:00,-0.001358168412883165,-0.001358168412883165,0.00011449261089120598
C,2024-01-17,2024-01-17 10:30:00,0.0008742957062366497,0.0008742957062366497,0.00034263054550626865
C,2024-01-17,2024-01-17 10:31:00,-0.0003882364359893975,-0.0003882364359893975,-1.8737306224968526e-05
C,2024-01-17,2024-01-17 10:32:00,9.709680551495126e-05,9.709680551495126e-05,8.554088858333788e-05
C,2024-01-17,2024-01-17 10:33:00,0.0008737864077670299,0.0008737864077670299,8.839401717243e-05
C,2024-01-17,2024-01-17 10:34:00,0.00019400523814128157,0.00019400523814128157,-8.315721826357645e-05
C,2024-01-17,2024-01-17 10:35:00,0.0003879352148192794,0.0003879352148192794,7.978777947316416e-05
C,2024-01-17,2024-01-17 10:36:00,0.0012603005332039174,0.0012603005332039174,5.944700968539786e-06
C,2024-01-17,2024-01-17 10:37:00,-0.0014523625096825032,-0.0014523625096825032,-0.000269189746209766
C,2024-01-17,2024-01-17 10:38:00,0.00029089498690981763,0.00029089498690981763,0.0002897916113310067
C,2024-01-17,2024-01-17 10:39:00,0.0002908103916245963,0.0002908103916245963,3.91690771328305e-05
C,2024-01-17,2024-01-17 10:40:00,-0.001065994766934808,-0.001065994766934808,3.1327025516783744e-06
C,2024-01-17,2024-01-17 10:41:00,-0.0006790842064416935,-0.0006790842064416935,0.00014334879830461069
C,2024-01-17,2024-01-17 10:42:00,-0.00019415590719329412,-0.00019415590719329412,0.00013613976965087777
C,2024-01-17,2024-01-17 10:43:00,0.0003883872220602491,0.0003883872220602491,0.00011126632639244798
C,2024-01-17,2024-01-17 10:44:00,-0.0008735319809763942,-0.0008735319809763942,6.189132990082661e-05
C,2024-01-17,2024-01-17 10:45:00,0.00145715951039449,0.00145715951039449,0.00018163782882799838
C,2024-01-17,2024-01-17 10:46:00,0.00019400523814128157,0.00019400523814128157,-0.0002477776130712326
C,2024-01-17,2024-01-17 10:47:00,-0.00019396760740952868,-0.00019396760740952868,8.048961951736115e-05
C,2024-01-17,2024-01-17 10:48:00,0.0,0.0,8.116573166771524e-05
C,2024-01-17,2024-01-17 10:49:00,0.00019400523814128157,0.00019400523814128157,-2.285490209531389e-05
C,2024-01-17,2024-01-17 10:50:00,0.00019396760740941765,0.00019396760740941765,-1.3477764172016301e-05
C,2024-01-17,2024-01-17 10:51:00,-0.0009696499563657257,-0.0009696499563657257,3.337531399565659e-05
C,2024-01-17,2024-01-17 10:52:00,0.0003882364359895085,0.0003882364359895085,0.00015452441729831755
C,2024-01-17,2024-01-17 10:53:00,-0.0007761715339088537,-0.0007761715339088537,3.937573875950347e-05
C,2024-01-17,2024-01-17 10:54:00,0.00029129041654529786,0.00029129041654529786,0.00015995740562038912
C,2024-01-17,2024-01-17 10:55:00,-0.0014560279557368494,-0.0014560279557368494,-6.217446307390661e-06
C,2024-01-17,2024-01-17 10:56:00,-0.0001944201419268321,-0.0001944201419268321,0.0002804435000233045
C,2024-01-17,2024-01-17 10:57:00,-0.0006806028196402192,-0.0006806028196402192,0.00010082890227702679
C,2024-01-17,2024-01-17 10:58:00,9.729519361734162e-05,9.729519361734162e-05,0.000164606032576736
C,2024-01-17,2024-01-17 10:59:00,0.0013620001945715554,0.0013620001945715554,6.603701651477368e-05
C,2024-01-17,2024-01-17 11:00:00,0.00029146021568049463,0.00029146021568049463,-0.00021929064998686739
C,2024-01-17,2024-01-17 11:01:00,-0.0005827505827505908,-0.0005827505827505908,9.27436706278648e-06
C,2024-01-17,2024-01-17 11:02:00,9.718172983474993e-05,9.718172983474993e-05,3.697259918534058e-05
C,2024-01-17,2024-01-17 11:03:00,0.000777378291711317,0.000777378291711317,-2.3675123111603563e-05
C,2024-01-17,2024-01-17 11:04:00,0.00019419361103012456,0.00019419361103012456,-1.4240331931383588e-05
C,2024-01-17,2024-01-17 11:05:00,0.0005824677215804375,0.0005824677215804375,3.9391431983969676e-05
C,2024-01-17,2024-01-17 11:06:00,-9.702144173850957e-05,-9.702144173850957e-05,-1.9731192285506522e-05
C,2024-01-17,2024-01-17 11:07:00,-0.00048515427906081765,-0.00048515427906081765,1.9116131802497577e-05
C,2024-01-17,2024-01-17 11:08:00,0.00038831181438725437,0.00038831181438725437,-2.1977334784185898e-05
C,2024-01-17,2024-01-17 11:09:00,0.0035904900533718642,0.0028558438647459253,-6.455654191899058e-07
C,2024-01-17,2024-01-17 11:10:00,-0.0028040997872751383,-0.0028040997872751383,-0.000290659078437661
C,2024-01-17,2024-01-17 11:11:00,0.0003878599825464235,0.0003878599825464235,0.0002451620483899889
C,2024-01-17,2024-01-17 11:12:00,0.0004846370068818384,0.0004846370068818384,2.1192846144084564e-05
C,2024-01-17,2024-01-17 11:13:00,-0.00029064134857581525,-0.00029064134857581525,-1.815899290329449e-05
C,2024-01-17,2024-01-17 11:14:00,0.0005814516910553902,0.0005814516910553902,1.9734748218854957e-06
C,2024-01-17,2024-01-17 11:15:00,-0.001259079903147664,-0.001259079903147664,1.4265034814541152e-06
C,2024-01-17,2024-01-17 11:16:00,0.0004848719937935453,0.0004848719937935453,0.00022834090506569296
C,2024-01-17,2024-01-17 11:17:00,-9.69274013764565e-05,-9.69274013764565e-05,8.175282407697339e-06
C,2024-01-17,2024-01-17 11:18:00,0.0003877471888329431,0.0003877471888329431,4.1851475056979096e-05
C,2024-01-17,2024-01-17 11:19:00,-0.0008720930232558599,-0.0008720930232558599,-6.479827211120118e-05
C,2024-01-17,2024-01-17 11:20:00,0.0006788866259335169,0.0006788866259335169,0.00013454858370177475
C,2024-01-17,2024-01-17 11:21:00,-0.0003876720294631042,-0.0003876720294631042,2.0567999331220234e-05
C,2024-01-17,2024-01-17 11:22:00,-0.0006786891603646206,-0.0006786891603646206,1.296721293084101e-05
C,2024-01-17,2024-01-17 11:23:00,-0.00019404288347701915,-0.00019404288347701915,0.00010995638253412314
C,2024-01-17,2024-01-17 11:24:00,-9.704027171297813e-05,-9.704027171297813e-05,0.00011102871535191697
C,2024-01-17,2024-01-17 11:25:00,-0.00019409937888181794,-0.00019409937888181794,-3.890669031141446e-06
C,2024-01-17,2024-01-17 11:26:00,-9.706853038260466e-05,-9.706853038260466e-05,5.33240298531256e-05
C,2024-01-17,2024-01-17 11:27:00,0.00019415590719362719,0.00019415590719362719,2.640257347308903e-05
C,2024-01-17,2024-01-17 11:28:00,0.0,0.0,-2.021842398663985e-05
C,2024-01-17,2024-01-17 11:29:00,-0.0005823546539842628,-0.0005823546539842628,-2.7643262049191587e-05
C,2024-01-17,2024-01-17 11:30:00,0.00019423132951357225,0.00019423132951357225,4.617256122068287e-05
C,2024-01-17,2024-01-17 11:31:00,0.0008738712496356715,0.0008738712496356715,-4.119678535719048e-05
C,2024-01-17,2024-01-17 11:32:00,-0.0005820721769498327,-0.0005820721769498327,-8.752416384846931e-05
C,2024-01-17,2024-01-17 11:33:00,0.0006794797126770113,0.0006794797126770113,2.608345560451447e-05
C,2024-01-17,2024-01-17 11:34:00,9.700261907052976e-05,9.700261907052976e-05,-6.693512595669812e-05
C,2024-01-17,2024-01-17 11:35:00,0.0004849660523764676,0.0004849660523764676,-4.772065831170598e-05
C,2024-01-17,2024-01-17 11:36:00,-0.0001938923897237821,-0.0001938923897237821,1.7294775920447035e-05
C,2024-01-17,2024-01-17 11:37:00,0.0003878599825464235,0.0003878599825464235,-2.3130887875148617e-05
C,2024-01-17,2024-01-17 11:38:00,9.69274013764565e-05,9.69274013764565e-05,-4.039441362861499e-05
C,2024-01-17,2024-01-17 11:39:00,-0.00048459003682899127,-0.00048459003682899127,-1.9368396007324817e-05
C,2024-01-17,2024-01-17 11:40:00,-0.0002908949869097066,-0.0002908949869097066,-8.36843927804777e-06
C,2024-01-17,2024-01-17 11:41:00,0.00029097963142588057,0.00029097963142588057,-1.6557942144153463e-06
C,2024-01-17,2024-01-17 11:42:00,0.0,0.0,-5.4606933028084405e-05
C,2024-01-17,2024-01-17 11:43:00,0.0004848249781830294,0.0004848249781830294,4.325980018949975e-06
C,2024-01-17,2024-01-17 11:44:00,-0.0005815080441946563,-0.0005815080441946563,-4.3388432886817455e-05
C,2024-01-17,2024-01-17 11:45:00,-0.00038789759503499166,-0.00038789759503499166,-2.3417705975194434e-05
C,2024-01-17,2024-01-17 11:46:00,9.701202949163878e-05,9.701202949163878e-05,5.209407161798728e-06
C,2024-01-17,2024-01-17 11:47:00,0.0,0.0,-7.753446836997679e-05
C,2024-01-17,2024-01-17 11:48:00,-0.0005820157144242888,-0.0005820157144242888,1.085585412368569e-05
C,2024-01-17,2024-01-17 11:49:00,-0.0002911773269921314,-0.0002911773269921314,3.859420913809519e-05
C,2024-01-17,2024-01-17 11:50:00,-0.00019417475728167322,-0.00019417475728167322,0.00012196705523213283
C,2024-01-17,2024-01-17 11:51:00,9.710623422032327e-05,9.710623422032327e-05,5.255360093390376e-05
C,2024-01-17,2024-01-17 11:52:00,-9.709680551528432e-05,-9.709680551528432e-05,4.1257103524979017e-05
C,2024-01-17,2024-01-17 11:53:00,-0.0002913187026607478,-0.0002913187026607478,4.945641945041484e-05
C,2024-01-17,2024-01-17 11:54:00,0.0,0.0,3.6427104499925025e-05
C,2024-01-17,2024-01-17 11:55:00,-0.0001942690626516308,-0.0001942690626516308,1.2025104699140531e-05
C,2024-01-17,2024-01-17 11:56:00,0.00029146021568049463,0.00029146021568049463,-5.473210601738638e-05
C,2024-01-17,2024-01-17 11:57:00,-0.00048562548562558483,-0.00048562548562558483,-2.3343109071652128e-05
C,2024-01-17,2024-01-17 11:58:00,0.0,0.0,-3.405734293318185e-05
C,2024-01-17,2024-01-17 11:59:00,0.0006802060052473191,0.0006802060052473191,-3.803599610919031e-05
C,2024-01-17,2024-01-17 12:00:00,-0.0002913187026608588,-0.0002913187026608588,-6.160230892101652e-05
C,2024-01-17,2024-01-17 12:01:00,0.0,0.0,-5.5936284659885115e-05
C,2024-01-17,2024-01-17 12:02:00,-0.0012627489072364328,-0.0012627489072364328,-2.8917324286536132e-05
C,2024-01-17,2024-01-17 12:03:00,-0.000583544057576324,-0.000583544057576324,0.00023100985599960384
C,2024-01-17,2024-01-17 12:04:00,-9.731413001157208e-05,-9.731413001157208e-05,0.00015056035142029526
C,2024-01-17,2024-01-17 12:05:00,0.0,0.0,8.540417205471375e-05
C,2024-01-17,2024-01-17 12:06:00,0.0,0.0,4.4648798933221e-05
C,2024-01-17,2024-01-17 12:07:00,-0.00048661800486615725,-0.00048661800486615725,1.3219543790386887e-05
C,2024-01-17,2024-01-17 12:08:00,9.737098344708706e-05,9.737098344708706e-05,5.719371532674281e-05
C,2024-01-17,2024-01-17 12:09:00,0.0008762535293544982,0.0008762535293544982,-4.075279080034396e-05
C,2024-01-17,2024-01-17 12:10:00,-9.727626459166139e-05,-9.727626459166139e-05,-0.00018344295253849756
C,2024-01-17,2024-01-17 12:11:00,0.0,0.0,-2.4019107077196646e-05
C,2024-01-17,2024-01-17 12:12:00,0.0005837143691020952,0.0005837143691020952,-3.891226541729014e-05
C,2024-01-17,2024-01-17 12:13:00,-0.0003889158969372364,-0.0003889158969372364,-5.0217181259230035e-05
C,2024-01-17,2024-01-17 12:14:00,-0.00019453360568044697,-0.00019453360568044697,2.173039920872391e-05
C,2024-01-17,2024-01-17 12:15:00,0.0,0.0,6.593871111566915e-06
C,2024-01-17,2024-01-17 12:16:00,-0.0002918571845510476,-0.0002918571845510476,-7.706925375953003e-05
C,2024-01-17,2024-01-17 12:17:00,-0.00019462826002314415,-0.00019462826002314415,4.1992696614181e-05
C,2024-01-17,2024-01-17 12:18:00,9.733307377834954e-05,9.733307377834954e-05,9.301326705935615e-05
C,2024-01-17,2024-01-17 12:19:00,0.0012652068126519644,0.0012652068126519644,7.968693256282838e-06
C,2024-01-17,2024-01-17 12:20:00,-0.0008748055987558567,-0.0008748055987558567,-0.00028610761828955195
C,2024-01-17,2024-01-17 12:21:00,9.728572818379355e-05,9.728572818379355e-05,4.885412263074846e-05
C,2024-01-17,2024-01-17 12:22:00,9.727626459143934e-05,9.727626459143934e-05,-6.094934818353317e-05
C,2024-01-17,2024-01-17 12:23:00,9.726680284005695e-05,9.726680284005695e-05,-5.098602971089198e-05
C,2024-01-17,2024-01-17 12:24:00,-0.00048628671464689965,-0.00048628671464689965,2.3964060935522964e-05
C,2024-01-17,2024-01-17 12:25:00,0.0003892186435729972,0.0003892186435729972,9.617585787638589e-05
C,2024-01-17,2024-01-17 12:26:00,0.0,0.0,-5.286126013887321e-05
C,2024-01-17,2024-01-17 12:27:00,-0.0004863340142010619,-0.0004863340142010619,-2.287415630256412e-05
C,2024-01-17,2024-01-17 12:28:00,0.0005838847800700986,0.0005838847800700986,-4.194498397637064e-05
C,2024-01-17,2024-01-17 12:29:00,0.000291772028788273,0.000291772028788273,-4.379586725249018e-05
C,2024-01-17,2024-01-17 12:30:00,-0.0008750607681089484,-0.0008750607681089484,-3.3427767574450814e-05
C,2024-01-17,2024-01-17 12:31:00,9.731413001179412e-05,9.731413001179412e-05,8.60803987760486e-05
C,2024-01-17,2024-01-17 12:32:00,-0.0005838279653596068,-0.0005838279653596068,-5.70259232924221e-05
C,2024-01-17,2024-01-17 12:33:00,-0.0005841690195697025,-0.0005841690195697025,1.223643130164725e-05
C,2024-01-17,2024-01-17 12:34:00,-0.000389673648319544,-0.000389673648319544,0.00012608758896621744
C,2024-01-17,2024-01-17 12:35:00,-0.000779651106129986,-0.000779651106129986,5.495060469594929e-05
C,2024-01-17,2024-01-17 12:36:00,-0.00019506485906573,-0.00019506485906573,0.00012665358246812515
C,2024-01-17,2024-01-17 12:37:00,0.0,0.0,5.3711107219466156e-05
C,2024-01-17,2024-01-17 12:38:00,-0.0005853087503656651,-0.0005853087503656651,4.4329437959978005e-05
C,2024-01-17,2024-01-17 12:39:00,0.0003904343582235015,0.0003904343582235015,0.00011252066523998334
C,2024-01-17,2024-01-17 12:40:00,0.0003902819787295897,0.0003902819787295897,4.636159036756445e-05
C,2024-01-17,2024-01-17 12:41:00,0.0,0.0,3.761771808323371e-05
C,2024-01-17,2024-01-17 12:42:00,-0.0006827270067296665,-0.0006827270067296665,-2.9543086229817477e-05
C,2024-01-17,2024-01-17 12:43:00,0.0011711887565879486,0.0011711887565879486,5.1226791897726884e-05
C,2024-01-17,2024-01-17 12:44:00,-0.0002924546695262098,-0.0002924546695262098,-0.0002606524419545214
C,2024-01-17,2024-01-17 12:45:00,2.220446049250313e-16,2.220446049250313e-16,1.3551404987016663e-05
C,2024-01-17,2024-01-17 12:46:00,0.0003900536323744319,0.0003900536323744319,3.627738807118787e-05
C,2024-01-17,2024-01-17 12:47:00,0.00019495077492925894,0.00019495077492925894,7.595452832940581e-06
C,2024-01-17,2024-01-17 12:48:00,-9.745638826630376e-05,-9.745638826630376e-05,3.3178003838877106e-05
C,2024-01-17,2024-01-17 12:49:00,-9.74658869394851e-05,-9.74658869394851e-05,-3.813247530989067e-05
C,2024-01-17,2024-01-17 12:50:00,0.00019495077492925894,0.00019495077492925894,-1.913132631531517e-05
C,2024-01-17,2024-01-17 12:51:00,0.00019491277653238548,0.00019491277653238548,2.4848416634603736e-05
C,2024-01-17,2024-01-17 12:52:00,0.0003897495858911082,0.0003897495858911082,3.344303246163489e-05
C,2024-01-17,2024-01-17 12:53:00,-0.00019479887016649045,-0.00019479887016649045,-4.1618920383058006e-07
C,2024-01-17,2024-01-17 12:54:00,0.0,0.0,1.930363056698427e-05
C,2024-01-17,2024-01-17 12:55:00,0.0,0.0,-1.7475675515453275e-05
C,2024-01-17,2024-01-17 12:56:00,-0.000389673648319544,-0.000389673648319544,-2.3526243320155123e-05
C,2024-01-17,2024-01-17 12:57:00,-0.00048728194133118574,-0.00048728194133118574,2.3964437202680346e-05
C,2024-01-17,2024-01-17 12:58:00,-0.0004875195007801869,-0.0004875195007801869,7.588982346990326e-05
C,2024-01-17,2024-01-17 12:59:00,0.00029265437518288806,0.00029265437518288806,9.432842718196044e-05
C,2024-01-17,2024-01-17 13:00:00,-9.752291788556189e-05,-9.752291788556189e-05,4.2784335785747635e-06
C,2024-01-17,2024-01-17 13:01:00,0.000390129718131238,0.000390129718131238,7.001354583322775e-05
C,2024-01-17,2024-01-17 13:02:00,0.0,0.0,-2.5804931164353424e-05
C,2024-01-17,2024-01-17 13:03:00,0.0,0.0,9.234600272006629e-07
C,2024-01-17,2024-01-17 13:04:00,-0.0002924831822170848,-0.0002924831822170848,-6.144757676963612e-06
C,2024-01-17,2024-01-17 13:05:00,9.752291788589496e-05,9.752291788589496e-05,-1.233019891186156e-05
C,2024-01-17,2024-01-17 13:06:00,0.0,0.0,-5.0466081972405386e-05
C,2024-01-17,2024-01-17 13:07:00,0.0,0.0,-2.2299132634892897e-05
C,2024-01-17,2024-01-17 13:08:00,-0.00039005363237465396,-0.00039005363237465396,-4.533485213133898e-05
C,2024-01-17,2024-01-17 13:09:00,-0.0007804116671542571,-0.0007804116671542571,2.588074525166038e-05
C,2024-01-17,2024-01-17 13:10:00,0.0001952552962998233,0.0001952552962998233,0.00012587219362689917
C,2024-01-17,2024-01-17 13:11:00,0.0005856515373352522,0.0005856515373352522,1.5671192471706873e-05
C,2024-01-17,2024-01-17 13:12:00,-9.7551458394185e-05,-9.7551458394185e-05,-1.0443251804907549e-05
C,2024-01-17,2024-01-17 13:13:00,9.756097560975618e-05,9.756097560975618e-05,-4.401163626828821e-06
C,2024-01-17,2024-01-17 13:14:00,-0.0004877572919713691,-0.0004877572919713691,5.718099713844173e-06
C,2024-01-17,2024-01-17 13:15:00,-0.00019519812609813947,-0.00019519812609813947,-1.618962249174005e-05
C,2024-01-17,2024-01-17 13:16:00,-0.00029285435376802393,-0.00029285435376802393,-1.8892904706982038e-06
C,2024-01-17,2024-01-17 13:17:00,-0.0003905868567521953,-0.0003905868567521953,1.74335490344171e-05
C,2024-01-17,2024-01-17 13:18:00,0.0002930546058415029,0.0002930546058415029,8.012046760042378e-05
C,2024-01-17,2024-01-17 13:19:00,-0.0007812500000000666,-0.0007812500000000666,4.2908394899676945e-06
C,2024-01-17,2024-01-17 13:20:00,-9.773260359646763e-05,-9.773260359646763e-05,6.325587931609e-05
C,2024-01-17,2024-01-17 13:21:00,0.0,0.0,1.4316983140272702e-05
C,2024-01-17,2024-01-17 13:22:00,0.00019548431238392006,0.00019548431238392006,2.132439894432692e-05
C,2024-01-17,2024-01-17 13:23:00,0.00019544610573629662,0.00019544610573629662,-6.743641931659141e-05
C,2024-01-17,2024-01-17 13:24:00,0.00039081582804101345,0.00039081582804101345,2.0011443504692856e-05
C,2024-01-17,2024-01-17 13:25:00,-0.0005859947260474785,-0.0005859947260474785,2.61158206293442e-05
C,2024-01-17,2024-01-17 13:26:00,9.772305286825933e-05,9.772305286825933e-05,3.0229829564474487e-06
C,2024-01-17,2024-01-17 13:27:00,-0.00029314051201878577,-0.00029314051201878577,1.3246168979192685e-05
C,2024-01-17,2024-01-17 13:28:00,0.0,0.0,-5.372922048517554e-06
C,2024-01-17,2024-01-17 13:29:00,-0.0002932264685758801,-0.0002932264685758801,-1.1885088177247892e-05
C,2024-01-17,2024-01-17 13:30:00,-0.000977708251857612,-0.000977708251857612,2.223048119759481e-05
C,2024-01-17,2024-01-17 13:31:00,0.00019573302016051564,0.00019573302016051564,0.00013297510459713693
C,2024-01-17,2024-01-17 13:32:00,9.784735812146117e-05,9.784735812146117e-05,1.3685158223186882e-05
C,2024-01-17,2024-01-17 13:33:00,-0.0003913511398102587,-0.0003913511398102587,-2.758823386318604e-05
C,2024-01-17,2024-01-17 13:34:00,-9.787608887157351e-05,-9.787608887157351e-05,0.00010709776767998968
C,2024-01-17,2024-01-17 13:35:00,-9.788566953794486e-05,-9.788566953794486e-05,4.188141476814985e-05
C,2024-01-17,2024-01-17 13:36:00,-0.0002936857562407802,-0.0002936857562407802,2.7522915608185338e-05
C,2024-01-17,2024-01-17 13:37:00,-0.000293772032902484,-0.000293772032902484,3.42582719937942e-05
C,2024-01-17,2024-01-17 13:38:00,9.795278675661656e-05,9.795278675661656e-05,5.8363016016778016e-05
C,2024-01-17,2024-01-17 13:39:00,0.0004897159647405669,0.0004897159647405669,3.63724800705463e-05
C,2024-01-17,2024-01-17 13:40:00,0.0,0.0,1.1987575740245347e-05
C,2024-01-17,2024-01-17 13:41:00,0.00019579050416052013,0.00019579050416052013,-2.0246590830349518e-05
C,2024-01-17,2024-01-17 13:42:00,0.0004893804443573124,0.0004893804443573124,-2.2689415256324453e-05
C,2024-01-17,2024-01-17 13:43:00,0.0002934846409705649,0.0002934846409705649,1.2792417459333377e-05
C,2024-01-17,2024-01-17 13:44:00,0.0001955990220050552,0.0001955990220050552,-5.4008209492597635e-05
C,2024-01-17,2024-01-17 13:45:00,-0.00039112154101905716,-0.00039112154101905716,-3.850719345440834e-05
C,2024-01-17,2024-01-17 13:46:00,0.00039127457693433065,0.00039127457693433065,-2.89352999550416e-05
C,2024-01-17,2024-01-17 13:47:00,-0.0007822430820377813,-0.0007822430820377813,-2.9502882575286748e-06
C,2024-01-17,2024-01-17 13:48:00,0.0001957138663275515,0.0001957138663275515,3.822501092675044e-05
C,2024-01-17,2024-01-17 13:49:00,0.0004891889247626846,0.0004891889247626846,-1.5618835239346082e-05
C,2024-01-17,2024-01-17 13:50:00,-0.000684529630353925,-0.000684529630353925,-6.0295959640432126e-05
C,2024-01-17,2024-01-17 13:51:00,-0.00039142773265476993,-0.00039142773265476993,1.1700488181584309e-05
C,2024-01-17,2024-01-17 13:52:00,0.00019579050416052013,0.00019579050416052013,5.353132424889346e-05
C,2024-01-17,2024-01-17 13:53:00,0.0006851326221004594,0.0006851326221004594,-5.3900585420407276e-05
C,2024-01-17,2024-01-17 13:54:00,9.780907668233141e-05,9.780907668233141e-05,3.293214003213719e-05
C,2024-01-17,2024-01-17 13:55:00,-0.0005867970660147215,-0.0005867970660147215,-4.417287930401215e-05
C,2024-01-17,2024-01-17 13:56:00,0.00039142773265488096,0.00039142773265488096,1.7645628495635497e-05
C,2024-01-17,2024-01-17 13:57:00,0.00039127457693433065,0.00039127457693433065,-4.965716624124045e-05
C,2024-01-17,2024-01-17 13:58:00,0.0,0.0,-6.821145380820112e-06
C,2024-01-17,2024-01-17 13:59:00,0.00019556077050930654,0.00019556077050930654,-4.654279366328304e-05
C,2024-01-17,2024-01-17 14:00:00,0.0006843288689022398,0.0006843288689022398,5.410381749932786e-06
C,2024-01-17,2024-01-17 14:01:00,-0.0002930832356389246,-0.0002930832356389246,-1.0627278014378575e-06
C,2024-01-17,2024-01-17 14:02:00,0.00029316915860455595,0.00029316915860455595,-2.1420206337798127e-05
C,2024-01-17,2024-01-17 14:03:00,0.0002930832356389246,0.0002930832356389246,-8.107307060058202e-05
C,2024-01-17,2024-01-17 14:04:00,9.766578767456124e-05,9.766578767456124e-05,-4.987965615563359e-05
C,2024-01-17,2024-01-17 14:05:00,-0.000488281250000111,-0.000488281250000111,-7.434545051228145e-05
C,2024-01-17,2024-01-17 14:06:00,0.0002931118710307601,0.0002931118710307601,-2.7285598620753723e-06
C,2024-01-17,2024-01-17 14:07:00,0.0002930259816369407,0.0002930259816369407,-5.664656151458808e-05
C,2024-01-17,2024-01-17 14:08:00,0.0,0.0,-4.14724006287859e-05
C,2024-01-17,2024-01-17 14:09:00,-0.00019529342837609764,-0.00019529342837609764,-7.65542808908233e-05
C,2024-01-17,2024-01-17 14:10:00,-0.0009766578767458345,-0.0009766578767458345,-6.184873675316924e-05
C,2024-01-17,2024-01-17 14:11:00,-0.00019552253397181474,-0.00019552253397181474,0.00010304930102440197
C,2024-01-17,2024-01-17 14:12:00,0.00019556077050930654,0.00019556077050930654,3.950927283925588e-05
C,2024-01-17,2024-01-17 14:13:00,-0.0007820901358880361,-0.0007820901358880361,5.404024689863216e-06
C,2024-01-17,2024-01-17 14:14:00,-9.783778495275897e-05,-9.783778495275897e-05,4.4656733017454685e-05
C,2024-01-17,2024-01-17 14:15:00,0.0010763209393347406,0.0010763209393347406,4.6309819346261015e-06
C,2024-01-17,2024-01-17 14:16:00,-0.00019548431238403108,-0.00019548431238403108,-0.00018242404125049612
C,2024-01-17,2024-01-17 14:17:00,0.0,0.0,-3.7618453377444336e-05
C,2024-01-17,2024-01-17 14:18:00,0.0,0.0,-2.8856503967558162e-05
C,2024-01-17,2024-01-17 14:19:00,0.0,0.0,-7.538863596848155e-05
C,2024-01-17,2024-01-17 14:20:00,0.00019552253397203678,0.00019552253397203678,-9.145071198238795e-05
C,2024-01-17,2024-01-17 14:21:00,-9.774215619207105e-05,-9.774215619207105e-05,-1.629634999523836e-05
C,2024-01-17,2024-01-17 14:22:00,0.000684261974584599,0.000684261974584599,-7.388931410939493e-05
C,2024-01-17,2024-01-17 14:23:00,0.0,0.0,-1.899207004582712e-05
C,2024-01-17,2024-01-17 14:24:00,0.0,0.0,-5.690800797851514e-05
C,2024-01-17,2024-01-17 14:25:00,0.0004884243430691715,0.0004884243430691715,-5.7036359525514476e-05
C,2024-01-17,2024-01-17 14:26:00,-0.0007810974419059091,-0.0007810974419059091,-1.0013723254071148e-05
C,2024-01-17,2024-01-17 14:27:00,0.00039085401602489966,0.00039085401602489966,-1.4635392271217234e-06
C,2024-01-17,2024-01-17 14:28:00,0.0,0.0,-6.66180316953349e-05
C,2024-01-17,2024-01-17 14:29:00,0.0002930259816369407,0.0002930259816369407,-7.339757006616665e-05
C,2024-01-17,2024-01-17 14:30:00,0.0,0.0,-2.4812986389511668e-05
C,2024-01-17,2024-01-17 14:31:00,-0.0070305634215408475,-0.003095470356366915,-5.827665826976155e-05
C,2024-01-17,2024-01-17 14:32:00,0.0065886517848363635,0.0028558438647459253,0.0003333684283237381
C,2024-01-17,2024-01-17 14:33:00,-0.0002930832356389246,-0.0002930832356389246,-0.00027849154073756493
C,2024-01-17,2024-01-17 14:34:00,0.0,0.0,-1.6255161847372475e-05
C,2024-01-17,2024-01-17 14:35:00,-0.0004886152643408526,-0.0004886152643408526,-2.9827477773175275e-05
C,2024-01-17,2024-01-17 14:36:00,0.0002933124755573058,0.0002933124755573058,1.590536042859939e-05
C,2024-01-17,2024-01-17 14:37:00,0.0,0.0,-5.710437378094112e-05
C,2024-01-17,2024-01-17 14:38:00,0.00019548431238392006,0.00019548431238392006,-5.7815157153436783e-05
C,2024-01-17,2024-01-17 14:39:00,0.0,0.0,-2.7306249272927717e-05
C,2024-01-17,2024-01-17 14:40:00,0.00029316915860455595,0.00029316915860455595,-1.0292210869362108e-05
C,2024-01-17,2024-01-17 14:41:00,9.769441187978956e-05,9.769441187978956e-05,-6.22034120136856e-05
C,2024-01-17,2024-01-17 14:42:00,0.0,0.0,-9.35559081248757e-05
C,2024-01-17,2024-01-17 14:43:00,0.0003907394744553372,0.0003907394744553372,-5.031811540436256e-05
C,2024-01-17,2024-01-17 14:44:00,9.764671418821536e-05,9.764671418821536e-05,-2.331953489587248e-05
C,2024-01-17,2024-01-17 14:45:00,-0.00029291154071475756,-0.00029291154071475756,-6.0370417654457784e-05
C,2024-01-17,2024-01-17 14:46:00,0.0001953315753491225,0.0001953315753491225,-6.363547548054511e-05
C,2024-01-17,2024-01-17 14:47:00,-0.0006835269993163973,-0.0006835269993163973,-7.597771695853836e-06
C,2024-01-17,2024-01-17 14:48:00,9.77135040061139e-05,9.77135040061139e-05,-1.5273183875833628e-05
C,2024-01-17,2024-01-17 14:49:00,0.0,0.0,-8.213782978985856e-05
C,2024-01-17,2024-01-17 14:50:00,0.00019540791402072877,0.00019540791402072877,-8.385972602461933e-05
C,2024-01-17,2024-01-17 14:51:00,-0.0005861092116831168,-0.0005861092116831168,-1.0633216730389367e-05
C,2024-01-17,2024-01-17 14:52:00,0.00019548431238392006,0.00019548431238392006,0.00010032912344408225
C,2024-01-17,2024-01-17 14:53:00,9.772305286825933e-05,9.772305286825933e-05,-9.150701602669307e-06
C,2024-01-17,2024-01-17 14:54:00,-0.0004885675200313466,-0.0004885675200313466,-8.87375874983496e-05
C,2024-01-17,2024-01-17 14:55:00,0.0,0.0,-1.9556731188617934e-05
C,2024-01-17,2024-01-17 14:56:00,9.776126698612941e-05,9.776126698612941e-05,-8.304678509843339e-05
C,2024-01-17,2024-01-17 14:57:00,-9.775171065495858e-05,-9.775171065495858e-05,-5.1408633019499496e-05
C,2024-01-17,2024-01-17 14:58:00,0.00039104506794407357,0.00039104506794407357,1.317856506338808e-06
C,2024-01-17,2024-01-17 14:59:00,-0.0005863383172088898,-0.0005863383172088898,-3.865377397778995e-06
C,2024-01-17,2024-01-17 15:00:00,-0.0004889019262737104,-0.0004889019262737104,-9.407106653867683e-07
C,2024-01-17,2024-01-17 15:01:00,0.00019565642731378396,0.00019565642731378396,4.116677098008177e-05
C,2024-01-17,2024-01-17 15:02:00,9.780907668233141e-05,9.780907668233141e-05,-2.420071559145e-05
C,2024-01-17,2024-01-17 15:03:00,0.0,0.0,-1.5377768258376843e-05
C,2024-01-17,2024-01-17 15:04:00,0.0003911980440096663,0.0003911980440096663,-5.3521847501813e-05
C,2024-01-17,2024-01-17 15:05:00,0.0,0.0,-3.321453160350437e-05
C,2024-01-17,2024-01-17 15:06:00,0.0,0.0,-1.564526185360428e-05
C,2024-01-17,2024-01-17 15:07:00,-9.776126698590737e-05,-9.776126698590737e-05,-4.7532132703962746e-05
C,2024-01-17,2024-01-17 15:08:00,-9.777082518569458e-05,-9.777082518569458e-05,-7.436885438729029e-06
C,2024-01-17,2024-01-17 15:09:00,9.778038525465327e-05,9.778038525465327e-05,-3.3734195404347745e-05
C,2024-01-17,2024-01-17 15:10:00,-0.0002933124755573058,-0.0002933124755573058,-7.246479076267606e-05
C,2024-01-17,2024-01-17 15:11:00,0.0005867970660147215,0.0005867970660147215,-1.0011366762792933e-05
C,2024-01-17,2024-01-17 15:12:00,0.00019548431238392006,0.00019548431238392006,5.501675074007237e-05
C,2024-01-17,2024-01-17 15:13:00,0.0004886152643408526,0.0004886152643408526,1.304967689669812e-05
C,2024-01-17,2024-01-17 15:14:00,9.767532721238759e-05,9.767532721238759e-05,-3.381685353247529e-05
C,2024-01-17,2024-01-17 15:15:00,0.000390663150698467,0.000390663150698467,-7.20820679195605e-05
C,2024-01-17,2024-01-17 15:16:00,-0.00039051059259986864,-0.00039051059259986864,-7.0227644629218005e-06
C,2024-01-17,2024-01-17 15:17:00,0.0009766578767458345,0.0009766578767458345,-4.726690273148068e-05
C,2024-01-17,2024-01-17 15:18:00,0.001170845936188769,0.001170845936188769,-0.000168106979997909
C,2024-01-17,2024-01-17 15:19:00,0.000779651106129986,0.000779651106129986,-0.00026233021011576557
C,2024-01-17,2024-01-17 15:20:00,0.0009738046547862478,0.0009738046547862478,-1.5731256416165155e-05
C,2024-01-17,2024-01-17 15:21:00,-0.0006810000972856667,-0.0006810000972856667,-0.00021184078546540727
C,2024-01-17,2024-01-17 15:22:00,0.0006814641744548044,0.0006814641744548044,-2.6039188414123437e-05
C,2024-01-17,2024-01-17 15:23:00,-0.00019457145636714301,-0.00019457145636714301,-6.106159240218486e-05
C,2024-01-17,2024-01-17 15:24:00,-0.0001946093217866096,-0.0001946093217866096,-2.972101529880628e-05
C,2024-01-17,2024-01-17 15:25:00,-9.732360097314263e-05,-9.732360097314263e-05,-1.4766361850923901e-05
C,2024-01-17,2024-01-17 15:26:00,-0.00048666536889241385,-0.00048666536889241385,-6.97649049065669e-05
C,2024-01-17,2024-01-17 15:27:00,-9.738046547858037e-05,-9.738046547858037e-05,3.283539291600271e-05
C,2024-01-17,2024-01-17 15:28:00,-0.0006817296455006172,-0.0006817296455006172,2.5063723545825793e-05
C,2024-01-17,2024-01-17 15:29:00,0.0,0.0,9.954019973983013e-05
C,2024-01-17,2024-01-17 15:30:00,-9.745638826630376e-05,-9.745638826630376e-05,-4.7222754983334466e-05
C,2024-01-17,2024-01-17 15:31:00,0.0008771929824562541,0.0008771929824562541,-2.1197332885040768e-06
C,2024-01-17,2024-01-17 15:32:00,0.0003895218619143215,0.0003895218619143215,-9.022606389296953e-05
C,2024-01-17,2024-01-17 15:33:00,0.00038937019371187986,0.00038937019371187986,-5.847431847530852e-05
C,2024-01-17,2024-01-17 15:34:00,0.0006811326262528006,0.0006811326262528006,-5.27430257271307e-05
C,2024-01-17,2024-01-17 15:35:00,0.0001944768572539335,0.0001944768572539335,-1.2719937189262237e-05
C,2024-01-17,2024-01-17 15:36:00,0.00048609760839979366,0.00048609760839979366,3.119459757720408e-05
C,2024-01-17,2024-01-17 15:37:00,0.0005830337187833212,0.0005830337187833212,2.2444415318283817e-05
C,2024-01-17,2024-01-17 15:38:00,-0.00038846265902681143,-0.00038846265902681143,3.183594684474419e-05
C,2024-01-17,2024-01-17 15:39:00,0.00019430681045351506,0.00019430681045351506,-3.543416633325689e-05
C,2024-01-17,2024-01-17 15:40:00,-0.0001942690626516308,-0.0001942690626516308,-2.942153412325797e-06
C,2024-01-17,2024-01-17 15:41:00,-0.00019430681045384812,-0.00019430681045384812,-5.4791556667724906e-06
C,2024-01-17,2024-01-17 15:42:00,0.00029151685939177163,0.00029151685939177163,-7.0935663691007415e-06
C,2024-01-17,2024-01-17 15:43:00,9.714396735960307e-05,9.714396735960307e-05,-2.390536439693997e-05
C,2024-01-17,2024-01-17 15:44:00,-9.713453132575989e-05,-9.713453132575989e-05,-2.543918556943089e-05
C,2024-01-17,2024-01-17 15:45:00,-0.0006800077715173325,-0.0006800077715173325,-1.7198663406233363e-05
C,2024-01-17,2024-01-17 15:46:00,-0.0005832604257801632,-0.0005832604257801632,3.536341598833969e-05
C,2024-01-17,2024-01-17 15:47:00,0.0,0.0,6.277797449467773e-05
C,2024-01-17,2024-01-17 15:48:00,-0.00019453360568044697,-0.00019453360568044697,-2.3565076094236244e-05
C,2024-01-17,2024-01-17 15:49:00,0.0,0.0,4.1832388059053324e-05
C,2024-01-17,2024-01-17 15:50:00,0.00029185718455093657,0.00029185718455093657,6.78064808971784e-05
C,2024-01-17,2024-01-17 15:51:00,9.725734292942434e-05,9.725734292942434e-05,-2.7914860994506337e-05
C,2024-01-17,2024-01-17 15:52:00,-0.0008752309637264366,-0.0008752309637264366,6.374620670642082e-05
C,2024-01-17,2024-01-17 15:53:00,0.0004866653688921918,0.0004866653688921918,8.924596168097661e-05
C,2024-01-17,2024-01-17 15:54:00,0.00029185718455093657,0.00029185718455093657,8.268292341620759e-05
C,2024-01-17,2024-01-17 15:55:00,9.725734292942434e-05,9.725734292942434e-05,9.090171084259712e-05
C,2024-01-17,2024-01-17 15:56:00,0.0,0.0,-1.732809230271318e-05
C,2024-01-17,2024-01-17 15:57:00,-0.0003889915394340582,-0.0003889915394340582,4.456020258633208e-05
C,2024-01-17,2024-01-17 15:58:00,-0.0003891429127346191,-0.0003891429127346191,-1.7771010139147913e-05
C,2024-01-18,2024-01-18 09:40:00,-0.0018554687499999778,-0.0018554687499999778,-0.0002668267463442667
C,2024-01-18,2024-01-18 09:41:00,0.0008805400645728323,0.0008805400645728323,0.0002711000913440629
C,2024-01-18,2024-01-18 09:42:00,-0.0011730205278591699,-0.0011730205278591699,-0.0001529600773771375
C,2024-01-18,2024-01-18 09:43:00,0.00019573302016051564,0.00019573302016051564,0.00021864996838322884
C,2024-01-18,2024-01-18 09:44:00,-0.0009784735812133905,-0.0009784735812133905,-5.051853880860921e-05
C,2024-01-18,2024-01-18 09:45:00,-0.0015670910871694588,-0.0015670910871694588,0.00016557235830358267
C,2024-01-18,2024-01-18 09:46:00,-0.004414361389052268,-0.003089910647061753,0.0002866374186753305
C,2024-01-18,2024-01-18 09:47:00,0.004828061878017431,0.0030073397013112707,0.00021811481938254014
C,2024-01-18,2024-01-18 09:48:00,-0.00019611688566367746,-0.00019611688566367746,-0.00022222608837934503
C,2024-01-18,2024-01-18 09:49:00,-0.0015692428403296654,-0.0015692428403296654,5.163703199723271e-05
C,2024-01-18,2024-01-18 09:50:00,-0.0007858546168958425,-0.0007858546168958425,0.0003470067422675292
C,2024-01-18,2024-01-18 09:51:00,9.83090837591849e-05,9.83090837591849e-05,6.282573351718755e-05
C,2024-01-18,2024-01-18 09:52:00,0.0009829942003343195,0.0009829942003343195,-8.395036400598874e-06
C,2024-01-18,2024-01-18 09:53:00,-0.0004910144358243329,-0.0004910144358243329,-0.00013924353781839374
C,2024-01-18,2024-01-18 09:54:00,-9.825112988792739e-05,-9.825112988792739e-05,0.00012586949596321347
C,2024-01-18,2024-01-18 09:55:00,9.8260784120896e-05,9.8260784120896e-05,4.407325373321748e-06
C,2024-01-18,2024-01-18 09:56:00,-0.0006877579092159358,-0.0006877579092159358,-1.378948816003053e-05
C,2024-01-18,2024-01-18 09:57:00,0.0010815062432405487,0.0010815062432405487,6.381866933194157e-05
C,2024-01-18,2024-01-18 09:58:00,9.821253191910628e-05,9.821253191910628e-05,-0.00020080013133844506
C,2024-01-18,2024-01-18 09:59:00,0.0009820288716488879,0.0009820288716488879,5.855851584635261e-05
C,2024-01-18,2024-01-18 10:00:00,0.00039242617482582176,0.00039242617482582176,-0.00015767980894847435
C,2024-01-18,2024-01-18 10:01:00,-9.80680592330696e-05,-9.80680592330696e-05,0.00010221841649072041
C,2024-01-18,2024-01-18 10:02:00,0.0017653981953706932,0.0017653981953706932,6.07263183659268e-05
C,2024-01-18,2024-01-18 10:03:00,0.0007832386919912615,0.0007832386919912615,-0.0003357874052471171
C,2024-01-18,2024-01-18 10:04:00,0.0006847974955976888,0.0006847974955976888,6.597783142866394e-05
C,2024-01-18,2024-01-18 10:05:00,-0.0011731352038321097,-0.0011731352038321097,-3.97542756463298e-05
C,2024-01-18,2024-01-18 10:06:00,0.0008808847998433844,0.0008808847998433844,0.00022933192808078813
C,2024-01-18,2024-01-18 10:07:00,0.0003911597887737983,0.0003911597887737983,-0.00019353594576595743
C,2024-01-18,2024-01-18 10:08:00,-9.775171065495858e-05,-9.775171065495858e-05,7.145521655808146e-05
C,2024-01-18,2024-01-18 10:09:00,0.00019552253397203678,0.00019552253397203678,-2.7258978991912387e-05
C,2024-01-18,2024-01-18 10:10:00,0.0014661323428795114,0.0014661323428795114,3.984534694751112e-05
C,2024-01-18,2024-01-18 10:11:00,-0.0004879953152451266,-0.0004879953152451266,-0.00033150424959303877
C,2024-01-18,2024-01-18 10:12:00,0.0013670539986330166,0.0013670539986330166,0.0001357041036440605
C,2024-01-18,2024-01-18 10:13:00,0.0005850804485616479,0.0005850804485616479,-0.00031997731912569006
C,2024-01-18,2024-01-18 10:14:00,-0.0016567586005262758,-0.0016567586005262758,7.461777225196444e-05
C,2024-01-18,2024-01-18 10:15:00,0.0004880905896136323,0.0004880905896136323,0.000276188108458355
C,2024-01-18,2024-01-18 10:16:00,-9.757049468261947e-05,-9.757049468261947e-05,0.00010741478887115845
C,2024-01-18,2024-01-18 10:17:00,-0.00019516003122543868,-0.00019516003122543868,7.346732502858524e-05
C,2024-01-18,2024-01-18 10:18:00,0.0036111653328128046,0.0030073397013112707,0.00013779487825942718
C,2024-01-18,2024-01-18 10:19:00,-0.005056890012642312,-0.003089910647061753,-0.0002720426233747375
C,2024-01-18,2024-01-18 10:20:00,0.0004887107809599112,0.0004887107809599112,0.0003056899444244334
C,2024-01-18,2024-01-18 10:21:00,-0.0002930832356389246,-0.0002930832356389246,2.7944194925895082e-05
C,2024-01-18,2024-01-18 10:22:00,0.00019544610573629662,0.00019544610573629662,0.0001712367816817044
C,2024-01-18,2024-01-18 10:23:00,0.0007816316560822489,0.0007816316560822489,1.6559539583648018e-05
C,2024-01-18,2024-01-18 10:24:00,-0.001171531777799495,-0.001171531777799495,8.811767117287403e-05
C,2024-01-18,2024-01-18 10:25:00,0.0,0.0,0.0002974881833110357
C,2024-01-18,2024-01-18 10:26:00,-0.0014661323428795114,-0.0014661323428795114,4.8985239608104184e-05
C,2024-01-18,2024-01-18 10:27:00,-0.0012725137039937273,-0.0012725137039937273,0.0003034835532010228
C,2024-01-18,2024-01-18 10:28:00,9.801038910106641e-05,9.801038910106641e-05,0.0003695997098751299
C,2024-01-18,2024-01-18 10:29:00,0.0002940023520188184,0.0002940023520188184,0.00011254835654587507
C,2024-01-18,2024-01-18 10:30:00,-0.0009797198001371132,-0.0009797198001371132,0.00010810025358744824
C,2024-01-18,2024-01-18 10:31:00,-0.0005884083553986397,-0.0005884083553986397,0.00020194479643069601
C,2024-01-18,2024-01-18 10:32:00,0.0008831321754489974,0.0008831321754489974,0.00022846228384306583
C,2024-01-18,2024-01-18 10:33:00,-0.0006862745098038525,-0.0006862745098038525,-0.00011480315997414417
C,2024-01-18,2024-01-18 10:34:00,0.0002943196311193663,0.0002943196311193663,0.00015877987681799422
C,2024-01-18,2024-01-18 10:35:00,0.000980776775205916,0.000980776775205916,2.4860690645757505e-05
C,2024-01-18,2024-01-18 10:36:00,-0.000685871056241405,-0.000685871056241405,-0.00012861528382668134
C,2024-01-18,2024-01-18 10:37:00,-0.0004902441415826075,-0.0004902441415826075,0.00010718742317398174
C,2024-01-18,2024-01-18 10:38:00,-0.000980969197567183,-0.000980969197567183,0.0001429871688772624
C,2024-01-18,2024-01-18 10:39:00,0.0,0.0,0.00021349125690389798
C,2024-01-18,2024-01-18 10:40:00,-0.00029457973291435735,-0.00029457973291435735,3.1642875047842006e-05
C,2024-01-18,2024-01-18 10:41:00,-0.0005893330714075162,-0.0005893330714075162,0.0001241829342744029
C,2024-01-18,2024-01-18 10:42:00,0.0006879606879606204,0.0006879606879606204,6.835828238154994e-05
C,2024-01-18,2024-01-18 10:43:00,0.0005892751915144157,0.0005892751915144157,1.2122198189936337e-05
C,2024-01-18,2024-01-18 10:44:00,-0.001079701609736805,-0.001079701609736805,1.2004243670176363e-05
C,2024-01-18,2024-01-18 10:45:00,-0.0011791294094527505,-0.0011791294094527505,0.00020248008424435105
C,2024-01-18,2024-01-18 10:46:00,-0.0003935071323167838,-0.0003935071323167838,0.00028797660030442407
C,2024-01-18,2024-01-18 10:47:00,-0.001180986123412997,-0.001180986123412997,8.705960113212594e-05
C,2024-01-18,2024-01-18 10:48:00,0.0009853187506156935,0.0009853187506156935,0.00023394907303562494
C,2024-01-18,2024-01-18 10:49:00,-0.00039373954129340305,-0.00039373954129340305,-0.00010931813172942029
C,2024-01-18,2024-01-18 10:50:00,-0.000984736582964274,-0.000984736582964274,8.70251873693117e-05
C,2024-01-18,2024-01-18 10:51:00,0.0011828486939380323,0.0011828486939380323,0.00010550448397004289
C,2024-01-18,2024-01-18 10:52:00,0.0002953628039774614,0.0002953628039774614,-0.0002854372205688408
C,2024-01-18,2024-01-18 10:53:00,-0.0010826771653541511,-0.0010826771653541511,-1.1529366187844703e-06
C,2024-01-18,2024-01-18 10:54:00,-0.00039412750024647725,-0.00039412750024647725,0.0001290444604176361
C,2024-01-18,2024-01-18 10:55:00,0.0007885657959587622,0.0007885657959587622,9.598448125531297e-05
C,2024-01-18,2024-01-18 10:56:00,-0.0018713680685511491,-0.0018713680685511491,-7.421350595499198e-05
C,2024-01-18,2024-01-18 10:57:00,-0.000197355437142388,-0.000197355437142388,0.00027135371653569206
C,2024-01-18,2024-01-18 10:58:00,-0.00019739439399901748,-0.00019739439399901748,4.5632073783354825e-05
C,2024-01-18,2024-01-18 10:59:00,-0.0015794669299112885,-0.0015794669299112885,-1.5306264876663902e-05
C,2024-01-18,2024-01-18 11:00:00,0.00019774569903097117,0.00019774569903097117,0.00026183142388086413
C,2024-01-18,2024-01-18 11:01:00,-0.0005931198102017143,-0.0005931198102017143,6.796885177898297e-05
C,2024-01-18,2024-01-18 11:02:00,9.891196834832527e-05,9.891196834832527e-05,0.00016825971371395662
C,2024-01-18,2024-01-18 11:03:00,-0.00019780437147653984,-0.00019780437147653984,5.370025331659757e-05
C,2024-01-18,2024-01-18 11:04:00,0.0,0.0,6.045735736959901e-05
C,2024-01-18,2024-01-18 11:05:00,-0.0003956870115737754,-0.0003956870115737754,3.59406574779455e-05
C,2024-01-18,2024-01-18 11:06:00,-0.00019792182088085308,-0.00019792182088085308,0.00013770361003366018
C,2024-01-18,2024-01-18 11:07:00,0.0,0.0,0.00010316362277672068
C,2024-01-18,2024-01-18 11:08:00,0.0004949025042066957,0.0004949025042066957,1.7038825197327213e-05
C,2024-01-18,2024-01-18 11:09:00,0.001088246933122372,0.001088246933122372,4.175672913514379e-05
C,2024-01-18,2024-01-18 11:10:00,0.0007905919557269492,0.0007905919557269492,-0.0002097948149309694
C,2024-01-18,2024-01-18 11:11:00,-0.0008887133405747205,-0.0008887133405747205,-5.728144358277783e-08
C,2024-01-18,2024-01-18 11:12:00,0.0016801739474203714,0.0016801739474203714,6.943268424128139e-05
C,2024-01-18,2024-01-18 11:13:00,-0.0002960039467192477,-0.0002960039467192477,-0.00032884082454291566
C,2024-01-18,2024-01-18 11:14:00,0.00039478878799847905,0.00039478878799847905,8.972812442624159e-05
C,2024-01-18,2024-01-18 11:15:00,0.0008879242304655754,0.0008879242304655754,2.8508864063066335e-05
C,2024-01-18,2024-01-18 11:16:00,0.0007885657959587622,0.0007885657959587622,-0.00016911010636062315
C,2024-01-18,2024-01-18 11:17:00,-0.001280409731113874,-0.001280409731113874,5.313838692639722e-05
C,2024-01-18,2024-01-18 11:18:00,0.0,0.0,0.0002461026911612177
C,2024-01-18,2024-01-18 11:19:00,-9.861932938859397e-05,-9.861932938859397e-05,-3.486952807103632e-05
C,2024-01-18,2024-01-18 11:20:00,0.0004931452805996273,0.0004931452805996273,3.576366713993749e-05
C,2024-01-18,2024-01-18 11:21:00,-0.0004929022082018619,-0.0004929022082018619,-5.232992869687735e-05
C,2024-01-18,2024-01-18 11:22:00,0.0001972581122398065,0.0001972581122398065,0.0001334205796154135
C,2024-01-18,2024-01-18 11:23:00,0.00019721920915105606,0.00019721920915105606,2.6503919732223877e-06
C,2024-01-18,2024-01-18 11:24:00,0.00019718032140381148,0.00019718032140381148,-4.556473669850727e-05
C,2024-01-18,2024-01-18 11:25:00,0.00019714144898985708,0.00019714144898985708,8.9378655188654e-06
C,2024-01-18,2024-01-18 11:26:00,0.0007884103675963594,0.0007884103675963594,-1.013449671222738e-06
C,2024-01-18,2024-01-18 11:27:00,-0.00019694731659292142,-0.00019694731659292142,-6.432775228904674e-05
C,2024-01-18,2024-01-18 11:28:00,-0.0009849305623953475,-0.0009849305623953475,-7.747743896707147e-06
C,2024-01-18,2024-01-18 11:29:00,-0.0009859016070197235,-0.0009859016070197235,4.9134056973513866e-05
C,2024-01-18,2024-01-18 11:30:00,0.00019737491364835158,0.00019737491364835158,0.0001474338453100206
C,2024-01-18,2024-01-18 11:31:00,-0.00019733596447946145,-0.00019733596447946145,-2.0960791809747997e-05
C,2024-01-18,2024-01-18 11:32:00,0.00019737491364835158,0.00019737491364835158,9.014770007230975e-05
C,2024-01-18,2024-01-18 11:33:00,0.00019733596447957247,0.00019733596447957247,2.2704159506563168e-05
C,2024-01-18,2024-01-18 11:34:00,0.00019729703067961069,0.00019729703067961069,2.7413333483502345e-05
C,2024-01-18,2024-01-18 11:35:00,-0.000789032448959448,-0.000789032448959448,-1.04661960823968e-05
C,2024-01-18,2024-01-18 11:36:00,0.0,0.0,9.342503071028027e-05
C,2024-01-18,2024-01-18 11:37:00,-0.0004935346954891839,-0.0004935346954891839,2.0412386253230914e-05
C,2024-01-18,2024-01-18 11:38:00,-0.0007900454276119628,-0.0007900454276119628,7.052729952597981e-05
C,2024-01-18,2024-01-18 11:39:00,-0.0004941688080649653,-0.0004941688080649653,0.00013137629522221454
C,2024-01-18,2024-01-18 11:40:00,-0.0005932957579353193,-0.0005932957579353193,0.00017071133638169348
C,2024-01-18,2024-01-18 11:41:00,0.00039576531117058167,0.00039576531117058167,0.0001437371892743707
C,2024-01-18,2024-01-18 11:42:00,0.0008901196716448734,0.0008901196716448734,1.1439633717526234e-05
C,2024-01-18,2024-01-18 11:43:00,-0.00029644268774708937,-0.00029644268774708937,-6.842394567033595e-05
C,2024-01-18,2024-01-18 11:44:00,-0.0009884353069092855,-0.0009884353069092855,3.44280564140505e-05
C,2024-01-18,2024-01-18 11:45:00,-0.0001978826555850688,-0.0001978826555850688,0.00011193441993241216
C,2024-01-18,2024-01-18 11:46:00,0.00019792182088052002,0.00019792182088052002,-3.599074963561147e-06
C,2024-01-18,2024-01-18 11:47:00,-0.0003957653111703596,-0.0003957653111703596,2.0307164848668367e-05
C,2024-01-18,2024-01-18 11:48:00,0.00019796100168267827,0.00019796100168267827,0.00012391856787405403
C,2024-01-18,2024-01-18 11:49:00,0.0003958436417614841,0.0003958436417614841,8.405131289349009e-05
C,2024-01-18,2024-01-18 11:50:00,0.001681669799188823,0.001681669799188823,-7.235827725119382e-05
C,2024-01-18,2024-01-18 11:51:00,-0.00019751135690282418,-0.00019751135690282418,-0.000289613515019007
C,2024-01-18,2024-01-18 11:52:00,0.0016791781904383907,0.0016791781904383907,5.584121346262612e-05
C,2024-01-18,2024-01-18 11:53:00,0.0006902672320283632,0.0006902672320283632,-0.0003191726786057703
C,2024-01-18,2024-01-18 11:54:00,-0.0004927079227432518,-0.0004927079227432518,-2.0859613839841458e-06
C,2024-01-18,2024-01-18 11:55:00,0.00019718032140381148,0.00019718032140381148,9.351917172445802e-06
C,2024-01-18,2024-01-18 11:56:00,0.0013799901429276673,0.0013799901429276673,-1.8423821171817946e-06
C,2024-01-18,2024-01-18 11:57:00,0.00019686977064670153,0.00019686977064670153,-0.00034098586749266156
C,2024-01-18,2024-01-18 11:58:00,-0.0004920775514221098,-0.0004920775514221098,5.867430735999712e-05
C,2024-01-18,2024-01-18 11:59:00,-0.0008861756597086101,-0.0008861756597086101,2.9236125023674227e-05
C,2024-01-18,2024-01-18 12:00:00,-0.0003942051837980687,-0.0003942051837980687,7.148389484602717e-05
C,2024-01-18,2024-01-18 12:01:00,0.00019718032140381148,0.00019718032140381148,1.7129103333540267e-05
C,2024-01-18,2024-01-18 12:02:00,-9.85707244947065e-05,-9.85707244947065e-05,-2.2818210879067084e-06
C,2024-01-18,2024-01-18 12:03:00,9.858044164023916e-05,9.858044164023916e-05,2.2980409227185152e-05
C,2024-01-18,2024-01-18 12:04:00,0.0013799901429276673,0.0013799901429276673,-8.216300529894621e-05
C,2024-01-18,2024-01-18 12:05:00,9.843488532323974e-05,9.843488532323974e-05,-0.0003153740006516411
C,2024-01-18,2024-01-18 12:06:00,-0.0006889763779527325,-0.0006889763779527325,-2.1789006955747638e-05
C,2024-01-18,2024-01-18 12:07:00,0.0006894513936765989,0.0006894513936765989,-1.827159650579824e-05
C,2024-01-18,2024-01-18 12:08:00,0.0004921259842520787,0.0004921259842520787,1.8338775305667912e-05
C,2024-01-18,2024-01-18 12:09:00,-0.0004918839153961185,-0.0004918839153961185,-4.9952831814143436e-05
C,2024-01-18,2024-01-18 12:10:00,-0.0004921259842517456,-0.0004921259842517456,2.3146018717525588e-05
C,2024-01-18,2024-01-18 12:11:00,-0.00039389463318584284,-0.00039389463318584284,2.1699615900305755e-05
C,2024-01-18,2024-01-18 12:12:00,-0.000788099694611244,-0.000788099694611244,7.135110739167893e-05
C,2024-01-18,2024-01-18 12:13:00,0.0009859016070195015,0.0009859016070195015,2.9504165727535295e-06
C,2024-01-18,2024-01-18 12:14:00,-0.0009849305623953475,-0.0009849305623953475,-0.00020021986906633234
C,2024-01-18,2024-01-18 12:15:00,0.0005915409642118785,0.0005915409642118785,0.0001451519012784078
C,2024-01-18,2024-01-18 12:16:00,0.00019706375012296107,0.00019706375012296107,1.1236974916997943e-05
C,2024-01-18,2024-01-18 12:17:00,-0.000788099694611244,-0.000788099694611244,3.829667387685163e-05
C,2024-01-18,2024-01-18 12:18:00,9.859016070179472e-05,9.859016070179472e-05,5.52127442529581e-06
C,2024-01-18,2024-01-18 12:19:00,9.858044164023916e-05,9.858044164023916e-05,1.9892196477508222e-05
C,2024-01-18,2024-01-18 12:20:00,9.857072449492854e-05,9.857072449492854e-05,-4.521172482132732e-05
C,2024-01-18,2024-01-18 12:21:00,-0.0004928050463237632,-0.0004928050463237632,-6.841923330897123e-05
C,2024-01-18,2024-01-18 12:22:00,0.003944384183019567,0.0030073397013112707,5.723969979505538e-05
C,2024-01-18,2024-01-18 12:23:00,-0.0033395540713093697,-0.003089910647061753,-0.0003539444768432261
C,2024-01-18,2024-01-18 12:24:00,-0.00019710259189920087,-0.00019710259189920087,0.00021039138157177275
C,2024-01-18,2024-01-18 12:25:00,9.857072449492854e-05,9.857072449492854e-05,-1.065346820163119e-05
C,2024-01-18,2024-01-18 12:26:00,0.0005913660555885158,0.0005913660555885158,9.488797832825101e-05
C,2024-01-18,2024-01-18 12:27:00,-0.0008865248226950229,-0.0008865248226950229,-3.232310221277125e-05
C,2024-01-18,2024-01-18 12:28:00,0.0,0.0,0.00022599980372986974
C,2024-01-18,2024-01-18 12:29:00,-0.000394360642807956,-0.000394360642807956,-4.8974175856796006e-05
C,2024-01-18,2024-01-18 12:30:00,0.0001972581122398065,0.0001972581122398065,-1.7041673634251955e-05
C,2024-01-18,2024-01-18 12:31:00,-0.00019721920915094504,-0.00019721920915094504,1.559086163013957e-06
C,2024-01-18,2024-01-18 12:32:00,0.0008876615050792402,0.0008876615050792402,1.7834579974037948e-05
C,2024-01-18,2024-01-18 12:33:00,-0.0005912495072919466,-0.0005912495072919466,-0.0001262704739113587
C,2024-01-18,2024-01-18 12:34:00,-0.000295799645040451,-0.000295799645040451,9.810244331530846e-05
C,2024-01-18,2024-01-18 12:35:00,0.00029588716835982076,0.00029588716835982076,6.19949883186718e-05
C,2024-01-18,2024-01-18 12:36:00,0.0007887990534412026,0.0007887990534412026,-4.7386727402962425e-05
C,2024-01-18,2024-01-18 12:37:00,9.852216748762466e-05,9.852216748762466e-05,-4.301586205325686e-05
C,2024-01-18,2024-01-18 12:38:00,-0.000394049847305622,-0.000394049847305622,9.872056613337751e-05
C,2024-01-18,2024-01-18 12:39:00,0.0002956538878486903,0.0002956538878486903,3.530863893598188e-05
C,2024-01-18,2024-01-18 12:40:00,-0.00019704433497547136,-0.00019704433497547136,-1.1097427682902935e-05
C,2024-01-18,2024-01-18 12:41:00,0.0002956247536460843,0.0002956247536460843,2.0556663186324888e-05
C,2024-01-18,2024-01-18 12:42:00,0.000197024923652922,0.000197024923652922,5.117106714670939e-06
C,2024-01-18,2024-01-18 12:43:00,0.00039397222495796136,0.00039397222495796136,-6.877611666228653e-05
C,2024-01-18,2024-01-18 12:44:00,0.0007876341439403411,0.0007876341439403411,-1.5019944811365593e-05
C,2024-01-18,2024-01-18 12:45:00,0.0001967535661584474,0.0001967535661584474,-4.7757317135306904e-05
C,2024-01-18,2024-01-18 12:46:00,0.00019671486180783404,0.00019671486180783404,6.980325302658114e-05
C,2024-01-18,2024-01-18 12:47:00,-0.00019667617268159798,-0.00019667617268159798,-1.6262914913357383e-05
C,2024-01-18,2024-01-18 12:48:00,-0.00019671486180772302,-0.00019671486180772302,-3.6972962577057264e-05
C,2024-01-18,2024-01-18 12:49:00,-0.0004918839153961185,-0.0004918839153961185,-3.2330497233064067e-05
C,2024-01-18,2024-01-18 12:50:00,0.0002952755905512028,0.0002952755905512028,3.6390493679734525e-05
C,2024-01-18,2024-01-18 12:51:00,-0.0007871691429693906,-0.0007871691429693906,-2.7341546687007774e-05
C,2024-01-18,2024-01-18 12:52:00,-0.00019694731659292142,-0.00019694731659292142,0.00019877270846638194
C,2024-01-18,2024-01-18 12:53:00,9.849305623954585e-05,9.849305623954585e-05,7.409379214890513e-05
C,2024-01-18,2024-01-18 12:54:00,0.000689383494189677,0.000689383494189677,9.137339903263028e-05
C,2024-01-18,2024-01-18 12:55:00,-0.0013778171439819964,-0.0013778171439819964,-6.473164199491562e-05
C,2024-01-18,2024-01-18 12:56:00,0.0003942051837981797,0.0003942051837981797,0.0003185064659961962
C,2024-01-18,2024-01-18 12:57:00,-0.000394049847305622,-0.000394049847305622,4.7195571169713685e-06
C,2024-01-18,2024-01-18 12:58:00,-0.0002956538878486903,-0.0002956538878486903,8.001957754821626e-05
C,2024-01-18,2024-01-18 12:59:00,-9.858044164023916e-05,-9.858044164023916e-05,7.224132178793715e-05
C,2024-01-18,2024-01-18 13:00:00,-0.000394360642807956,-0.000394360642807956,0.0001349725727099993
C,2024-01-18,2024-01-18 13:01:00,-0.0001972581122398065,-0.0001972581122398065,9.113994593744385e-05
C,2024-01-18,2024-01-18 13:02:00,0.00019729703067961069,0.00019729703067961069,0.00011174585057258297
C,2024-01-18,2024-01-18 13:03:00,-0.0005917743367196415,-0.0005917743367196415,-2.6499055712783907e-06
C,2024-01-18,2024-01-18 13:04:00,-0.0017763742228361634,-0.0017763742228361634,9.777173889705614e-05
C,2024-01-18,2024-01-18 13:05:00,0.0010874938210576612,0.0010874938210576612,0.00024811253926075
C,2024-01-18,2024-01-18 13:06:00,-0.00029626703535456933,-0.00029626703535456933,-0.00019043580517165225
C,2024-01-18,2024-01-18 13:07:00,0.0002963548355230383,0.0002963548355230383,0.00014786504998796026
C,2024-01-18,2024-01-18 13:08:00,-9.875567845141209e-05,-9.875567845141209e-05,2.8773862907649327e-05
C,2024-01-18,2024-01-18 13:09:00,0.0,0.0,1.9308769329778565e-05
C,2024-01-18,2024-01-18 13:10:00,0.0001975308641977147,0.0001975308641977147,1.1813454008941026e-05
C,2024-01-18,2024-01-18 13:11:00,0.0003949837069219253,0.0003949837069219253,6.341879214565462e-05
C,2024-01-18,2024-01-18 13:12:00,0.0007896555127824278,0.0007896555127824278,-2.2743236129894565e-06
C,2024-01-18,2024-01-18 13:13:00,-0.0001972581122398065,-0.0001972581122398065,5.795444311782955e-06
C,2024-01-18,2024-01-18 13:14:00,-0.0003945940613594434,-0.0003945940613594434,3.6882935236780215e-05
C,2024-01-18,2024-01-18 13:15:00,0.0,0.0,-1.851029876511032e-05
C,2024-01-18,2024-01-18 13:16:00,0.0006908121977697856,0.0006908121977697856,1.47961418580701e-05
C,2024-01-18,2024-01-18 13:17:00,9.861932938837192e-05,9.861932938837192e-05,-6.033064983163775e-05
C,2024-01-18,2024-01-18 13:18:00,0.0003944384183018901,0.0003944384183018901,2.4136151281329444e-05
C,2024-01-18,2024-01-18 13:19:00,-0.00029571217348434153,-0.00029571217348434153,-6.416644078891563e-06
C,2024-01-18,2024-01-18 13:20:00,9.859988168026135e-05,9.859988168026135e-05,3.5194066422291416e-05
C,2024-01-18,2024-01-18 13:21:00,-0.00019718032140403352,-0.00019718032140403352,-1.4095608327855117e-05
C,2024-01-18,2024-01-18 13:22:00,0.00029582881372647307,0.00029582881372647307,-3.40479481983056e-05
C,2024-01-18,2024-01-18 13:23:00,0.003647476340693956,0.0030073397013112707,-2.8381982027685713e-05
C,2024-01-18,2024-01-18 13:24:00,-0.004714664571260241,-0.003089910647061753,-0.00031714120191951285
C,2024-01-18,2024-01-18 13:25:00,0.0008881871114181372,0.0008881871114181372,0.0002292891012549629
C,2024-01-18,2024-01-18 13:26:00,0.0010845986984815426,0.0010845986984815426,-0.00013873571765757523
C,2024-01-18,2024-01-18 13:27:00,-0.0009849305623953475,-0.0009849305623953475,-0.0001664288425107414
C,2024-01-18,2024-01-18 13:28:00,-0.000394360642807956,-0.000394360642807956,0.00010567569112732886
C,2024-01-18,2024-01-18 13:29:00,0.000789032448959448,0.000789032448959448,0.00013081796917520456
C,2024-01-18,2024-01-18 13:30:00,0.0,0.0,-4.618898662664888e-05
C,2024-01-18,2024-01-18 13:31:00,0.0003942051837981797,0.0003942051837981797,4.2439719555156505e-05
C,2024-01-18,2024-01-18 13:32:00,-0.000492562309131972,-0.000492562309131972,-4.722618813777772e-06
C,2024-01-18,2024-01-18 13:33:00,-0.0002956830277942579,-0.0002956830277942579,4.820356460092385e-05
C,2024-01-18,2024-01-18 13:34:00,-0.00029577048210593926,-0.00029577048210593926,2.86357041770155e-05
C,2024-01-18,2024-01-18 13:35:00,0.0004930966469427478,0.0004930966469427478,6.424713443284605e-06
C,2024-01-18,2024-01-18 13:36:00,-0.00019714144898963504,-0.00019714144898963504,-2.338780294746307e-05
C,2024-01-18,2024-01-18 13:37:00,-0.001183081928423535,-0.001183081928423535,5.442304155757711e-05
C,2024-01-18,2024-01-18 13:38:00,0.0024676734774453646,0.0024676734774453646,0.00025108659352494715
C,2024-01-18,2024-01-18 13:39:00,0.0001969279243796418,0.0001969279243796418,-0.0003085481285179917
C,2024-01-18,2024-01-18 13:40:00,9.844457570395981e-05,9.844457570395981e-05,4.1604306827095994e-05
C,2024-01-18,2024-01-18 13:41:00,-0.00039373954129340305,-0.00039373954129340305,-4.06904389848655e-05
C,2024-01-18,2024-01-18 13:42:00,0.00019694731659258835,0.00019694731659258835,1.8056841423271117e-05
C,2024-01-18,2024-01-18 13:43:00,-9.845426799237611e-05,-9.845426799237611e-05,-4.400700599274903e-05
C,2024-01-18,2024-01-18 13:44:00,-0.0006892477353288573,-0.0006892477353288573,4.633121814647895e-05
C,2024-01-18,2024-01-18 13:45:00,0.0015765100009852429,0.0015765100009852429,8.628971196078706e-05
C,2024-01-18,2024-01-18 13:46:00,0.0002951303492375601,0.0002951303492375601,-0.0002972113634241087
C,2024-01-18,2024-01-18 13:47:00,0.000295043273013329,0.000295043273013329,6.82240369018782e-05
C,2024-01-18,2024-01-18 13:48:00,-0.0005899124963130165,-0.0005899124963130165,4.014629124686098e-06
C,2024-01-18,2024-01-18 13:49:00,0.0015740285292671352,0.0015740285292671352,-1.5300797895294794e-05
C,2024-01-18,2024-01-18 13:50:00,-0.0006875552499753246,-0.0006875552499753246,-0.0003332588926822548
C,2024-01-18,2024-01-18 13:51:00,-9.828975820735941e-05,-9.828975820735941e-05,4.718730034733932e-05
C,2024-01-18,2024-01-18 13:52:00,0.00019659884006695272,0.00019659884006695272,-1.5180626385699222e-05
C,2024-01-18,2024-01-18 13:53:00,-0.0005896805896805635,-0.0005896805896805635,-2.8344462371576202e-05
C,2024-01-18,2024-01-18 13:54:00,-9.833808634074348e-05,-9.833808634074348e-05,-6.1698591260663635e-06
C,2024-01-18,2024-01-18 13:55:00,-0.0003933910306845867,-0.0003933910306845867,4.279861713397421e-05
C,2024-01-18,2024-01-18 13:56:00,9.838646202298129e-05,9.838646202298129e-05,-3.95137962279803e-05
C,2024-01-18,2024-01-18 13:57:00,0.0,0.0,1.4645988901088556e-05
C,2024-01-18,2024-01-18 13:58:00,-9.83767830792237e-05,-9.83767830792237e-05,2.0336597535955513e-05
C,2024-01-18,2024-01-18 13:59:00,0.0005903187721367775,0.0005903187721367775,-1.3076441719536424e-05
C,2024-01-18,2024-01-18 14:00:00,-9.832841691237437e-05,-9.832841691237437e-05,5.828645156638233e-06
C,2024-01-18,2024-01-18 14:01:00,0.00039335234536319597,0.00039335234536319597,-4.5546730605136774e-05
C,2024-01-18,2024-01-18 14:02:00,-0.00039319768013357237,-0.00039319768013357237,-5.954246555545701e-05
C,2024-01-18,2024-01-18 14:03:00,0.0,0.0,4.8039920497597876e-05
C,2024-01-18,2024-01-18 14:04:00,9.83380863408545e-05,9.83380863408545e-05,-4.569431524544974e-05
C,2024-01-18,2024-01-18 14:05:00,-0.0005899705014749124,-0.0005899705014749124,4.861764407989608e-06
C,2024-01-18,2024-01-18 14:06:00,0.0008854781582052773,0.0008854781582052773,7.046226431000966e-05
C,2024-01-18,2024-01-18 14:07:00,0.00019659884006695272,0.00019659884006695272,-0.0001328357245556589
C,2024-01-18,2024-01-18 14:08:00,-0.00019656019656033585,-0.00019656019656033585,7.908845116879958e-05
C,2024-01-18,2024-01-18 14:09:00,-0.00019659884006661965,-0.00019659884006661965,1.4416002546681647e-05
C,2024-01-18,2024-01-18 14:10:00,0.0004915937469274212,0.0004915937469274212,9.57137928930616e-07
C,2024-01-18,2024-01-18 14:11:00,0.0004913522012579552,0.0004913522012579552,-3.464005278173104e-06
C,2024-01-18,2024-01-18 14:12:00,-0.0005893330714075162,-0.0005893330714075162,-1.5866682149038682e-05
C,2024-01-18,2024-01-18 14:13:00,0.00019656019656033585,0.00019656019656033585,5.4835846470002015e-05
C,2024-01-18,2024-01-18 14:14:00,0.00019652156824201406,0.00019652156824201406,3.5366338357213396e-07
C,2024-01-18,2024-01-18 14:15:00,0.0,0.0,-7.453623699386527e-06
C,2024-01-18,2024-01-18 14:16:00,0.0,0.0,-6.888157942188444e-07
C,2024-01-18,2024-01-18 14:17:00,-0.00029472443265543546,-0.00029472443265543546,2.3863228871557088e-05
C,2024-01-18,2024-01-18 14:18:00,0.00029481132075481753,0.00029481132075481753,-4.2055151884884217e-05
C,2024-01-18,2024-01-18 14:19:00,-0.000589448865310982,-0.000589448865310982,-4.544363831276484e-05
C,2024-01-18,2024-01-18 14:20:00,0.00029489826010031805,0.00029489826010031805,-1.0300368919993648e-05
C,2024-01-18,2024-01-18 14:21:00,9.827044025167986e-05,9.827044025167986e-05,-4.9033691505087054e-05
C,2024-01-18,2024-01-18 14:22:00,0.0004913039206051462,0.0004913039206051462,-4.43809244019335e-05
C,2024-01-18,2024-01-18 14:23:00,0.001080337851109947,0.001080337851109947,-3.78695721971909e-05
C,2024-01-18,2024-01-18 14:24:00,0.0006867458059451881,0.0006867458059451881,-0.00018529649424930747
C,2024-01-18,2024-01-18 14:25:00,-9.803921568618534e-05,-9.803921568618534e-05,-4.983235415332239e-05
C,2024-01-18,2024-01-18 14:26:00,0.00019609765663286538,0.00019609765663286538,1.4605485860339037e-05
C,2024-01-18,2024-01-18 14:27:00,0.00019605920988152725,0.00019605920988152725,8.504640848064033e-06
C,2024-01-18,2024-01-18 14:28:00,0.0001960207782025769,0.0001960207782025769,3.6733435107229936e-06
C,2024-01-18,2024-01-18 14:29:00,0.000979911807937217,0.000979911807937217,-5.164797642379889e-05
C,2024-01-18,2024-01-18 14:30:00,-0.00019579050416063115,-0.00019579050416063115,-0.00015941265912920605
C,2024-01-18,2024-01-18 14:31:00,0.00019582884558899671,0.00019582884558899671,5.638782976075482e-05
C,2024-01-18,2024-01-18 14:32:00,-0.0005873715124816714,-0.0005873715124816714,-4.3590978409780204e-05
C,2024-01-18,2024-01-18 14:33:00,-0.0005877167205406986,-0.0005877167205406986,-3.898501829527566e-05
C,2024-01-18,2024-01-18 14:34:00,0.0002940311673036433,0.0002940311673036433,7.548387257613022e-05
C,2024-01-18,2024-01-18 14:35:00,9.798157946305786e-05,9.798157946305786e-05,-1.1261349153798861e-05
C,2024-01-18,2024-01-18 14:36:00,9.797198001382235e-05,9.797198001382235e-05,-9.231977923118802e-05
C,2024-01-18,2024-01-18 14:37:00,-0.000979623824451492,-0.000979623824451492,-4.4724901080495213e-05
C,2024-01-18,2024-01-18 14:38:00,0.00029417532849573824,0.00029417532849573824,0.00013934743094232515
C,2024-01-18,2024-01-18 14:39:00,0.00019605920988152725,0.00019605920988152725,-2.4298922382591883e-05
C,2024-01-18,2024-01-18 14:40:00,-0.0001960207782025769,-0.0001960207782025769,-3.42287142320214e-05
C,2024-01-18,2024-01-18 14:41:00,-0.00039211841976272144,-0.00039211841976272144,-2.2510149761353034e-05
C,2024-01-18,2024-01-18 14:42:00,-0.0005884083553986397,-0.0005884083553986397,0.00011135497855704455
C,2024-01-18,2024-01-18 14:43:00,0.0005887547836327389,0.0005887547836327389,1.7124466250075628e-05
C,2024-01-18,2024-01-18 14:44:00,-0.00019613611846636125,-0.00019613611846636125,-5.5751179392883356e-05
C,2024-01-18,2024-01-18 14:45:00,-0.0007846983815594788,-0.0007846983815594788,-5.636262092897638e-05
C,2024-01-18,2024-01-18 14:46:00,0.0,0.0,0.00012401529834041007
C,2024-01-18,2024-01-18 14:47:00,0.00029449298125072687,0.00029449298125072687,3.4495879438061746e-06
C,2024-01-18,2024-01-18 14:48:00,9.813542688896781e-05,9.813542688896781e-05,-3.687477844950624e-05
C,2024-01-18,2024-01-18 14:49:00,0.00019625159454439434,0.00019625159454439434,-4.7467878518602854e-05
C,2024-01-18,2024-01-18 14:50:00,-0.0001962130874130219,-0.0001962130874130219,-5.04424518206728e-05
C,2024-01-18,2024-01-18 14:51:00,0.0007850063781769112,0.0007850063781769112,1.2738868469010806e-05
C,2024-01-18,2024-01-18 14:52:00,0.0003921953132659528,0.0003921953132659528,-5.130495915509974e-05
C,2024-01-18,2024-01-18 14:53:00,-0.00039204155640493177,-0.00039204155640493177,3.585371345670915e-05
C,2024-01-18,2024-01-18 14:54:00,0.0005882929698990402,0.0005882929698990402,-2.4970011678422467e-05
C,2024-01-18,2024-01-18 14:55:00,0.0,0.0,-3.0502303067190867e-05
C,2024-01-18,2024-01-18 14:56:00,-0.00019598236158757665,-0.00019598236158757665,-4.0345934925373225e-05
C,2024-01-18,2024-01-18 14:57:00,-0.00039204155640493177,-0.00039204155640493177,-7.051950420776256e-05
C,2024-01-18,2024-01-18 14:58:00,-0.00039219531326617485,-0.00039219531326617485,6.584538924569738e-05
C,2024-01-18,2024-01-18 14:59:00,-0.0001961745953896754,-0.0001961745953896754,-2.2936822641929022e-05
C,2024-01-18,2024-01-18 15:00:00,0.000882958893358321,0.000882958893358321,2.7994847146988508e-06
C,2024-01-18,2024-01-18 15:01:00,0.000294059988237505,0.000294059988237505,-8.312293393832114e-05
C,2024-01-18,2024-01-18 15:02:00,0.0,0.0,2.944798472456463e-05
C,2024-01-18,2024-01-18 15:03:00,-0.00019598236158757665,-0.00019598236158757665,2.6589252749376935e-05
C,2024-01-18,2024-01-18 15:04:00,-9.801038910117743e-05,-9.801038910117743e-05,2.8288115407210583e-05
C,2024-01-18,2024-01-18 15:05:00,-9.801999607939038e-05,-9.801999607939038e-05,1.64203033250785e-05
C,2024-01-18,2024-01-18 15:06:00,-0.00039211841976272144,-0.00039211841976272144,-3.838765677210491e-06
C,2024-01-18,2024-01-18 15:07:00,0.0007845444738650009,0.0007845444738650009,-9.918147831751786e-06
C,2024-01-18,2024-01-18 15:08:00,-0.0023517883390495875,-0.0023517883390495875,-5.392780748448416e-05
C,2024-01-18,2024-01-18 15:09:00,0.0025537766427659037,0.0025537766427659037,0.000272180400181936
C,2024-01-18,2024-01-18 15:10:00,0.00019594396002742265,0.00019594396002742265,-0.0002629461994726614
C,2024-01-18,2024-01-18 15:11:00,-0.0001959055735136772,-0.0001959055735136772,2.9207249295659203e-05
C,2024-01-18,2024-01-18 15:12:00,-0.0001959439600272006,-0.0001959439600272006,-2.2847191382871424e-05
C,2024-01-18,2024-01-18 15:13:00,0.0007839294463496405,0.0007839294463496405,-3.63151735953195e-05
C,2024-01-18,2024-01-18 15:14:00,0.00019582884558899671,0.00019582884558899671,-3.1675849721338536e-05
C,2024-01-18,2024-01-18 15:15:00,0.00019579050416052013,0.00019579050416052013,9.22114625957407e-06
C,2024-01-18,2024-01-18 15:16:00,0.000391504355486072,0.000391504355486072,-2.1359551938886112e-05
C,2024-01-18,2024-01-18 15:17:00,-0.00019567556990518487,-0.00019567556990518487,-1.2053134291707974e-05
C,2024-01-18,2024-01-18 15:18:00,-0.0005871415989823214,-0.0005871415989823214,-2.919840775090245e-05
C,2024-01-18,2024-01-18 15:19:00,-9.791442279438733e-05,-9.791442279438733e-05,6.3722099687510915e-06
C,2024-01-18,2024-01-18 15:20:00,0.00029377203290237297,0.00029377203290237297,-4.232547550875825e-05
C,2024-01-18,2024-01-18 15:21:00,0.0002936857562407802,0.0002936857562407802,-1.947483236494383e-05
C,2024-01-18,2024-01-18 15:22:00,-0.00029359953024077345,-0.00029359953024077345,-2.0069823876077915e-05
C,2024-01-18,2024-01-18 15:23:00,0.00039158100832104026,0.00039158100832104026,-4.88334840137197e-05
C,2024-01-18,2024-01-18 15:24:00,0.00039142773265488096,0.00039142773265488096,3.373205029306567e-05
C,2024-01-18,2024-01-18 15:25:00,-9.781864423352715e-05,-9.781864423352715e-05,-3.691460216260401e-05
C,2024-01-18,2024-01-18 15:26:00,-0.0002934846409704539,-0.0002934846409704539,-6.674347070770398e-05
C,2024-01-18,2024-01-18 15:27:00,-0.00019571386632744048,-0.00019571386632744048,-4.545153100787062e-05
C,2024-01-18,2024-01-18 15:28:00,0.0,0.0,-2.0687073384214474e-05
C,2024-01-18,2024-01-18 15:29:00,0.0007830087109719219,0.0007830087109719219,-5.6762035012256484e-05
C,2024-01-18,2024-01-18 15:30:00,0.0001955990220050552,0.0001955990220050552,-2.2244922538574283e-05
C,2024-01-18,2024-01-18 15:31:00,-0.0004889019262737104,-0.0004889019262737104,8.37063830212103e-05
C,2024-01-18,2024-01-18 15:32:00,0.0010761103502250347,0.0010761103502250347,7.783740245543296e-05
C,2024-01-18,2024-01-18 15:33:00,-0.00019544610573629662,-0.00019544610573629662,-0.0002101156400799225
C,2024-01-18,2024-01-18 15:34:00,-0.00019548431238403108,-0.00019548431238403108,3.1404330379278134e-05
C,2024-01-18,2024-01-18 15:35:00,-0.00019552253397181474,-0.00019552253397181474,1.4592699049953676e-05
C,2024-01-18,2024-01-18 15:36:00,0.0003911215410188351,0.0003911215410188351,1.033123694470062e-05
C,2024-01-18,2024-01-18 15:37:00,-0.0048871078095983345,-0.003089910647061753,4.851460614058116e-06
C,2024-01-18,2024-01-18 15:38:00,0.0038306649641488555,0.0030073397013112707,0.00021947088309675383
C,2024-01-18,2024-01-18 15:39:00,0.0002935420743639394,0.0002935420743639394,-0.00020295368603807132
C,2024-01-18,2024-01-18 15:40:00,0.000586911865401607,0.000586911865401607,8.495032847496014e-05
C,2024-01-18,2024-01-18 15:41:00,-0.00019552253397181474,-0.00019552253397181474,-4.967715990610022e-05
C,2024-01-18,2024-01-18 15:42:00,0.00019556077050930654,0.00019556077050930654,4.420858597629474e-05
C,2024-01-18,2024-01-18 15:43:00,-0.00039104506794396254,-0.00039104506794396254,-4.263884502984833e-05
C,2024-01-18,2024-01-18 15:44:00,0.0003911980440096663,0.0003911980440096663,5.6928999801704115e-05
C,2024-01-18,2024-01-18 15:45:00,0.0005865676019161103,0.0005865676019161103,-8.87884458199375e-06
C,2024-01-18,2024-01-18 15:46:00,-0.001367855398143547,-0.001367855398143547,4.084536597465318e-05
C,2024-01-18,2024-01-18 15:47:00,-0.003913511398102032,-0.003089910647061753,0.0002256578013392116
C,2024-01-18,2024-01-18 15:48:00,0.0030448875356055005,0.0030073397013112707,0.0003187586830258447
C,2024-01-18,2024-01-18 15:49:00,0.0004896200548374363,0.0004896200548374363,-0.00018780281581672558
C,2024-01-18,2024-01-18 15:50:00,0.0006851326221004594,0.0006851326221004594,6.99348876488259e-05
C,2024-01-18,2024-01-18 15:51:00,0.000489045383411435,0.000489045383411435,3.974816097978326e-05
C,2024-01-18,2024-01-18 15:52:00,-0.0004888063349299809,-0.0004888063349299809,5.660300095023903e-05
C,2024-01-18,2024-01-18 15:53:00,-9.780907668255345e-05,-9.780907668255345e-05,6.924143519267901e-05
C,2024-01-18,2024-01-18 15:54:00,-0.0007825491538685503,-0.0007825491538685503,1.3664074039055543e-05
C,2024-01-18,2024-01-18 15:55:00,0.00019579050416052013,0.00019579050416052013,2.674595472346042e-05
C,2024-01-18,2024-01-18 15:56:00,0.0,0.0,2.288231116846968e-05
C,2024-01-18,2024-01-18 15:57:00,-0.0002936282666144985,-0.0002936282666144985,-1.6921312403416354e-05
C,2024-01-18,2024-01-18 15:58:00,0.0007832386919912615,0.0007832386919912615,1.6338632083019153e-05
C,2024-01-19,2024-01-19 09:40:00,0.0018713680685511491,0.0018713680685511491,-5.324625956203068e-06
C,2024-01-19,2024-01-19 09:41:00,-0.002949272512780099,-0.002949272512780099,-0.00034426826004770457
C,2024-01-19,2024-01-19 09:42:00,-0.0009859988168015033,-0.0009859988168015033,0.00028804172873810643
C,2024-01-19,2024-01-19 09:43:00,0.0012830635609948349,0.0012830635609948349,0.00017207143764946177
C,2024-01-19,2024-01-19 09:44:00,0.0005914243469689051,0.0005914243469689051,-0.00021080654403894284
C,2024-01-19,2024-01-19 09:45:00,-0.000492562309131972,-0.000492562309131972,9.67475415517182e-06
C,2024-01-19,2024-01-19 09:46:00,0.0002956830277940359,0.0002956830277940359,0.00011524587665156623
C,2024-01-19,2024-01-19 09:47:00,0.0013794462508620597,0.0013794462508620597,1.9942813200596095e-05
C,2024-01-19,2024-01-19 09:48:00,0.0011807537144543634,0.0011807537144543634,-0.0003313988982576122
C,2024-01-19,2024-01-19 09:49:00,-0.00029484029484028174,-0.00029484029484028174,-0.00034418457166291577
C,2024-01-19,2024-01-19 09:50:00,0.0006881635863154045,0.0006881635863154045,3.671121946630049e-05
C,2024-01-19,2024-01-19 09:51:00,-0.001080656253069856,-0.001080656253069856,-3.970185005899685e-05
C,2024-01-19,2024-01-19 09:52:00,0.0013768686073956093,0.0013768686073956093,0.00010062342820515166
C,2024-01-19,2024-01-19 09:53:00,0.0009821253191908408,0.0009821253191908408,-0.0003047459040675972
C,2024-01-19,2024-01-19 09:54:00,0.0004905808477235762,0.0004905808477235762,-0.00024395879075982333
C,2024-01-19,2024-01-19 09:55:00,-0.00039227223693238944,-0.00039227223693238944,9.025838783188594e-06
C,2024-01-19,2024-01-19 09:56:00,0.0012753850681839207,0.0012753850681839207,3.073327017585507e-05
C,2024-01-19,2024-01-19 09:57:00,0.0,0.0,-0.0003321049857727038
C,2024-01-19,2024-01-19 09:58:00,-0.0012737605330197521,-0.0012737605330197521,2.986820250650754e-05
C,2024-01-19,2024-01-19 09:59:00,0.0011772785244776873,0.0011772785244776873,0.000256214310835036
C,2024-01-19,2024-01-19 10:00:00,-0.0004899559039687196,-0.0004899559039687196,-0.00026586030624893076
C,2024-01-19,2024-01-19 10:01:00,-0.00019607843137270375,-0.00019607843137270375,4.634948577574963e-05
C,2024-01-19,2024-01-19 10:02:00,0.0004902922141598598,0.0004902922141598598,1.859183729260291e-05
C,2024-01-19,2024-01-19 10:03:00,0.0002940311673036433,0.0002940311673036433,-2.6814182074755993e-05
C,2024-01-19,2024-01-19 10:04:00,-0.0005878894767783471,-0.0005878894767783471,-4.128994753377599e-05
C,2024-01-19,2024-01-19 10:05:00,0.00019607843137259273,0.00019607843137259273,7.0296228508184855e-06
C,2024-01-19,2024-01-19 10:06:00,0.0006861399725544004,0.0006861399725544004,9.747116129907115e-05
C,2024-01-19,2024-01-19 10:07:00,0.0,0.0,-9.299154453512568e-06
C,2024-01-19,2024-01-19 10:08:00,0.0007836222940542648,0.0007836222940542648,-1.2383032409570144e-06
C,2024-01-19,2024-01-19 10:09:00,0.0007830087109719219,0.0007830087109719219,-0.00011906183452108307
C,2024-01-19,2024-01-19 10:10:00,-0.0004889975550121939,-0.0004889975550121939,-5.630261011675821e-05
C,2024-01-19,2024-01-19 10:11:00,-0.00029354207436405044,-0.00029354207436405044,2.9837757075254574e-05
C,2024-01-19,2024-01-19 10:12:00,-0.000587256533228997,-0.000587256533228997,3.5800985817245655e-05
C,2024-01-19,2024-01-19 10:13:00,0.00039173440407402893,0.00039173440407402893,9.73114956655813e-05
C,2024-01-19,2024-01-19 10:14:00,0.00039158100832104026,0.00039158100832104026,4.918552830762646e-05
C,2024-01-19,2024-01-19 10:15:00,0.0006849985321459862,0.0006849985321459862,-3.238099968223272e-05
C,2024-01-19,2024-01-19 10:16:00,-0.0007823195775472636,-0.0007823195775472636,-0.00011964640359705631
C,2024-01-19,2024-01-19 10:17:00,0.0006850655705616937,0.0006850655705616937,6.830344856527443e-05
C,2024-01-19,2024-01-19 10:18:00,0.0004889975550124159,0.0004889975550124159,-0.00010372755195611323
C,2024-01-19,2024-01-19 10:19:00,-0.0006842619745848211,-0.0006842619745848211,-2.8361422485625398e-05
C,2024-01-19,2024-01-19 10:20:00,9.78186442337492e-05,9.78186442337492e-05,0.00011001606366578232
C,2024-01-19,2024-01-19 10:21:00,-0.0011737089201878659,-0.0011737089201878659,4.194967766437412e-05
C,2024-01-19,2024-01-19 10:22:00,-9.792401096753167e-05,-9.792401096753167e-05,0.0002781820346129515
C,2024-01-19,2024-01-19 10:23:00,0.0014690040152776085,0.0014690040152776085,3.5064828082507443e-06
C,2024-01-19,2024-01-19 10:24:00,-0.0004889497359670258,-0.0004889497359670258,-0.0002848456410670898
C,2024-01-19,2024-01-19 10:25:00,0.00029351335485761076,0.00029351335485761076,5.935311193385453e-05
C,2024-01-19,2024-01-19 10:26:00,-0.00039123630672932563,-0.00039123630672932563,6.380765159294668e-05
C,2024-01-19,2024-01-19 10:27:00,0.0002935420743639394,0.0002935420743639394,7.150667286585956e-05
C,2024-01-19,2024-01-19 10:28:00,0.0012716423750367412,0.0012716423750367412,-3.6278069219512345e-05
C,2024-01-19,2024-01-19 10:29:00,-0.0004884720593981706,-0.0004884720593981706,-0.0002949274863538499
C,2024-01-19,2024-01-19 10:30:00,0.0003909686247678401,0.0003909686247678401,4.435992167619481e-05
C,2024-01-19,2024-01-19 10:31:00,-0.0002931118710307601,-0.0002931118710307601,-1.230629391014924e-05
C,2024-01-19,2024-01-19 10:32:00,-9.773260359646763e-05,-9.773260359646763e-05,6.675064526455202e-05
C,2024-01-19,2024-01-19 10:33:00,0.00019548431238392006,0.00019548431238392006,1.7796385744664513e-05
C,2024-01-19,2024-01-19 10:34:00,0.0011726766344180017,0.0011726766344180017,-5.001566137673436e-06
C,2024-01-19,2024-01-19 10:35:00,0.0005856515373352522,0.0005856515373352522,-0.000322384477701074
C,2024-01-19,2024-01-19 10:36:00,-0.0012681689591258483,-0.0012681689591258483,-5.4886210154033664e-05
C,2024-01-19,2024-01-19 10:37:00,9.767532721238759e-05,9.767532721238759e-05,0.0002430356219876382
C,2024-01-19,2024-01-19 10:38:00,-0.001171989452094846,-0.001171989452094846,5.3631196211048706e-05
C,2024-01-19,2024-01-19 10:39:00,0.0007822430820376702,0.0007822430820376702,0.000234791680554038
C,2024-01-19,2024-01-19 10:40:00,0.0005862237420615202,0.0005862237420615202,-5.6267745845851214e-05
C,2024-01-19,2024-01-19 10:41:00,-0.0012694072844448012,-0.0012694072844448012,6.653703641939468e-06
C,2024-01-19,2024-01-19 10:42:00,0.0010754790770433065,0.0010754790770433065,0.00030814373801615826
C,2024-01-19,2024-01-19 10:43:00,-9.766578767467227e-05,-9.766578767467227e-05,-0.00024021699110072224
C,2024-01-19,2024-01-19 10:44:00,-0.0004883766360617159,-0.0004883766360617159,3.958230697472355e-07
C,2024-01-19,2024-01-19 10:45:00,-0.00019544610573629662,-0.00019544610573629662,2.4549561492834444e-05
C,2024-01-19,2024-01-19 10:46:00,0.0003909686247678401,0.0003909686247678401,1.6069096268476963e-05
C,2024-01-19,2024-01-19 10:47:00,-0.0003908158280409024,-0.0003908158280409024,-0.00011874058818444825
C,2024-01-19,2024-01-19 10:48:00,-9.774215619207105e-05,-9.774215619207105e-05,-1.8295917767672264e-05
C,2024-01-19,2024-01-19 10:49:00,0.0009775171065493637,0.0009775171065493637,-5.4506128277382304e-05
C,2024-01-19,2024-01-19 10:50:00,9.765624999991118e-05,9.765624999991118e-05,-0.00022114953325457946
C,2024-01-19,2024-01-19 10:51:00,0.0,0.0,-8.490575532596677e-06
C,2024-01-19,2024-01-19 10:52:00,9.764671418821536e-05,9.764671418821536e-05,-7.465889622361336e-05
C,2024-01-19,2024-01-19 10:53:00,0.0006834602616676566,0.0006834602616676566,-5.254206422739418e-05
C,2024-01-19,2024-01-19 10:54:00,-0.00019514098936490587,-0.00019514098936490587,-9.344453755225023e-05
C,2024-01-19,2024-01-19 10:55:00,-0.0004879476920074399,-0.0004879476920074399,-3.0082049761328942e-05
C,2024-01-19,2024-01-19 10:56:00,0.00048818590119115157,0.00048818590119115157,4.859521454231167e-05
C,2024-01-19,2024-01-19 10:57:00,-0.0001951790768031092,-0.0001951790768031092,-4.6003791336952854e-05
C,2024-01-19,2024-01-19 10:58:00,0.0003904343582235015,0.0003904343582235015,-2.8922645618765614e-05
C,2024-01-19,2024-01-19 10:59:00,-0.0005854229680943845,-0.0005854229680943845,-8.111287733207723e-05
C,2024-01-19,2024-01-19 11:00:00,-0.0015620423703992525,-0.0015620423703992525,6.026579150649677e-05
C,2024-01-19,2024-01-19 11:01:00,0.0022489488608583574,0.0022489488608583574,0.0003367449778019318
C,2024-01-19,2024-01-19 11:02:00,9.756097560975618e-05,9.756097560975618e-05,-0.00028334034791955193
C,2024-01-19,2024-01-19 11:03:00,-0.00019510291678848102,-0.00019510291678848102,-4.2924019056633405e-05
C,2024-01-19,2024-01-19 11:04:00,-0.00039028197872981174,-0.00039028197872981174,-2.2387206252233253e-05
C,2024-01-19,2024-01-19 11:05:00,0.00019521717911175074,0.00019521717911175074,3.1193704278172484e-06
C,2024-01-19,2024-01-19 11:06:00,0.0,0.0,-8.174603469832328e-06
C,2024-01-19,2024-01-19 11:07:00,9.758953840144358e-05,9.758953840144358e-05,1.2802651669614876e-05
C,2024-01-19,2024-01-19 11:08:00,0.00039032006245132145,0.00039032006245132145,-1.0181519858875868e-05
C,2024-01-19,2024-01-19 11:09:00,-0.00029262582910638546,-0.00029262582910638546,1.4402305130189021e-05
C,2024-01-19,2024-01-19 11:10:00,0.0015611279149185808,0.0015611279149185808,-3.566596077391686e-05
C,2024-01-19,2024-01-19 11:11:00,-0.000584510472479316,-0.000584510472479316,-0.0003000529371964651
C,2024-01-19,2024-01-19 11:12:00,0.0,0.0,6.0895346802467e-05
C,2024-01-19,2024-01-19 11:13:00,-0.00019495077492948099,-0.00019495077492948099,2.8503716803344726e-05
C,2024-01-19,2024-01-19 11:14:00,0.0003899775762894464,0.0003899775762894464,-2.1337170391016647e-05
C,2024-01-19,2024-01-19 11:15:00,0.0,0.0,-5.584385941744871e-05
C,2024-01-19,2024-01-19 11:16:00,-0.0013643894357274755,-0.0013643894357274755,-4.3288322123569703e-05
C,2024-01-19,2024-01-19 11:17:00,-0.0004879476920074399,-0.0004879476920074399,0.00028406772993325337
C,2024-01-19,2024-01-19 11:18:00,-0.0008787346221441616,-0.0008787346221441616,5.915415076317555e-05
C,2024-01-19,2024-01-19 11:19:00,0.0,0.0,0.0001174231472650881
C,2024-01-19,2024-01-19 11:20:00,-9.772305286825933e-05,-9.772305286825933e-05,7.495918132940527e-05
C,2024-01-19,2024-01-19 11:21:00,-0.0004886630179826712,-0.0004886630179826712,5.370087380915469e-05
C,2024-01-19,2024-01-19 11:22:00,0.0,0.0,0.0001226190408280129
C,2024-01-19,2024-01-19 11:23:00,0.0003911215410188351,0.0003911215410188351,6.0242604146250026e-05
C,2024-01-19,2024-01-19 11:24:00,9.7742156191849e-05,9.7742156191849e-05,-6.312218761528366e-05
C,2024-01-19,2024-01-19 11:25:00,-0.0004886630179826712,-0.0004886630179826712,-7.486137337461449e-06
C,2024-01-19,2024-01-19 11:26:00,-0.0011733646230566164,-0.0011733646230566164,4.213374627240936e-05
C,2024-01-19,2024-01-19 11:27:00,0.0007831620166420805,0.0007831620166420805,0.00024041677175348707
C,2024-01-19,2024-01-19 11:28:00,0.0002934559327008035,0.0002934559327008035,-7.553316759858591e-05
C,2024-01-19,2024-01-19 11:29:00,-9.778994719333856e-05,-9.778994719333856e-05,-2.8375160259745658e-05
C,2024-01-19,2024-01-19 11:30:00,0.0003911980440096663,0.0003911980440096663,-3.1803519151320454e-07
C,2024-01-19,2024-01-19 11:31:00,9.776126698612941e-05,9.776126698612941e-05,-2.0147394140093276e-05
C,2024-01-19,2024-01-19 11:32:00,-0.0002932551319646537,-0.0002932551319646537,3.0345082014710593e-05
C,2024-01-19,2024-01-19 11:33:00,-0.00039112154101905716,-0.00039112154101905716,9.7205971974623e-06
C,2024-01-19,2024-01-19 11:34:00,-0.0001956372884670543,-0.0001956372884670543,8.506386494640733e-05
C,2024-01-19,2024-01-19 11:35:00,-0.00136972898933585,-0.00136972898933585,5.054062228940147e-05
C,2024-01-19,2024-01-19 11:36:00,0.0004898599000686676,0.0004898599000686676,0.0002857725552921917
C,2024-01-19,2024-01-19 11:37:00,0.00029377203290237297,0.00029377203290237297,2.7388175758568116e-05
C,2024-01-19,2024-01-19 11:38:00,0.0,0.0,-3.158486483268379e-05
C,2024-01-19,2024-01-19 11:39:00,-0.0008810572687224516,-0.0008810572687224516,-1.2644667021230802e-05
C,2024-01-19,2024-01-19 11:40:00,-0.0010777973740938585,-0.0010777973740938585,6.230012592732813e-05
C,2024-01-19,2024-01-19 11:41:00,0.00019617459539000848,0.00019617459539000848,0.000107891952675867
C,2024-01-19,2024-01-19 11:42:00,0.0010787486515642097,0.0010787486515642097,2.7984167284369854e-05
C,2024-01-19,2024-01-19 11:43:00,-0.000489811912225635,-0.000489811912225635,-0.00022365911287890134
C,2024-01-19,2024-01-19 11:44:00,0.0002940311673036433,0.0002940311673036433,9.000144493270571e-06
C,2024-01-19,2024-01-19 11:45:00,0.0,0.0,-3.06766818047114e-05
C,2024-01-19,2024-01-19 11:46:00,-0.00029394473838917357,-0.00029394473838917357,-8.472719577592968e-05
C,2024-01-19,2024-01-19 11:47:00,0.0001960207782025769,0.0001960207782025769,-2.586488497525187e-05
C,2024-01-19,2024-01-19 11:48:00,0.0,0.0,-5.8071791369270767e-05
C,2024-01-19,2024-01-19 11:49:00,0.0,0.0,-5.941693875327112e-05
C,2024-01-19,2024-01-19 11:50:00,0.00039196472317493125,0.00039196472317493125,-7.334533087352288e-06
C,2024-01-19,2024-01-19 11:51:00,-0.0002938583602704048,-0.0002938583602704048,-3.1785704418122575e-05
C,2024-01-19,2024-01-19 11:52:00,9.798157946305786e-05,9.798157946305786e-05,-6.0367025100523195e-05
C,2024-01-19,2024-01-19 11:53:00,-0.0001959439600272006,-0.0001959439600272006,-4.162088339740055e-05
C,2024-01-19,2024-01-19 11:54:00,-0.00029397354238114293,-0.00029397354238114293,-5.1297104358990186e-05
C,2024-01-19,2024-01-19 11:55:00,9.801999607916834e-05,9.801999607916834e-05,-4.9056202439638565e-05
C,2024-01-19,2024-01-19 11:56:00,0.000882093501911152,0.000882093501911152,2.656860354392487e-06
C,2024-01-19,2024-01-19 11:57:00,-0.000293772032902484,-0.000293772032902484,-0.00017191514105046663
C,2024-01-19,2024-01-19 11:58:00,-9.79527867568386e-05,-9.79527867568386e-05,1.6172404977174632e-05
C,2024-01-19,2024-01-19 11:59:00,9.79623824450826e-05,9.79623824450826e-05,2.2685386724043983e-05
C,2024-01-19,2024-01-19 12:00:00,0.0003918111470271324,0.0003918111470271324,-1.7342243153670197e-05
C,2024-01-19,2024-01-19 12:01:00,0.001077058650739371,0.001077058650739371,-3.545468763711956e-05
C,2024-01-19,2024-01-19 12:02:00,-0.0002934272300469942,-0.0002934272300469942,-0.0002615584997711592
C,2024-01-19,2024-01-19 12:03:00,0.0001956755699048518,0.0001956755699048518,-3.8493421878604e-05
C,2024-01-19,2024-01-19 12:04:00,0.0003912745769345527,0.0003912745769345527,-5.607856208401859e-05
C,2024-01-19,2024-01-19 12:05:00,0.00019556077050930654,0.00019556077050930654,-3.704970789109211e-05
C,2024-01-19,2024-01-19 12:06:00,-0.00019552253397181474,-0.00019552253397181474,-4.131877910447899e-05
C,2024-01-19,2024-01-19 12:07:00,0.0005866823115281417,0.0005866823115281417,-2.37460507013308e-05
C,2024-01-19,2024-01-19 12:08:00,-0.00039089221147270425,-0.00039089221147270425,-6.81207812967855e-05
C,2024-01-19,2024-01-19 12:09:00,0.000488806334930203,0.000488806334930203,-2.841358916591006e-05
C,2024-01-19,2024-01-19 12:10:00,0.00019542700801244983,0.00019542700801244983,-4.4725373888320535e-05
C,2024-01-19,2024-01-19 12:11:00,-0.00019538882375924604,-0.00019538882375924604,-4.429462525968167e-05
C,2024-01-19,2024-01-19 12:12:00,-0.0005862810240375715,-0.0005862810240375715,-7.116306286973617e-05
C,2024-01-19,2024-01-19 12:13:00,0.00019554165037138915,0.00019554165037138915,4.2483162225570684e-05
C,2024-01-19,2024-01-19 12:14:00,0.0002932551319647647,0.0002932551319647647,-8.380819098715769e-06
C,2024-01-19,2024-01-19 12:15:00,0.0003908922114728153,0.0003908922114728153,-7.262390865348629e-05
C,2024-01-19,2024-01-19 12:16:00,-0.0002930546058416139,-0.0002930546058416139,-0.00010855996671947139
C,2024-01-19,2024-01-19 12:17:00,0.00019542700801244983,0.00019542700801244983,-6.0234714144313414e-05
C,2024-01-19,2024-01-19 12:18:00,0.0,0.0,-7.0291140570878405e-06
C,2024-01-19,2024-01-19 12:19:00,-0.0004884720593981706,-0.0004884720593981706,-8.820463809813356e-06
C,2024-01-19,2024-01-19 12:20:00,9.7742156191849e-05,9.7742156191849e-05,4.644624958869028e-05
C,2024-01-19,2024-01-19 12:21:00,9.773260359668967e-05,9.773260359668967e-05,-8.968471734963517e-05
C,2024-01-19,2024-01-19 12:22:00,9.772305286825933e-05,9.772305286825933e-05,-3.893421806744169e-05
C,2024-01-19,2024-01-19 12:23:00,9.77135040061139e-05,9.77135040061139e-05,3.2266673369641384e-05
C,2024-01-19,2024-01-19 12:24:00,0.00019540791402072877,0.00019540791402072877,-7.04016061952987e-05
C,2024-01-19,2024-01-19 12:25:00,-0.0003907394744554482,-0.0003907394744554482,-9.725238453645115e-05
C,2024-01-19,2024-01-19 12:26:00,0.0003908922114728153,0.0003908922114728153,-1.5993698114230494e-05
C,2024-01-19,2024-01-19 12:27:00,0.0003907394744553372,0.0003907394744553372,-5.765503828133388e-06
C,2024-01-19,2024-01-19 12:28:00,-0.00019529342837609764,-0.00019529342837609764,-6.0638571542948385e-06
C,2024-01-19,2024-01-19 12:29:00,0.0,0.0,-4.4613601983449804e-05
C,2024-01-19,2024-01-19 12:30:00,0.001171989452094735,0.001171989452094735,-8.575780484604966e-06
C,2024-01-19,2024-01-19 12:31:00,-0.00019510291678848102,-0.00019510291678848102,-0.00031760358817980614
C,2024-01-19,2024-01-19 12:32:00,-0.0005854229680944956,-0.0005854229680944956,3.8038236731979663e-07
C,2024-01-19,2024-01-19 12:33:00,0.0,0.0,0.00010520084663202697
C,2024-01-19,2024-01-19 12:34:00,0.0003905105925996466,0.0003905105925996466,-6.416573780224094e-05
C,2024-01-19,2024-01-19 12:35:00,-0.00039035815360588533,-0.00039035815360588533,-6.151257525558513e-05
C,2024-01-19,2024-01-19 12:36:00,0.0005857658888996919,0.0005857658888996919,9.313298350932996e-06
C,2024-01-19,2024-01-19 12:37:00,0.0007805639574591794,0.0007805639574591794,-1.682493479256399e-05
C,2024-01-19,2024-01-19 12:38:00,-0.0008774495466511434,-0.0008774495466511434,-7.164827045781322e-05
C,2024-01-19,2024-01-19 12:39:00,0.0,0.0,3.471862158304162e-05
C,2024-01-19,2024-01-19 12:40:00,9.758001561288587e-05,9.758001561288587e-05,-2.2398238031454277e-06
C,2024-01-19,2024-01-19 12:41:00,0.0001951409893645728,0.0001951409893645728,6.673570460870489e-06
C,2024-01-19,2024-01-19 12:42:00,-0.0004877572919713691,-0.0004877572919713691,2.4218210592996635e-05
C,2024-01-19,2024-01-19 12:43:00,0.00048799531524479356,0.00048799531524479356,6.83836802680534e-05
C,2024-01-19,2024-01-19 12:44:00,-0.00019510291678848102,-0.00019510291678848102,6.992293637663514e-06
C,2024-01-19,2024-01-19 12:45:00,0.0008781344521415768,0.0008781344521415768,-1.1329230827801712e-05
C,2024-01-19,2024-01-19 12:46:00,-0.00048742444921034966,-0.00048742444921034966,-0.00016122542625190874
C,2024-01-19,2024-01-19 12:47:00,0.000975324295328095,0.000975324295328095,1.0272191241780154e-06
C,2024-01-19,2024-01-19 12:48:00,0.0,0.0,-0.0001702726859112932
C,2024-01-19,2024-01-19 12:49:00,0.0,0.0,-5.489630842102338e-05
C,2024-01-19,2024-01-19 12:50:00,0.00019487479294566512,0.00019487479294566512,5.738771097908613e-05
C,2024-01-19,2024-01-19 12:51:00,9.7418412079886e-05,9.7418412079886e-05,-6.897599431467639e-06
C,2024-01-19,2024-01-19 12:52:00,-0.0002922267679719148,-0.0002922267679719148,-8.883128155347567e-06
C,2024-01-19,2024-01-19 12:53:00,0.00019487479294566512,0.00019487479294566512,-2.7288504854925416e-05
C,2024-01-19,2024-01-19 12:54:00,0.000681928884559202,0.000681928884559202,3.669434846409327e-05
C,2024-01-19,2024-01-19 12:55:00,0.0008761682242990343,0.0008761682242990343,-3.540733361296616e-05
C,2024-01-19,2024-01-19 12:56:00,9.726680284005695e-05,9.726680284005695e-05,-0.00015256261357627764
C,2024-01-19,2024-01-19 12:57:00,-9.725734292931332e-05,-9.725734292931332e-05,-9.021394252958589e-06
C,2024-01-19,2024-01-19 12:58:00,0.0003890672113606719,0.0003890672113606719,-3.0196301422189143e-05
C,2024-01-19,2024-01-19 12:59:00,0.0,0.0,-8.038022731623077e-06
C,2024-01-19,2024-01-19 13:00:00,-0.0001944579484686182,-0.0001944579484686182,-2.6724962064545383e-05
C,2024-01-19,2024-01-19 13:01:00,0.00019449576971686255,0.00019449576971686255,-4.834163597176551e-05
C,2024-01-19,2024-01-19 13:02:00,-0.0003889158969372364,-0.0003889158969372364,-8.820033982294765e-06
C,2024-01-19,2024-01-19 13:03:00,0.00029180040852061495,0.00029180040852061495,3.3711395264137104e-05
C,2024-01-19,2024-01-19 13:04:00,-0.0005834305717620225,-0.0005834305717620225,1.991658854298666e-05
C,2024-01-19,2024-01-19 13:05:00,-0.00048647596808726323,-0.00048647596808726323,1.8885468737540376e-05
C,2024-01-19,2024-01-19 13:06:00,0.0008760829358513966,0.0008760829358513966,0.0001213257999923483
C,2024-01-19,2024-01-19 13:07:00,-9.725734292931332e-05,-9.725734292931332e-05,-0.0001223525070200942
C,2024-01-19,2024-01-19 13:08:00,-9.7266802840279e-05,-9.7266802840279e-05,3.9105886705011796e-05
C,2024-01-19,2024-01-19 13:09:00,9.727626459143934e-05,9.727626459143934e-05,7.885395821052033e-05
C,2024-01-19,2024-01-19 13:10:00,0.0,0.0,-2.868477454347381e-05
C,2024-01-19,2024-01-19 13:11:00,-0.0003890672113606719,-0.0003890672113606719,7.762348529825407e-06
C,2024-01-19,2024-01-19 13:12:00,0.0003892186435729972,0.0003892186435729972,4.797407986493363e-05
C,2024-01-19,2024-01-19 13:13:00,-0.0003890672113606719,-0.0003890672113606719,-4.172265367118649e-06
C,2024-01-19,2024-01-19 13:14:00,0.0003892186435729972,0.0003892186435729972,-1.1501550627796894e-05
C,2024-01-19,2024-01-19 13:15:00,0.0,0.0,8.293969897453634e-07
C,2024-01-19,2024-01-19 13:16:00,0.0009726680284019018,0.0009726680284019018,-2.404670653458259e-05
C,2024-01-19,2024-01-19 13:17:00,-0.0009717228646389797,-0.0009717228646389797,-0.00022354188901502848
C,2024-01-19,2024-01-19 13:18:00,0.0005836008170412299,0.0005836008170412299,0.0001104372823128994
C,2024-01-19,2024-01-19 13:19:00,-9.721007096341605e-05,-9.721007096341605e-05,-2.4774007057421054e-05
C,2024-01-19,2024-01-19 13:20:00,9.721952167995873e-05,9.721952167995873e-05,-2.0155950428172967e-05
C,2024-01-19,2024-01-19 13:21:00,0.0003888402838532201,0.0003888402838532201,-2.1332757587420485e-05
C,2024-01-19,2024-01-19 13:22:00,-9.717228646377585e-05,-9.717228646377585e-05,-1.7456839616454514e-06
C,2024-01-19,2024-01-19 13:23:00,-9.718172983486095e-05,-9.718172983486095e-05,-3.685652023712197e-05
C,2024-01-19,2024-01-19 13:24:00,0.00019438235008251148,0.00019438235008251148,1.3847194576316102e-05
C,2024-01-19,2024-01-19 13:25:00,0.00019434457292799578,0.00019434457292799578,-1.3070950293802547e-05
C,2024-01-19,2024-01-19 13:26:00,0.0,0.0,7.926972116889622e-06
C,2024-01-19,2024-01-19 13:27:00,0.0005829204313612113,0.0005829204313612113,-1.772935121301249e-05
C,2024-01-19,2024-01-19 13:28:00,-0.0001941936110303466,-0.0001941936110303466,-9.44526454906259e-05
C,2024-01-19,2024-01-19 13:29:00,9.71156647566751e-05,9.71156647566751e-05,-5.948768704120535e-05
C,2024-01-19,2024-01-19 13:30:00,-9.710623422010123e-05,-9.710623422010123e-05,-2.228139282658338e-05
C,2024-01-19,2024-01-19 13:31:00,9.71156647566751e-05,9.71156647566751e-05,-8.129416119823731e-06
C,2024-01-19,2024-01-19 13:32:00,0.0,0.0,-3.559883323284048e-05
C,2024-01-19,2024-01-19 13:33:00,-0.0002913187026607478,-0.0002913187026607478,-6.507243244051965e-05
C,2024-01-19,2024-01-19 13:34:00,0.0003885381253037057,0.0003885381253037057,-1.693507180105119e-05
C,2024-01-19,2024-01-19 13:35:00,0.0,0.0,6.58150268815816e-06
C,2024-01-19,2024-01-19 13:36:00,-0.0010680648606662402,-0.0010680648606662402,-4.074673875240085e-05
C,2024-01-19,2024-01-19 13:37:00,-0.0006804043545878269,-0.0006804043545878269,0.00013866415378956595
C,2024-01-19,2024-01-19 13:38:00,0.0,0.0,7.289633223047553e-05
C,2024-01-19,2024-01-19 13:39:00,-0.0005836008170411189,-0.0005836008170411189,3.123984885769262e-05
C,2024-01-19,2024-01-19 13:40:00,0.0001946472019465073,0.0001946472019465073,7.325437229529938e-05
C,2024-01-19,2024-01-19 13:41:00,-0.0003892186435732192,-0.0003892186435732192,5.623240140502375e-06
C,2024-01-19,2024-01-19 13:42:00,2.220446049250313e-16,2.220446049250313e-16,0.00011140704671651356
C,2024-01-19,2024-01-19 13:43:00,-1.1102230246251565e-16,-1.1102230246251565e-16,3.919951643846403e-05
C,2024-01-19,2024-01-19 13:44:00,-0.00019468509685560687,-0.00019468509685560687,-3.34045079158662e-05
C,2024-01-19,2024-01-19 13:45:00,0.0,0.0,-4.886949989379178e-05
C,2024-01-19,2024-01-19 13:46:00,0.00019472300652312313,0.00019472300652312313,-3.952001063704016e-05
C,2024-01-19,2024-01-19 13:47:00,0.00038937019371187986,0.00038937019371187986,3.161154961622327e-05
C,2024-01-19,2024-01-19 13:48:00,0.00048652330446619096,0.00048652330446619096,-4.020740025939706e-05
C,2024-01-19,2024-01-19 13:49:00,-0.000291772028788162,-0.000291772028788162,-5.043491337017012e-05
C,2024-01-19,2024-01-19 13:50:00,-0.0003891429127346191,-0.0003891429127346191,-1.7649478574332364e-07
C,2024-01-19,2024-01-19 13:51:00,0.00029197080291964994,0.00029197080291964994,2.196515869467023e-06
C,2024-01-19,2024-01-19 13:52:00,-9.729519361734162e-05,-9.729519361734162e-05,-5.947585947248447e-05
C,2024-01-19,2024-01-19 13:53:00,9.730466089319378e-05,9.730466089319378e-05,-1.9098231831309774e-05
C,2024-01-19,2024-01-19 13:54:00,0.001070247129791868,0.001070247129791868,-3.736517785575412e-05
C,2024-01-19,2024-01-19 13:55:00,0.0,0.0,-0.0002700671996450335
C,2024-01-19,2024-01-19 13:56:00,0.0,0.0,-6.092456904774617e-05
C,2024-01-19,2024-01-19 13:57:00,-0.0005831470502478675,-0.0005831470502478675,3.5814580440682905e-06
C,2024-01-19,2024-01-19 13:58:00,-0.0007779830788680053,-0.0007779830788680053,-2.6240137187977515e-06
C,2024-01-19,2024-01-19 13:59:00,0.0001946472019465073,0.0001946472019465073,5.399225257498136e-05
C,2024-01-19,2024-01-19 14:00:00,-0.0001946093217866096,-0.0001946093217866096,7.090156888756788e-07
C,2024-01-19,2024-01-19 14:01:00,0.00048661800486615725,0.00048661800486615725,4.1172666856872326e-05
C,2024-01-19,2024-01-19 14:02:00,0.0006809338521400754,0.0006809338521400754,5.290108051767798e-05
C,2024-01-19,2024-01-19 14:03:00,-0.0005832604257801632,-0.0005832604257801632,-1.3743937946797796e-05
C,2024-01-19,2024-01-19 14:04:00,-0.00019453360568044697,-0.00019453360568044697,2.0930088236862544e-05
C,2024-01-19,2024-01-19 14:05:00,-9.728572818357151e-05,-9.728572818357151e-05,1.790600496608858e-05
C,2024-01-19,2024-01-19 14:06:00,0.0001945903872349053,0.0001945903872349053,-2.1445574446042267e-05
C,2024-01-19,2024-01-19 14:07:00,0.00029182879377431803,0.00029182879377431803,-3.185709985570056e-05
C,2024-01-19,2024-01-19 14:08:00,0.0003889915394341692,0.0003889915394341692,-3.274065660363222e-05
C,2024-01-19,2024-01-19 14:09:00,0.00019442014192661006,0.00019442014192661006,-2.2832584658062958e-05
C,2024-01-19,2024-01-19 14:10:00,-0.0001943823500826225,-0.0001943823500826225,-3.596080048783716e-05
C,2024-01-19,2024-01-19 14:11:00,-0.0002916302128900261,-0.0002916302128900261,3.8876599947437025e-05
C,2024-01-19,2024-01-19 14:12:00,0.00029171528588101125,0.00029171528588101125,3.515629911029886e-05
C,2024-01-19,2024-01-19 14:13:00,0.0,0.0,2.4984471730398596e-05
C,2024-01-19,2024-01-19 14:14:00,0.0007776805677066623,0.0007776805677066623,-5.341275365248287e-05
C,2024-01-19,2024-01-19 14:15:00,-0.0002914035939775017,-0.0002914035939775017,-6.177186621793834e-05
C,2024-01-19,2024-01-19 14:16:00,0.0005829770695684466,0.0005829770695684466,-5.754546934311962e-06
C,2024-01-19,2024-01-19 14:17:00,-0.00048553117110106125,-0.00048553117110106125,-4.26775974177971e-05
C,2024-01-19,2024-01-19 14:18:00,-0.0003886136209074742,-0.0003886136209074742,-1.3910034011308575e-05
C,2024-01-19,2024-01-19 14:19:00,9.719117504136676e-05,9.719117504136676e-05,2.8961139074788005e-05
C,2024-01-19,2024-01-19 14:20:00,9.718172983474993e-05,9.718172983474993e-05,3.089332848222392e-05
C,2024-01-19,2024-01-19 14:21:00,9.717228646399789e-05,9.717228646399789e-05,-4.534218726177753e-05
C,2024-01-19,2024-01-19 14:22:00,-9.716284492811145e-05,-9.716284492811145e-05,-1.4552006784643513e-05
C,2024-01-19,2024-01-19 14:23:00,0.00019434457292799578,0.00019434457292799578,-7.192682296354651e-06
C,2024-01-19,2024-01-19 14:24:00,0.00019430681045351506,0.00019430681045351506,-3.023120146825406e-05
C,2024-01-19,2024-01-19 14:25:00,-9.713453132575989e-05,-9.713453132575989e-05,-5.5390266589615424e-05
C,2024-01-19,2024-01-19 14:26:00,0.00019428793471942818,0.00019428793471942818,-2.0034021512373573e-05
C,2024-01-19,2024-01-19 14:27:00,9.712509712511697e-05,9.712509712511697e-05,-3.628464143508927e-05
C,2024-01-19,2024-01-19 14:28:00,-0.0015538506361075788,-0.0015538506361075788,-2.7504764715296626e-05
C,2024-01-19,2024-01-19 14:29:00,-0.0005836008170411189,-0.0005836008170411189,0.00027745141820715284
C,2024-01-19,2024-01-19 14:30:00,0.0,0.0,0.00014805508040474554
C,2024-01-19,2024-01-19 14:31:00,0.0008759124087591719,0.0008759124087591719,0.0001050968877870688
C,2024-01-19,2024-01-19 14:32:00,0.000777907429015734,0.000777907429015734,-9.013048029836509e-05
C,2024-01-19,2024-01-19 14:33:00,-0.0004858142246403352,-0.0004858142246403352,-6.418947820858869e-05
C,2024-01-19,2024-01-19 14:34:00,-0.0006804704967435793,-0.0006804704967435793,-3.26921561391127e-05
C,2024-01-19,2024-01-19 14:35:00,0.0010700389105058328,0.0010700389105058328,6.134950982793238e-05
C,2024-01-19,2024-01-19 14:36:00,-0.00048586143231943435,-0.00048586143231943435,-0.00023369804907189557
C,2024-01-19,2024-01-19 14:37:00,0.001069414738479546,0.001069414738479546,-2.324242069856778e-06
C,2024-01-19,2024-01-19 14:38:00,0.0005826939885402727,0.0005826939885402727,-0.00023012748179503171
C,2024-01-19,2024-01-19 14:39:00,0.000776472871979017,0.000776472871979017,-2.934137014516421e-06
C,2024-01-19,2024-01-19 14:40:00,0.0007758704296383367,0.0007758704296383367,-7.220854364473204e-05
C,2024-01-19,2024-01-19 14:41:00,-0.0003876344607034454,-0.0003876344607034454,-6.899795014942906e-05
C,2024-01-19,2024-01-19 14:42:00,9.6946194861669e-05,9.6946194861669e-05,-4.656303581156762e-05
C,2024-01-19,2024-01-19 14:43:00,9.69367972083468e-05,9.69367972083468e-05,1.0354684976055224e-05
C,2024-01-19,2024-01-19 14:44:00,0.00038770960550560396,0.00038770960550560396,-8.80177427602979e-06
C,2024-01-19,2024-01-19 14:45:00,0.0,0.0,-2.6279304450340007e-05
C,2024-01-19,2024-01-19 14:46:00,-0.0003875593450247683,-0.0003875593450247683,-8.31721980504573e-05
C,2024-01-19,2024-01-19 14:47:00,0.0015508384220219718,0.0015508384220219718,-4.2616295602520475e-05
C,2024-01-19,2024-01-19 14:48:00,0.0001935546307945124,0.0001935546307945124,-0.00030418334216855285
C,2024-01-19,2024-01-19 14:49:00,-0.0007740686985968637,-0.0007740686985968637,-3.424031307807366e-05
C,2024-01-19,2024-01-19 14:50:00,-0.0011620025176721782,-0.0011620025176721782,1.5336223726830807e-05
C,2024-01-19,2024-01-19 14:51:00,-0.0007755695588949063,-0.0007755695588949063,0.00019351703678594233
C,2024-01-19,2024-01-19 14:52:00,0.0005821286504317236,0.0005821286504317236,0.00013750317810166121
C,2024-01-19,2024-01-19 14:53:00,-0.00038785998254620146,-0.00038785998254620146,1.4542850624634268e-05
C,2024-01-19,2024-01-19 14:54:00,0.0010670288097778258,0.0010670288097778258,0.00010495703392686673
C,2024-01-19,2024-01-19 14:55:00,-0.00029069767441858296,-0.00029069767441858296,-0.00020193687225527324
C,2024-01-19,2024-01-19 14:56:00,-0.0007754192110109859,-0.0007754192110109859,8.359057675363577e-06
C,2024-01-19,2024-01-19 14:57:00,0.0,0.0,4.201211049843679e-05
C,2024-01-19,2024-01-19 14:58:00,9.700261907052976e-05,9.700261907052976e-05,2.2453727951920165e-05
C,2024-01-19,2024-01-19 14:59:00,-9.69932104751825e-05,-9.69932104751825e-05,-2.9441276167729396e-05
C,2024-01-19,2024-01-19 15:00:00,0.0006790183334950406,0.0006790183334950406,3.6066696127088044e-06
C,2024-01-19,2024-01-19 15:01:00,0.0002908103916245963,0.0002908103916245963,-6.686183077910986e-05
C,2024-01-19,2024-01-19 15:02:00,0.00048454307587952883,0.00048454307587952883,-2.11548251230347e-05
C,2024-01-19,2024-01-19 15:03:00,-0.0010654784967067954,-0.0010654784967067954,-2.528782461303218e-05
C,2024-01-19,2024-01-19 15:04:00,9.696499563660588e-05,9.696499563660588e-05,5.661074852736451e-05
C,2024-01-19,2024-01-19 15:05:00,-0.0004847779716888878,-0.0004847779716888878,1.2531706909381937e-05
C,2024-01-19,2024-01-19 15:06:00,0.00019400523814128157,0.00019400523814128157,7.027764969045881e-06
C,2024-01-19,2024-01-19 15:07:00,-0.00038793521481916837,-0.00038793521481916837,1.930441924308753e-06
C,2024-01-19,2024-01-19 15:08:00,0.0001940428834772412,0.0001940428834772412,5.916151171907584e-05
C,2024-01-19,2024-01-19 15:09:00,0.0,0.0,-3.079406510781362e-05
C,2024-01-19,2024-01-19 15:10:00,0.0003880104762827852,0.0003880104762827852,1.1546430490067495e-05
C,2024-01-19,2024-01-19 15:11:00,-0.00019392999127310073,-0.00019392999127310073,-9.388031015136247e-06
C,2024-01-19,2024-01-19 15:12:00,-0.0002909514111143485,-0.0002909514111143485,-2.888513994801599e-05
C,2024-01-19,2024-01-19 15:13:00,-0.00029103608847480533,-0.00029103608847480533,6.213306697811994e-06
C,2024-01-19,2024-01-19 15:14:00,0.0005822416302765365,0.0005822416302765365,-5.619203460343921e-06
C,2024-01-19,2024-01-19 15:15:00,-0.00038793521481916837,-0.00038793521481916837,-2.2725876908324132e-05
C,2024-01-19,2024-01-19 15:16:00,-0.0002910643252158618,-0.0002910643252158618,-9.536205494677565e-06
C,2024-01-19,2024-01-19 15:17:00,-0.0004852484472047669,-0.0004852484472047669,1.1582625199765948e-05
C,2024-01-19,2024-01-19 15:18:00,0.00019419361103012456,0.00019419361103012456,1.4426323014300951e-05
C,2024-01-19,2024-01-19 15:19:00,0.00029123386079032976,0.00029123386079032976,2.106750704908806e-05
C,2024-01-19,2024-01-19 15:20:00,-0.0008734472049689579,-0.0008734472049689579,3.170426739781989e-05
C,2024-01-19,2024-01-19 15:21:00,0.0003885381253037057,0.0003885381253037057,0.00011468985348257037
C,2024-01-19,2024-01-19 15:22:00,-0.0001941936110303466,-0.0001941936110303466,-8.872365021584106e-06
C,2024-01-19,2024-01-19 15:23:00,-0.00019423132951357225,-0.00019423132951357225,-2.8766823119741148e-05
C,2024-01-19,2024-01-19 15:24:00,0.00019426906265196386,0.00019426906265196386,-2.962938310127872e-05
C,2024-01-19,2024-01-19 15:25:00,9.71156647566751e-05,9.71156647566751e-05,6.383520373705551e-05
C,2024-01-19,2024-01-19 15:26:00,0.00019421246844064655,0.00019421246844064655,-2.4264073982244915e-05
C,2024-01-19,2024-01-19 15:27:00,9.70873786407811e-05,9.70873786407811e-05,1.8703438428125615e-05
C,2024-01-19,2024-01-19 15:28:00,0.00019415590719362719,0.00019415590719362719,-6.777912219447764e-05
C,2024-01-19,2024-01-19 15:29:00,-0.0004852955449869967,-0.0004852955449869967,-8.06633415350486e-05
C,2024-01-19,2024-01-19 15:30:00,0.0,0.0,1.9752096225907444e-05
C,2024-01-19,2024-01-19 15:31:00,0.0002913187026607478,0.0002913187026607478,3.020148183210312e-05
C,2024-01-19,2024-01-19 15:32:00,0.0,0.0,-5.5509174055910574e-05
C,2024-01-19,2024-01-19 15:33:00,9.707795359692462e-05,9.707795359692462e-05,4.8538502533871365e-06
C,2024-01-19,2024-01-19 15:34:00,-0.0002912055911473699,-0.0002912055911473699,-2.3761462701855497e-06
C,2024-01-19,2024-01-19 15:35:00,9.709680551495126e-05,9.709680551495126e-05,-1.9422521847947265e-05
C,2024-01-19,2024-01-19 15:36:00,9.70873786407811e-05,9.70873786407811e-05,-8.201348207148733e-05
C,2024-01-19,2024-01-19 15:37:00,-0.00019415590719340514,-0.00019415590719340514,-4.595604687554224e-05
C,2024-01-19,2024-01-19 15:38:00,-0.00019419361103012456,-0.00019419361103012456,-4.003936097434137e-05
C,2024-01-19,2024-01-19 15:39:00,-0.0005826939885403837,-0.0005826939885403837,-5.263280151077887e-06
C,2024-01-19,2024-01-19 15:40:00,0.00029151685939177163,0.00029151685939177163,5.198900592807325e-05
C,2024-01-19,2024-01-19 15:41:00,-9.714396735949204e-05,-9.714396735949204e-05,1.932751654420261e-05
C,2024-01-19,2024-01-19 15:42:00,-0.0003886136209074742,-0.0003886136209074742,-2.8876890772222934e-05
C,2024-01-19,2024-01-19 15:43:00,-0.00029157352512387824,-0.00029157352512387824,6.914142696724382e-05
C,2024-01-19,2024-01-19 15:44:00,0.00048609760839979366,0.00048609760839979366,4.11796726229535e-05
C,2024-01-19,2024-01-19 15:45:00,0.0005830337187833212,0.0005830337187833212,1.5396493646162013e-05
C,2024-01-19,2024-01-19 15:46:00,-0.0005826939885403837,-0.0005826939885403837,-2.6076399544835916e-05
C,2024-01-19,2024-01-19 15:47:00,0.00019434457292799578,0.00019434457292799578,5.6885539528411465e-05
C,2024-01-19,2024-01-19 15:48:00,-0.006412124744972325,-0.0031269438185226373,2.7746949024211093e-05
C,2024-01-19,2024-01-19 15:49:00,0.00684462696783017,0.0030976230814392094,0.00036388929006813
C,2024-01-19,2024-01-19 15:50:00,9.71156647566751e-05,9.71156647566751e-05,-0.00028486501623424385
C,2024-01-19,2024-01-19 15:51:00,-9.710623422010123e-05,-9.710623422010123e-05,1.1486967313134369e-05
C,2024-01-19,2024-01-19 15:52:00,0.00019423132951357225,0.00019423132951357225,3.2843389352406744e-05
C,2024-01-19,2024-01-19 15:53:00,0.00029129041654529786,0.00029129041654529786,5.950773365090946e-05
C,2024-01-19,2024-01-19 15:54:00,-0.0002912055911473699,-0.0002912055911473699,-1.87806402202449e-05
C,2024-01-19,2024-01-19 15:55:00,0.0,0.0,6.421735206067022e-06
C,2024-01-19,2024-01-19 15:56:00,0.009806777357024954,0.0030976230814392094,2.82054135029206e-05
C,2024-01-19,2024-01-19 15:57:00,-0.009326923076923066,-0.0031269438185226373,-0.0003206387065187542
C,2024-01-19,2024-01-19 15:58:00,0.0003882364359895085,0.0003882364359895085,0.00019609833216143734
C,2024-01-22,2024-01-22 09:40:00,0.0019965772960637285,0.0019965772960637285,0.00010581099066748963
C,2024-01-22,2024-01-22 09:41:00,-0.000569313976658159,-0.000569313976658159,-0.0003345927405667146
C,2024-01-22,2024-01-22 09:42:00,-0.00066457799297448,-0.00066457799297448,0.00013951321951721776
C,2024-01-22,2024-01-22 09:43:00,0.0012350370511116093,0.0012350370511116093,0.00011258195999653531
C,2024-01-22,2024-01-22 09:44:00,-0.002372141569409014,-0.002372141569409014,-0.00029122344901680194
C,2024-01-22,2024-01-22 09:45:00,0.002568004565341564,0.002568004565341564,0.00028616197204603036
C,2024-01-22,2024-01-22 09:46:00,-0.0017076178730671687,-0.0017076178730671687,-0.0002570654555082621
C,2024-01-22,2024-01-22 09:47:00,-0.0007602394754345765,-0.0007602394754345765,0.00031341131426984863
C,2024-01-22,2024-01-22 09:48:00,0.0005706134094152215,0.0005706134094152215,0.00019260952412899915
C,2024-01-22,2024-01-22 09:49:00,0.0008554319931564081,0.0008554319931564081,2.2214314131930714e-05
C,2024-01-22,2024-01-22 09:50:00,-0.001044634377967757,-0.001044634377967757,-7.57496793627621e-05
C,2024-01-22,2024-01-22 09:51:00,0.0020914535602243323,0.0020914535602243323,0.00014869055385609878
C,2024-01-22,2024-01-22 09:52:00,0.0003794706384592228,0.0003794706384592228,-0.0002823519448627209
C,2024-01-22,2024-01-22 09:53:00,0.000948316737790611,0.000948316737790611,2.7163066460021013e-05
C,2024-01-22,2024-01-22 09:54:00,0.0008526764566554323,0.0008526764566554323,-0.00022080321274084422
C,2024-01-22,2024-01-22 09:55:00,-0.0004733055660733898,-0.0004733055660733898,-0.00010753110054862723
C,2024-01-22,2024-01-22 09:56:00,0.00018941187612453447,0.00018941187612453447,3.111162177822659e-05
C,2024-01-22,2024-01-22 09:57:00,-0.0010415680333302202,-0.0010415680333302202,6.50777099191441e-05
C,2024-01-22,2024-01-22 09:58:00,-0.0007582938388625005,-0.0007582938388625005,0.0001356916565581868
C,2024-01-22,2024-01-22 09:59:00,0.0023714665148928393,0.0023714665148928393,0.00023818830352721645
C,2024-01-22,2024-01-22 10:00:00,-0.0017980505346835152,-0.0017980505346835152,-0.0002756068298351301
C,2024-01-22,2024-01-22 10:01:00,0.0006636329161928689,0.0006636329161928689,0.00029891325344194917
C,2024-01-22,2024-01-22 10:02:00,-0.001894836570345948,-0.001894836570345948,1.2151763480459309e-05
C,2024-01-22,2024-01-22 10:03:00,-0.001328903654484903,-0.001328903654484903,0.0003242703734546187
C,2024-01-22,2024-01-22 10:04:00,-0.001235623990115009,-0.001235623990115009,0.0003084422767208383
C,2024-01-22,2024-01-22 10:05:00,0.0011419870574800317,0.0011419870574800317,0.00031678080345782665
C,2024-01-22,2024-01-22 10:06:00,9.505703422063583e-05,9.505703422063583e-05,-0.00017183070853756715
C,2024-01-22,2024-01-22 10:07:00,0.0011405759908753588,0.0011405759908753588,0.00011722806048866427
C,2024-01-22,2024-01-22 10:08:00,0.00037975885312824254,0.00037975885312824254,-0.00024507564222012054
C,2024-01-22,2024-01-22 10:09:00,0.000569422036632794,0.000569422036632794,1.3632485753734866e-05
C,2024-01-22,2024-01-22 10:10:00,0.0008536469695532567,0.0008536469695532567,-7.851552971900017e-05
C,2024-01-22,2024-01-22 10:11:00,-9.476876421554703e-05,-9.476876421554703e-05,-0.00012015160788136357
C,2024-01-22,2024-01-22 10:12:00,-0.00018955549237020808,-0.00018955549237020808,-3.809438466064892e-06
C,2024-01-22,2024-01-22 10:13:00,0.0001895914304672619,0.0001895914304672619,0.0001093704905352451
C,2024-01-22,2024-01-22 10:14:00,0.0011373329542223587,0.0011373329542223587,4.378511822527079e-05
C,2024-01-22,2024-01-22 10:15:00,9.467007478947131e-05,9.467007478947131e-05,-0.00026542938429783197
C,2024-01-22,2024-01-22 10:16:00,-0.0004733055660733898,-0.0004733055660733898,8.234685746101563e-05
C,2024-01-22,2024-01-22 10:17:00,-0.0008523534425608492,-0.0008523534425608492,0.00012701076125121562
C,2024-01-22,2024-01-22 10:18:00,0.0006635071090046463,0.0006635071090046463,0.00018948946612670715
C,2024-01-22,2024-01-22 10:19:00,0.0006630671592309234,0.0006630671592309234,-2.0887285385843146e-05
C,2024-01-22,2024-01-22 10:20:00,-9.466111321476678e-05,-9.466111321476678e-05,-4.632680252464639e-05
C,2024-01-22,2024-01-22 10:21:00,0.00018934014957872058,0.00018934014957872058,8.262514003623475e-05
C,2024-01-22,2024-01-22 10:22:00,9.465215333648302e-05,9.465215333648302e-05,0.00012167512513284743
C,2024-01-22,2024-01-22 10:23:00,0.0009464319515426478,0.0009464319515426478,0.000113320358952217
C,2024-01-22,2024-01-22 10:24:00,0.0012291981845689026,0.0012291981845689026,-0.0002066454873188841
C,2024-01-22,2024-01-22 10:25:00,-0.00018887524789867882,-0.00018887524789867882,-0.0002909369026510718
C,2024-01-22,2024-01-22 10:26:00,-0.0008500991782375289,-0.0008500991782375289,2.4523784192984683e-05
C,2024-01-22,2024-01-22 10:27:00,-0.0005672149744753163,-0.0005672149744753163,0.00014864955497421417
C,2024-01-22,2024-01-22 10:28:00,0.00028376844494903963,0.00028376844494903963,9.7066012344386e-05
C,2024-01-22,2024-01-22 10:29:00,0.0,0.0,2.6029200533992492e-05
C,2024-01-22,2024-01-22 10:30:00,-0.00047281323877068626,-0.00047281323877068626,3.539887527448958e-05
C,2024-01-22,2024-01-22 10:31:00,-0.0016083254493850507,-0.0016083254493850507,6.739855864564956e-05
C,2024-01-22,2024-01-22 10:32:00,0.00047379891973853283,0.00047379891973853283,0.0002323325126247309
C,2024-01-22,2024-01-22 10:33:00,-0.0006630043568858213,-0.0006630043568858213,3.3892247373107607e-06
C,2024-01-22,2024-01-22 10:34:00,-0.0014216661927778373,-0.0014216661927778373,7.100530736757032e-05
C,2024-01-22,2024-01-22 10:35:00,0.0004745634016705136,0.0004745634016705136,0.0002883068845500741
C,2024-01-22,2024-01-22 10:36:00,-9.486765961475019e-05,-9.486765961475019e-05,6.213034896669967e-05
C,2024-01-22,2024-01-22 10:37:00,-9.487666034158071e-05,-9.487666034158071e-05,3.8282427089541505e-05
C,2024-01-22,2024-01-22 10:38:00,-0.0009488566277636723,-0.0009488566277636723,6.618253374488133e-07
C,2024-01-22,2024-01-22 10:39:00,9.497578117589889e-05,9.497578117589889e-05,0.00010646189175157864
C,2024-01-22,2024-01-22 10:40:00,0.00018993352326690527,0.00018993352326690527,-3.965044248592999e-06
C,2024-01-22,2024-01-22 10:41:00,0.0008545385491833812,0.0008545385491833812,-3.4427789038962525e-05
C,2024-01-22,2024-01-22 10:42:00,0.0007589412769188897,0.0007589412769188897,-0.00013810143677120686
C,2024-01-22,2024-01-22 10:43:00,-0.0007583657218694917,-0.0007583657218694917,-0.00014360497207779112
C,2024-01-22,2024-01-22 10:44:00,0.00018973531922972242,0.00018973531922972242,5.3097091314591085e-05
C,2024-01-22,2024-01-22 10:45:00,0.0,0.0,2.2077643339306993e-05
C,2024-01-22,2024-01-22 10:46:00,-0.0006639476429859403,-0.0006639476429859403,1.8800761469765633e-05
C,2024-01-22,2024-01-22 10:47:00,0.00028473804100226374,0.00028473804100226374,1.2211718689662736e-05
C,2024-01-22,2024-01-22 10:48:00,-0.001138627953316207,-0.001138627953316207,-6.716275702054449e-06
C,2024-01-22,2024-01-22 10:49:00,9.499382540134604e-05,9.499382540134604e-05,0.00017872821140165488
C,2024-01-22,2024-01-22 10:50:00,0.001234802431610893,0.001234802431610893,-4.1211490842099166e-05
C,2024-01-22,2024-01-22 10:51:00,-0.0011384119153781125,-0.0011384119153781125,-0.0003060453774612418
C,2024-01-22,2024-01-22 10:52:00,-0.0005698546870548382,-0.0005698546870548382,0.00015873522799164885
C,2024-01-22,2024-01-22 10:53:00,0.0,0.0,0.00010760605525947566
C,2024-01-22,2024-01-22 10:54:00,-0.00019005986885856085,-0.00019005986885856085,-6.870294050259256e-07
C,2024-01-22,2024-01-22 10:55:00,-0.0005702879954376794,-0.0005702879954376794,-5.586893913355614e-06
C,2024-01-22,2024-01-22 10:56:00,0.0,0.0,8.020587282654002e-05
C,2024-01-22,2024-01-22 10:57:00,-0.0007608178792203324,-0.0007608178792203324,-5.451729681595976e-06
C,2024-01-22,2024-01-22 10:58:00,0.0001903492909489657,0.0001903492909489657,5.365167104037959e-05
C,2024-01-22,2024-01-22 10:59:00,-0.0011418783899515006,-0.0011418783899515006,4.896548988449655e-06
C,2024-01-22,2024-01-22 11:00:00,-0.00019053062779850194,-0.00019053062779850194,0.00026575903325275576
C,2024-01-22,2024-01-22 11:01:00,9.528346831833012e-05,9.528346831833012e-05,4.226876629307783e-06
C,2024-01-22,2024-01-22 11:02:00,-0.00019054878048785362,-0.00019054878048785362,2.6544390412429387e-05
C,2024-01-22,2024-01-22 11:03:00,-0.00038117019249084283,-0.00038117019249084283,-3.599887420652047e-05
C,2024-01-22,2024-01-22 11:04:00,0.0008579599618685485,0.0008579599618685485,2.9177713250211258e-05
C,2024-01-22,2024-01-22 11:05:00,0.0009524716639679465,0.0009524716639679465,-0.00013212778089889321
C,2024-01-22,2024-01-22 11:06:00,0.0,0.0,-0.00026503238570226657
C,2024-01-22,2024-01-22 11:07:00,-0.00028546959748787515,-0.00028546959748787515,-4.686526616188342e-05
C,2024-01-22,2024-01-22 11:08:00,0.0002855511136492517,0.0002855511136492517,-2.459374497400072e-05
C,2024-01-22,2024-01-22 11:09:00,0.0006660957274715607,0.0006660957274715607,-2.433441776719737e-05
C,2024-01-22,2024-01-22 11:10:00,-0.0002852795739824998,-0.0002852795739824998,-0.00011005208712031049
C,2024-01-22,2024-01-22 11:11:00,0.00019024065442785343,0.00019024065442785343,-4.8592015806270116e-05
C,2024-01-22,2024-01-22 11:12:00,0.00038040893960999966,0.00038040893960999966,-4.415096752936012e-05
C,2024-01-22,2024-01-22 11:13:00,9.506607091935848e-05,9.506607091935848e-05,-1.9048508721344128e-05
C,2024-01-22,2024-01-22 11:14:00,0.0002851711026614634,0.0002851711026614634,4.728338535764369e-05
C,2024-01-22,2024-01-22 11:15:00,0.0009502993442935814,0.0009502993442935814,2.972007181312487e-06
C,2024-01-22,2024-01-22 11:16:00,-0.0005696382796922528,-0.0005696382796922528,-0.00024291191011001261
C,2024-01-22,2024-01-22 11:17:00,9.499382540134604e-05,9.499382540134604e-05,3.2867854624241305e-05
C,2024-01-22,2024-01-22 11:18:00,9.498480243141927e-05,9.498480243141927e-05,5.485580309348289e-05
C,2024-01-22,2024-01-22 11:19:00,-0.0007598062494063029,-0.0007598062494063029,-7.053617944422938e-06
C,2024-01-22,2024-01-22 11:20:00,-0.0009504799923962803,-0.0009504799923962803,1.789888880694999e-05
C,2024-01-22,2024-01-22 11:21:00,-0.0013319379697459555,-0.0013319379697459555,6.31825282976107e-05
C,2024-01-22,2024-01-22 11:22:00,0.00028579594169753086,0.00028579594169753086,0.00028576662469387705
C,2024-01-22,2024-01-22 11:23:00,0.00019047619047629638,0.00019047619047629638,-1.2751597642029202e-05
C,2024-01-22,2024-01-22 11:24:00,0.0009521995810322093,0.0009521995810322093,-1.551060414979345e-05
C,2024-01-22,2024-01-22 11:25:00,0.001046423135464103,0.001046423135464103,-0.00020924584452951635
C,2024-01-22,2024-01-22 11:26:00,-0.00047514967214656867,-0.00047514967214656867,-0.00026179482974490487
C,2024-01-22,2024-01-22 11:27:00,0.00028522532800923095,0.00028522532800923095,1.7631609703620695e-05
C,2024-01-22,2024-01-22 11:28:00,-0.00019009599847930048,-0.00019009599847930048,-3.092415132888969e-05
C,2024-01-22,2024-01-22 11:29:00,0.0,0.0,-5.886968979562343e-05
C,2024-01-22,2024-01-22 11:30:00,-0.0002851982127578534,-0.0002851982127578534,-3.802797543525495e-05
C,2024-01-22,2024-01-22 11:31:00,0.0005705591479649996,0.0005705591479649996,-4.8542848448936166e-05
C,2024-01-22,2024-01-22 11:32:00,0.0002851168979280949,0.0002851168979280949,-8.757799285013427e-05
C,2024-01-22,2024-01-22 11:33:00,-0.00019002375296917062,-0.00019002375296917062,-3.4041229634636374e-05
C,2024-01-22,2024-01-22 11:34:00,0.0010453292787229174,0.0010453292787229174,-4.403973482567158e-05
C,2024-01-22,2024-01-22 11:35:00,0.0008543763052970554,0.0008543763052970554,-0.00023741108678383322
C,2024-01-22,2024-01-22 11:36:00,0.0005690979797021711,0.0005690979797021711,-0.0001949440659026175
C,2024-01-22,2024-01-22 11:37:00,0.0001895914304672619,0.0001895914304672619,-0.00014339658612586194
C,2024-01-22,2024-01-22 11:38:00,-0.0003791109847407492,-0.0003791109847407492,-7.653830979510684e-05
C,2024-01-22,2024-01-22 11:39:00,-0.0005688821465820171,-0.0005688821465820171,-7.015780337594843e-07
C,2024-01-22,2024-01-22 11:40:00,-0.000948676596148279,-0.000948676596148279,1.596484069128329e-05
C,2024-01-22,2024-01-22 11:41:00,0.000569746462824039,0.000569746462824039,8.105453236745132e-05
C,2024-01-22,2024-01-22 11:42:00,-0.0016133624371262867,-0.0016133624371262867,-3.722346368844874e-05
C,2024-01-22,2024-01-22 11:43:00,0.0,0.0,0.0002606604837087131
C,2024-01-22,2024-01-22 11:44:00,0.0012357414448669335,0.0012357414448669335,4.5502171734367665e-05
C,2024-01-22,2024-01-22 11:45:00,-0.0002848191398462374,-0.0002848191398462374,-0.0002831650152004862
C,2024-01-22,2024-01-22 11:46:00,0.0002849002849003579,0.0002849002849003579,-3.5603872135203524e-05
C,2024-01-22,2024-01-22 11:47:00,0.0002848191398461264,0.0002848191398461264,-1.4613635942531192e-05
C,2024-01-22,2024-01-22 11:48:00,0.00028473804100226374,0.00028473804100226374,-6.749770779637513e-05
C,2024-01-22,2024-01-22 11:49:00,-1.1102230246251565e-16,-1.1102230246251565e-16,7.667893987908815e-06
C,2024-01-22,2024-01-22 11:50:00,0.0012335136160928073,0.0012335136160928073,-5.51141590257986e-06
C,2024-01-22,2024-01-22 11:51:00,0.00018953752843042793,0.00018953752843042793,-0.0003185146482399947
C,2024-01-22,2024-01-22 11:52:00,0.0002842524161454918,0.0002842524161454918,-5.572427749425612e-06
C,2024-01-22,2024-01-22 11:53:00,0.0008525149190110604,0.0008525149190110604,-2.534011641042918e-05
C,2024-01-22,2024-01-22 11:54:00,-0.0006625023660797869,-0.0006625023660797869,-0.00016226309900213782
C,2024-01-22,2024-01-22 11:55:00,0.0009470593806231165,0.0009470593806231165,-1.543724878952109e-06
C,2024-01-22,2024-01-22 11:56:00,-0.0018923266155737029,-0.0018923266155737029,-0.0002503435301751799
C,2024-01-22,2024-01-22 11:57:00,0.0008531614371030116,0.0008531614371030116,0.00020763162677004394
C,2024-01-22,2024-01-22 11:58:00,-0.0008524341731387386,-0.0008524341731387386,-0.00014443560688797344
C,2024-01-22,2024-01-22 11:59:00,0.0005687742914020077,0.0005687742914020077,4.8395158260267785e-05
C,2024-01-22,2024-01-22 12:00:00,0.0006631927996210152,0.0006631927996210152,-2.080394101080996e-05
C,2024-01-22,2024-01-22 12:01:00,-0.00047339519030498156,-0.00047339519030498156,-0.00010575979688832193
C,2024-01-22,2024-01-22 12:02:00,0.0005683432793406329,0.0005683432793406329,-5.698519647870018e-05
C,2024-01-22,2024-01-22 12:03:00,0.0,0.0,-1.106580259272652e-05
C,2024-01-22,2024-01-22 12:04:00,-0.0002840102243680809,-0.0002840102243680809,-1.819667183695232e-05
C,2024-01-22,2024-01-22 12:05:00,9.469696969710562e-05,9.469696969710562e-05,9.846111881440443e-06
C,2024-01-22,2024-01-22 12:06:00,-0.00047344001515003953,-0.00047344001515003953,4.96160353706515e-05
C,2024-01-22,2024-01-22 12:07:00,0.0,0.0,5.960587541970353e-05
C,2024-01-22,2024-01-22 12:08:00,-0.00018946570670719254,-0.00018946570670719254,6.611158503284113e-06
C,2024-01-22,2024-01-22 12:09:00,9.475080538212666e-05,9.475080538212666e-05,-1.2934558193700816e-05
C,2024-01-22,2024-01-22 12:10:00,9.474182851709756e-05,9.474182851709756e-05,3.060811894348409e-05
C,2024-01-22,2024-01-22 12:11:00,0.00028419856006056676,0.00028419856006056676,-4.862823720801801e-05
C,2024-01-22,2024-01-22 12:12:00,9.470593806226724e-05,9.470593806226724e-05,-5.444951217822064e-05
C,2024-01-22,2024-01-22 12:13:00,0.00028409090909087276,0.00028409090909087276,-4.677099941543436e-05
C,2024-01-22,2024-01-22 12:14:00,-0.00018934014957872058,-0.00018934014957872058,-9.228868566267495e-05
C,2024-01-22,2024-01-22 12:15:00,-0.0001893760060599492,-0.0001893760060599492,-2.0705197607985472e-05
C,2024-01-22,2024-01-22 12:16:00,0.00018941187612453447,0.00018941187612453447,9.481349082276644e-06
C,2024-01-22,2024-01-22 12:17:00,0.0,0.0,1.637467950108014e-05
C,2024-01-22,2024-01-22 12:18:00,0.0007575040242400188,0.0007575040242400188,-5.127431988525184e-06
C,2024-01-22,2024-01-22 12:19:00,9.461633077867404e-05,9.461633077867404e-05,-0.00010800450277307252
C,2024-01-22,2024-01-22 12:20:00,0.0002838221381267214,0.0002838221381267214,-5.1171444981852874e-05
C,2024-01-22,2024-01-22 12:21:00,0.00037832214130362196,0.00037832214130362196,-4.540957095855965e-05
C,2024-01-22,2024-01-22 12:22:00,0.0005672686016828798,0.0005672686016828798,-4.315869393358731e-05
C,2024-01-22,2024-01-22 12:23:00,9.449116507620481e-05,9.449116507620481e-05,-6.011112246769622e-05
C,2024-01-22,2024-01-22 12:24:00,-0.00028344671201818716,-0.00028344671201818716,2.6947410613218026e-05
C,2024-01-22,2024-01-22 12:25:00,0.0,0.0,-1.0490712347557878e-05
C,2024-01-22,2024-01-22 12:26:00,0.0003780361024476875,0.0003780361024476875,4.7712695263426834e-05
C,2024-01-22,2024-01-22 12:27:00,9.447331128953351e-05,9.447331128953351e-05,-6.458996637646625e-05
C,2024-01-22,2024-01-22 12:28:00,-0.0004723219346306484,-0.0004723219346306484,-4.4232324585779925e-05
C,2024-01-22,2024-01-22 12:29:00,-0.0005670541536716422,-0.0005670541536716422,-2.4560295574808415e-05
C,2024-01-22,2024-01-22 12:30:00,-0.00018912529550840773,-0.00018912529550840773,2.543649689143329e-05
C,2024-01-22,2024-01-22 12:31:00,0.0,0.0,6.219952616412204e-06
C,2024-01-22,2024-01-22 12:32:00,0.0005674832119550999,0.0005674832119550999,5.02423505537148e-06
C,2024-01-22,2024-01-22 12:33:00,-0.00047263446450507285,-0.00047263446450507285,-9.692767847125595e-05
C,2024-01-22,2024-01-22 12:34:00,-0.00018914318138840702,-0.00018914318138840702,-2.770721271884723e-05
C,2024-01-22,2024-01-22 12:35:00,0.0004729474082483254,0.0004729474082483254,-9.825057017632816e-06
C,2024-01-22,2024-01-22 12:36:00,0.00018908953389429328,0.00018908953389429328,4.069363574790606e-06
C,2024-01-22,2024-01-22 12:37:00,9.452689290090355e-05,9.452689290090355e-05,-3.4153047880088325e-05
C,2024-01-22,2024-01-22 12:38:00,0.0002835538752363753,0.0002835538752363753,-2.5281044734571325e-07
C,2024-01-22,2024-01-22 12:39:00,9.449116507620481e-05,9.449116507620481e-05,-1.7474749513043368e-05
C,2024-01-22,2024-01-22 12:40:00,0.00028344671201807614,0.00028344671201807614,-4.4495952563541006e-05
C,2024-01-22,2024-01-22 12:41:00,-0.0008500991782375289,-0.0008500991782375289,-6.4451753043225424e-06
C,2024-01-22,2024-01-22 12:42:00,-0.00028360748723765816,-0.00028360748723765816,7.994459469073086e-05
C,2024-01-22,2024-01-22 12:43:00,9.456264775398182e-05,9.456264775398182e-05,4.8490178298807764e-05
C,2024-01-22,2024-01-22 12:44:00,-0.00018910741301036982,-0.00018910741301036982,1.0939750427727852e-05
C,2024-01-22,2024-01-22 12:45:00,0.0,0.0,-1.5902804016586813e-05
C,2024-01-22,2024-01-22 12:46:00,-9.457159069425902e-05,-9.457159069425902e-05,7.9384252085133e-06
C,2024-01-22,2024-01-22 12:47:00,-0.00018916107065158894,-0.00018916107065158894,-3.162795420770512e-05
C,2024-01-22,2024-01-22 12:48:00,0.0006621890076623504,0.0006621890076623504,-1.655903889899502e-05
C,2024-01-22,2024-01-22 12:49:00,-0.00047267914539617095,-0.00047267914539617095,-7.406581072435739e-05
C,2024-01-22,2024-01-22 12:50:00,-0.00018916107065147791,-0.00018916107065147791,-2.1740130036893124e-05
C,2024-01-22,2024-01-22 12:51:00,9.459842966608178e-05,9.459842966608178e-05,2.352794335459782e-05
C,2024-01-22,2024-01-22 12:52:00,9.458948164953185e-05,9.458948164953185e-05,-2.5652754698144247e-05
C,2024-01-22,2024-01-22 12:53:00,0.0,0.0,-4.802996781374778e-05
C,2024-01-22,2024-01-22 12:54:00,0.00018916107065169996,0.00018916107065169996,-3.691514953254362e-05
C,2024-01-22,2024-01-22 12:55:00,-0.00018912529550840773,-0.00018912529550840773,-2.6876270656500577e-05
C,2024-01-22,2024-01-22 12:56:00,0.00018916107065169996,0.00018916107065169996,-3.2769979718929374e-05
C,2024-01-22,2024-01-22 12:57:00,0.0,0.0,-3.074756656408992e-05
C,2024-01-22,2024-01-22 12:58:00,0.0003782505910163714,0.0003782505910163714,-5.527911989543491e-05
C,2024-01-22,2024-01-22 12:59:00,-0.00018905378580202914,-0.00018905378580202914,-7.548539350457311e-05
C,2024-01-22,2024-01-22 13:00:00,-0.00018908953389429328,-0.00018908953389429328,3.7753103704194704e-06
C,2024-01-22,2024-01-22 13:01:00,9.456264775398182e-05,9.456264775398182e-05,2.081518372717407e-05
C,2024-01-22,2024-01-22 13:02:00,0.0002836611195158323,0.0002836611195158323,3.5130495680097016e-05
C,2024-01-22,2024-01-22 13:03:00,0.0,0.0,-2.5303346232260915e-05
C,2024-01-22,2024-01-22 13:04:00,0.0003781075716042803,0.0003781075716042803,-2.915175655910682e-06
C,2024-01-22,2024-01-22 13:05:00,-0.00028347349522817034,-0.00028347349522817034,-8.88854389103861e-06
C,2024-01-22,2024-01-22 13:06:00,0.000945179584121103,0.000945179584121103,-5.312071801787109e-06
C,2024-01-22,2024-01-22 13:07:00,0.00018885741265339817,0.00018885741265339817,-0.00022642244647486906
C,2024-01-22,2024-01-22 13:08:00,0.0006608761329305324,0.0006608761329305324,-1.1859851389524676e-05
C,2024-01-22,2024-01-22 13:09:00,0.0002830455703368706,0.0002830455703368706,-0.00010146254885621193
C,2024-01-22,2024-01-22 13:10:00,0.0001886436521409962,0.0001886436521409962,1.3186935886768056e-06
C,2024-01-22,2024-01-22 13:11:00,0.0,0.0,-2.88663178908314e-05
C,2024-01-22,2024-01-22 13:12:00,0.0008487363259148673,0.0008487363259148673,-3.160143042456882e-05
C,2024-01-22,2024-01-22 13:13:00,0.0,0.0,-0.00014314973897705977
C,2024-01-22,2024-01-22 13:14:00,0.0,0.0,1.822278566315461e-05
C,2024-01-22,2024-01-22 13:15:00,-0.0007537925186090755,-0.0007537925186090755,-4.6147978902955945e-05
C,2024-01-22,2024-01-22 13:16:00,0.00018859028759998786,0.00018859028759998786,4.575482808247137e-05
C,2024-01-22,2024-01-22 13:17:00,-0.00037710945601954204,-0.00037710945601954204,-7.557466706245322e-06
C,2024-01-22,2024-01-22 13:18:00,-0.0009431293030274235,-0.0009431293030274235,2.05183162043703e-06
C,2024-01-22,2024-01-22 13:19:00,0.00018880392712161687,0.00018880392712161687,7.924906820068513e-05
C,2024-01-22,2024-01-22 13:20:00,-0.0009438414346388813,-0.0009438414346388813,-3.657129027350983e-05
C,2024-01-22,2024-01-22 13:21:00,-9.447331128942249e-05,-9.447331128942249e-05,5.891480084056112e-05
C,2024-01-22,2024-01-22 13:22:00,0.000661375661375585,0.000661375661375585,-1.3631623972620552e-05
C,2024-01-22,2024-01-22 13:23:00,-0.0009441979038805615,-0.0009441979038805615,-5.087368177600884e-05
C,2024-01-22,2024-01-22 13:24:00,-0.00018901805122395476,-0.00018901805122395476,8.149547941297421e-05
C,2024-01-22,2024-01-22 13:25:00,-0.0007562151432081166,-0.0007562151432081166,3.316257358607578e-05
C,2024-01-22,2024-01-22 13:26:00,-0.0009459842966607068,-0.0009459842966607068,7.604862039841665e-05
C,2024-01-22,2024-01-22 13:27:00,-0.000852192027270049,-0.000852192027270049,8.709154688021056e-05
C,2024-01-22,2024-01-22 13:28:00,-0.00028430629264597496,-0.00028430629264597496,0.0001034484579892653
C,2024-01-22,2024-01-22 13:29:00,-0.0006635700066357497,-0.0006635700066357497,4.229857424682409e-05
C,2024-01-22,2024-01-22 13:30:00,0.0006640106241699861,0.0006640106241699861,8.624584664478576e-05
C,2024-01-22,2024-01-22 13:31:00,0.0001895914304672619,0.0001895914304672619,-6.1994195996893e-05
C,2024-01-22,2024-01-22 13:32:00,0.003032887877926438,0.003032887877926438,1.433451216047639e-05
C,2024-01-22,2024-01-22 13:33:00,-0.0023622791269017895,-0.0023622791269017895,-0.00036124860433156265
C,2024-01-22,2024-01-22 13:34:00,9.471490812651417e-05,9.471490812651417e-05,0.00024427083601846555
C,2024-01-22,2024-01-22 13:35:00,0.000378823752249291,0.000378823752249291,2.600633994129024e-05
C,2024-01-22,2024-01-22 13:36:00,0.0,0.0,-3.991954483603241e-05
C,2024-01-22,2024-01-22 13:37:00,-0.0002840102243680809,-0.0002840102243680809,-2.540382874649776e-05
C,2024-01-22,2024-01-22 13:38:00,0.00047348484848486194,0.00047348484848486194,0.0001061991912404338
C,2024-01-22,2024-01-22 13:39:00,-0.0005679129200188981,-0.0005679129200188981,-3.460895025936936e-05
C,2024-01-22,2024-01-22 13:40:00,9.470593806226724e-05,9.470593806226724e-05,1.9010936139832793e-05
C,2024-01-22,2024-01-22 13:41:00,0.00047348484848486194,0.00047348484848486194,-1.4428468198402047e-05
C,2024-01-22,2024-01-22 13:42:00,0.0002839564600094491,0.0002839564600094491,1.9429582108200428e-06
C,2024-01-22,2024-01-22 13:43:00,-0.00037850113550341735,-0.00037850113550341735,-5.919412423905751e-05
C,2024-01-22,2024-01-22 13:44:00,9.466111321465576e-05,9.466111321465576e-05,-1.2811966352127855e-05
C,2024-01-22,2024-01-22 13:45:00,0.0002839564600094491,0.0002839564600094491,-4.4523873928695856e-05
C,2024-01-22,2024-01-22 13:46:00,0.00028387585162747975,0.00028387585162747975,-1.7562755618800202e-05
C,2024-01-22,2024-01-22 13:47:00,-0.0001891968593322746,-0.0001891968593322746,-4.919545328766822e-05
C,2024-01-22,2024-01-22 13:48:00,-9.461633077856302e-05,-9.461633077856302e-05,-3.689055269798727e-05
C,2024-01-22,2024-01-22 13:49:00,-0.0001892505677517642,-0.0001892505677517642,7.261733748455633e-06
C,2024-01-22,2024-01-22 13:50:00,0.00018928639030857397,0.00018928639030857397,2.0696680161452764e-07
C,2024-01-22,2024-01-22 13:51:00,0.0006623769871307861,0.0006623769871307861,-8.61979312074916e-06
C,2024-01-22,2024-01-22 13:52:00,0.0,0.0,-0.00011105323164158045
C,2024-01-22,2024-01-22 13:53:00,0.0003782505910163714,0.0003782505910163714,-6.214126831054174e-05
C,2024-01-22,2024-01-22 13:54:00,-0.00028358067870315473,-0.00028358067870315473,-1.0535314163496348e-05
C,2024-01-22,2024-01-22 13:55:00,0.000661875945537238,0.000661875945537238,-3.4313775754812725e-05
C,2024-01-22,2024-01-22 13:56:00,-0.0007559293206085282,-0.0007559293206085282,-8.664031006975259e-05
C,2024-01-22,2024-01-22 13:57:00,-0.00018912529550840773,-0.00018912529550840773,5.6436654292515844e-05
C,2024-01-22,2024-01-22 13:58:00,-0.00018916107065147791,-0.00018916107065147791,-5.545325738258327e-06
C,2024-01-22,2024-01-22 13:59:00,0.0003783937186641051,0.0003783937186641051,-1.7339547657565305e-05
C,2024-01-22,2024-01-22 14:00:00,-0.0003782505910164824,-0.0003782505910164824,1.7764099787684488e-05
C,2024-01-22,2024-01-22 14:01:00,0.0005675905779964907,0.0005675905779964907,1.3574131530261713e-05
C,2024-01-22,2024-01-22 14:02:00,0.0007563581355769511,0.0007563581355769511,-1.4614837315023282e-05
C,2024-01-22,2024-01-22 14:03:00,0.0,0.0,-0.00014325273557701655
C,2024-01-22,2024-01-22 14:04:00,0.0,0.0,-2.152656707479691e-05
C,2024-01-22,2024-01-22 14:05:00,0.0,0.0,-4.797565100890851e-05
C,2024-01-22,2024-01-22 14:06:00,-0.00018894662257906703,-0.00018894662257906703,-3.4920666458841034e-05
C,2024-01-22,2024-01-22 14:07:00,0.0,0.0,-4.5249924916896714e-05
C,2024-01-22,2024-01-22 14:08:00,-0.00018898233015207655,-0.00018898233015207655,3.7111433797623505e-05
C,2024-01-22,2024-01-22 14:09:00,0.00018901805122384374,0.00018901805122384374,-5.759665974660205e-06
C,2024-01-22,2024-01-22 14:10:00,0.00018898233015218757,0.00018898233015218757,-3.910670030553585e-05
C,2024-01-22,2024-01-22 14:11:00,0.0005668398677374231,0.0005668398677374231,-3.557851628008466e-05
C,2024-01-22,2024-01-22 14:12:00,-0.0001888395807760901,-0.0001888395807760901,-0.000117635983245026
C,2024-01-22,2024-01-22 14:13:00,-9.443762394945043e-05,-9.443762394945043e-05,-6.037058065403894e-05
C,2024-01-22,2024-01-22 14:14:00,-9.444654325641011e-05,-9.444654325641011e-05,-4.236500806237197e-05
C,2024-01-22,2024-01-22 14:15:00,-0.00018891092849726565,-0.00018891092849726565,-8.473018062800885e-06
C,2024-01-22,2024-01-22 14:16:00,0.0,0.0,-1.975657203265789e-05
C,2024-01-22,2024-01-22 14:17:00,-0.0005668398677374231,-0.0005668398677374231,8.293818657959934e-06
C,2024-01-22,2024-01-22 14:18:00,0.0,0.0,1.801009755833912e-05
C,2024-01-22,2024-01-22 14:19:00,-0.0009452689290102567,-0.0009452689290102567,-2.2205664063379313e-05
C,2024-01-22,2024-01-22 14:20:00,-0.00018923266155734808,-0.00018923266155734808,6.77192646056113e-05
C,2024-01-22,2024-01-22 14:21:00,-0.0007570739093404333,-0.0007570739093404333,8.198189863252501e-05
C,2024-01-22,2024-01-22 14:22:00,0.00018941187612453447,0.00018941187612453447,9.426392678457357e-05
C,2024-01-22,2024-01-22 14:23:00,0.0006628160212100997,0.0006628160212100997,-1.5570198564770758e-06
C,2024-01-22,2024-01-22 14:24:00,-0.00037850113550341735,-0.00037850113550341735,-1.9556329606427923e-05
C,2024-01-22,2024-01-22 14:25:00,-0.0006626277925029234,-0.0006626277925029234,-3.92613045647205e-06
C,2024-01-22,2024-01-22 14:26:00,-0.00018944775978024797,-0.00018944775978024797,7.439956981438951e-05
C,2024-01-22,2024-01-22 14:27:00,2.220446049250313e-16,2.220446049250313e-16,1.0859871053746937e-05
C,2024-01-22,2024-01-22 14:28:00,0.00018948365703441716,0.00018948365703441716,2.483786887793703e-05
C,2024-01-22,2024-01-22 14:29:00,-0.0003788955195603849,-0.0003788955195603849,-9.544597648919e-06
C,2024-01-22,2024-01-22 14:30:00,-0.00018951956789547975,-0.00018951956789547975,6.585805353892718e-05
C,2024-01-22,2024-01-22 14:31:00,-0.0005686664771111793,-0.0005686664771111793,4.8342195841850365e-05
C,2024-01-22,2024-01-22 14:32:00,0.000568990042674189,0.000568990042674189,0.0001638899821460732
C,2024-01-22,2024-01-22 14:33:00,-0.0003791109847407492,-0.0003791109847407492,-1.4155431888561107e-05
C,2024-01-22,2024-01-22 14:34:00,0.00028444107329095303,0.00028444107329095303,7.565260688889004e-05
C,2024-01-22,2024-01-22 14:35:00,0.0006635071090046463,0.0006635071090046463,4.9147973783476235e-06
C,2024-01-22,2024-01-22 14:36:00,0.00037889551956049594,0.00037889551956049594,-9.157686474751077e-05
C,2024-01-22,2024-01-22 14:37:00,0.0,0.0,-1.9230916719521606e-05
C,2024-01-22,2024-01-22 14:38:00,0.0,0.0,-5.765255482011006e-05
C,2024-01-22,2024-01-22 14:39:00,-0.0006628160212102108,-0.0006628160212102108,-3.6119066635719016e-06
C,2024-01-22,2024-01-22 14:40:00,9.475080538212666e-05,9.475080538212666e-05,2.9027088859383866e-05
C,2024-01-22,2024-01-22 14:41:00,-0.0001894836570346392,-0.0001894836570346392,1.1207593447987264e-05
C,2024-01-22,2024-01-22 14:42:00,-9.475978394757334e-05,-9.475978394757334e-05,-2.7990938698677187e-05
C,2024-01-22,2024-01-22 14:43:00,-9.476876421554703e-05,-9.476876421554703e-05,-2.7053319385671132e-05
C,2024-01-22,2024-01-22 14:44:00,0.0009477774618520396,0.0009477774618520396,9.43424449935387e-05
C,2024-01-22,2024-01-22 14:45:00,9.468800303014113e-05,9.468800303014113e-05,-0.00022408626874147525
C,2024-01-22,2024-01-22 14:46:00,-0.0002840371141829001,-0.0002840371141829001,-3.555769706746903e-05
C,2024-01-22,2024-01-22 14:47:00,0.0,0.0,-5.576967000610869e-06
C,2024-01-22,2024-01-22 14:48:00,0.000757647504498582,0.000757647504498582,-4.213418947949071e-05
C,2024-01-22,2024-01-22 14:49:00,0.0,0.0,-0.00010671998004425826
C,2024-01-22,2024-01-22 14:50:00,-0.00018926847733502505,-0.00018926847733502505,-3.19376537734851e-05
C,2024-01-22,2024-01-22 14:51:00,-0.00018930430667307707,-0.00018930430667307707,-1.3870023792627715e-05
C,2024-01-22,2024-01-22 14:52:00,0.0,0.0,-1.0503422354646032e-06
C,2024-01-22,2024-01-22 14:53:00,-0.00018934014957872058,-0.00018934014957872058,8.44712870051892e-06
C,2024-01-22,2024-01-22 14:54:00,0.0,0.0,-3.41744545703814e-05
C,2024-01-22,2024-01-22 14:55:00,-0.0001893760060599492,-0.0001893760060599492,-2.571323980706822e-05
C,2024-01-22,2024-01-22 14:56:00,-0.00037882375224917997,-0.00037882375224917997,-3.6367347854894506e-05
C,2024-01-22,2024-01-22 14:57:00,0.00018948365703441716,0.00018948365703441716,8.792867217714164e-06
C,2024-01-22,2024-01-22 14:58:00,-0.00018944775978002593,-0.00018944775978002593,-7.578392612194783e-06
C,2024-01-22,2024-01-22 14:59:00,-0.0007579346281384458,-0.0007579346281384458,-2.2759806711775767e-05
C,2024-01-22,2024-01-22 15:00:00,0.0005688821465819061,0.0005688821465819061,0.00012701111656955323
C,2024-01-22,2024-01-22 15:01:00,0.0012318771913200077,0.0012318771913200077,-1.2132265274303617e-05
C,2024-01-22,2024-01-22 15:02:00,9.464319515428699e-05,9.464319515428699e-05,-0.00031479435125620974
C,2024-01-22,2024-01-22 15:03:00,-9.463423866762355e-05,-9.463423866762355e-05,-7.661906937619306e-05
C,2024-01-22,2024-01-22 15:04:00,-0.0003785727806170369,-0.0003785727806170369,-6.040292985929942e-05
C,2024-01-22,2024-01-22 15:05:00,0.00028403711418301114,0.00028403711418301114,-9.092016564468071e-06
C,2024-01-22,2024-01-22 15:06:00,0.0003786086133459321,0.0003786086133459321,-2.396399202941991e-05
C,2024-01-22,2024-01-22 15:07:00,0.00037846532311469616,0.00037846532311469616,5.036178905928206e-06
C,2024-01-22,2024-01-22 15:08:00,0.00037832214130362196,0.00037832214130362196,-1.984598690066563e-05
C,2024-01-22,2024-01-22 15:09:00,-0.0001890895338944043,-0.0001890895338944043,-4.372504998879439e-05
C,2024-01-22,2024-01-22 15:10:00,0.0005673758865247791,0.0005673758865247791,-2.2685968226841012e-05
C,2024-01-22,2024-01-22 15:11:00,-0.0011341083073433955,-0.0011341083073433955,-3.947115462646995e-05
C,2024-01-22,2024-01-22 15:12:00,0.0,0.0,0.0001819226916990169
C,2024-01-22,2024-01-22 15:13:00,0.0,0.0,2.1271061932523603e-05
C,2024-01-22,2024-01-22 15:14:00,0.0,0.0,-4.867966423977682e-06
C,2024-01-22,2024-01-22 15:15:00,0.0,0.0,-2.978252718582402e-05
C,2024-01-22,2024-01-22 15:16:00,-0.00018923266155734808,-0.00018923266155734808,6.573763332805438e-06
C,2024-01-22,2024-01-22 15:17:00,-0.00018926847733502505,-0.00018926847733502505,3.6424700797889956e-05
C,2024-01-22,2024-01-22 15:18:00,0.00018930430667296605,0.00018930430667296605,5.6817125102811264e-05
C,2024-01-22,2024-01-22 15:19:00,0.0,0.0,7.230000856040286e-05
C,2024-01-22,2024-01-22 15:20:00,0.001230245102677996,0.001230245102677996,1.054616255114386e-05
C,2024-01-22,2024-01-22 15:21:00,-0.0002835538752361533,-0.0002835538752361533,-0.00032936259315078276
C,2024-01-22,2024-01-22 15:22:00,-0.0001890895338944043,-0.0001890895338944043,-1.910988386784267e-05
C,2024-01-22,2024-01-22 15:23:00,-9.456264775409284e-05,-9.456264775409284e-05,-1.488758145818748e-05
C,2024-01-22,2024-01-22 15:24:00,0.000283714772082444,0.000283714772082444,-5.516176430203047e-05
C,2024-01-22,2024-01-22 15:25:00,-0.0001890895338944043,-0.0001890895338944043,-1.3631150905877315e-05
C,2024-01-22,2024-01-22 15:26:00,0.00018912529550840773,0.00018912529550840773,-6.066422892332807e-06
C,2024-01-22,2024-01-22 15:27:00,-9.454476694736869e-05,-9.454476694736869e-05,1.0981860936655994e-05
C,2024-01-22,2024-01-22 15:28:00,-9.455370650524042e-05,-9.455370650524042e-05,3.135253213526769e-05
C,2024-01-22,2024-01-22 15:29:00,0.0003782505910163714,0.0003782505910163714,5.526347690561472e-05
C,2024-01-22,2024-01-22 15:30:00,0.00018905378580225118,0.00018905378580225118,5.895993968998977e-05
C,2024-01-22,2024-01-22 15:31:00,0.00018901805122384374,0.00018901805122384374,-8.650458847789127e-06
C,2024-01-22,2024-01-22 15:32:00,0.0005669469904563407,0.0005669469904563407,3.1619594086847754e-06
C,2024-01-22,2024-01-22 15:33:00,0.0003777504957975797,0.0003777504957975797,-2.6519326089101513e-05
C,2024-01-22,2024-01-22 15:34:00,0.0005664117813650726,0.0005664117813650726,-1.8009571196169173e-05
C,2024-01-22,2024-01-22 15:35:00,-0.0011321822813473714,-0.0011321822813473714,-3.780173628506859e-05
C,2024-01-22,2024-01-22 15:36:00,0.0005667327854916859,0.0005667327854916859,0.0001813459112538614
C,2024-01-22,2024-01-22 15:37:00,0.00018880392712161687,0.00018880392712161687,-9.081854341040409e-06
C,2024-01-22,2024-01-22 15:38:00,-0.0003775365738555303,-0.0003775365738555303,2.1745263618944666e-05
C,2024-01-22,2024-01-22 15:39:00,9.441979038804504e-05,9.441979038804504e-05,-1.0202939286288508e-05
C,2024-01-22,2024-01-22 15:40:00,-0.0008496978851963988,-0.0008496978851963988,1.8142997143739205e-05
C,2024-01-22,2024-01-22 15:41:00,-0.0007559293206085282,-0.0007559293206085282,2.157540032667121e-05
C,2024-01-22,2024-01-22 15:42:00,-0.0003782505910164824,-0.0003782505910164824,4.7093982921652394e-05
C,2024-01-22,2024-01-22 15:43:00,-0.0001891968593322746,-0.0001891968593322746,4.4134798417535056e-05
C,2024-01-22,2024-01-22 15:44:00,0.002270791938688621,0.002270791938688621,7.381224563051043e-05
C,2024-01-22,2024-01-22 15:45:00,-0.00151043141697349,-0.00151043141697349,-0.00026475394148157174
C,2024-01-22,2024-01-22 15:46:00,-0.0005672686016828798,-0.0005672686016828798,0.0002650634197081981
C,2024-01-22,2024-01-22 15:47:00,0.0004729921483301869,0.0004729921483301869,3.8837038989029346e-05
C,2024-01-22,2024-01-22 15:48:00,-0.0003782148260210727,-0.0003782148260210727,2.66000987720502e-05
C,2024-01-22,2024-01-22 15:49:00,0.0012296632614452463,0.0012296632614452463,2.629487014593554e-05
C,2024-01-22,2024-01-22 15:50:00,0.0014170996693434468,0.0014170996693434468,-0.00028481536809257037
C,2024-01-22,2024-01-22 15:51:00,-9.433962264138174e-05,-9.433962264138174e-05,-0.0003050016515793313
C,2024-01-22,2024-01-22 15:52:00,-0.0018869704689122857,-0.0018869704689122857,-3.248556004635766e-05
C,2024-01-22,2024-01-22 15:53:00,-0.0003781075716040583,-0.0003781075716040583,0.00018917749898207618
C,2024-01-22,2024-01-22 15:54:00,0.0003782505910163714,0.0003782505910163714,2.6440133194303573e-05
C,2024-01-22,2024-01-22 15:55:00,0.00018905378580225118,0.00018905378580225118,2.1833360535184185e-05
C,2024-01-22,2024-01-22 15:56:00,0.0,0.0,-1.5353069260963484e-05
C,2024-01-22,2024-01-22 15:57:00,-0.00018901805122395476,-0.00018901805122395476,1.0240512745662456e-05
C,2024-01-22,2024-01-22 15:58:00,-0.0011343227148122859,-0.0011343227148122859,-2.3523337708351953e-05
C,2024-01-23,2024-01-23 09:40:00,-0.0003780361024476875,-0.0003780361024476875,8.651365901124579e-05
C,2024-01-23,2024-01-23 09:41:00,0.001039992436418613,0.001039992436418613,3.303873797771305e-05
C,2024-01-23,2024-01-23 09:42:00,0.00018889308651304226,0.00018889308651304226,-0.00016898465935323773
C,2024-01-23,2024-01-23 09:43:00,-0.0012275731822473102,-0.0012275731822473102,6.871025577030246e-05
C,2024-01-23,2024-01-23 09:44:00,-0.0011345372033658707,-0.0011345372033658707,0.0001885991828318453
C,2024-01-23,2024-01-23 09:45:00,0.0010411736867013133,0.0010411736867013133,0.00011152418799589225
C,2024-01-23,2024-01-23 09:46:00,0.00018910741301070289,0.00018910741301070289,-0.00021030334473020145
C,2024-01-23,2024-01-23 09:47:00,-0.0011344299489507437,-0.0011344299489507437,-2.64143920392387e-05
C,2024-01-23,2024-01-23 09:48:00,0.0021767934885481566,0.0021767934885481566,0.00011075860382351292
C,2024-01-23,2024-01-23 09:49:00,-0.0046274435735196295,-0.0031269438185226373,-0.00035068305665637454
C,2024-01-23,2024-01-23 09:50:00,-0.0012333965844402162,-0.0012333965844402162,0.0002296916065477344
C,2024-01-23,2024-01-23 09:51:00,0.0011399259048161525,0.0011399259048161525,0.00021136880397165916
C,2024-01-23,2024-01-23 09:52:00,0.0015181706044218313,0.0015181706044218313,-0.00017692556032468208
C,2024-01-23,2024-01-23 09:53:00,-0.001421127427759461,-0.001421127427759461,-0.00024917988971836553
C,2024-01-23,2024-01-23 09:54:00,0.0003795066413661008,0.0003795066413661008,0.0003170806608777694
C,2024-01-23,2024-01-23 09:55:00,0.0009484066767828647,0.0009484066767828647,2.1296272540482404e-05
C,2024-01-23,2024-01-23 09:56:00,0.000473754026909301,0.000473754026909301,-0.0002074555258109621
C,2024-01-23,2024-01-23 09:57:00,0.0005682356283738255,0.0005682356283738255,3.485813507641357e-05
C,2024-01-23,2024-01-23 09:58:00,-0.0005679129200188981,-0.0005679129200188981,2.414553029398296e-05
C,2024-01-23,2024-01-23 09:59:00,0.001515295008996942,0.001515295008996942,9.925355983495039e-05
C,2024-01-23,2024-01-23 10:00:00,0.00028368794326238955,0.00028368794326238955,-0.0003362843619896821
C,2024-01-23,2024-01-23 10:01:00,0.0001890716581585128,0.0001890716581585128,1.9928588231564498e-05
C,2024-01-23,2024-01-23 10:02:00,9.451795841219912e-05,9.451795841219912e-05,4.051096310198744e-05
C,2024-01-23,2024-01-23 10:03:00,-0.0005670541536716422,-0.0005670541536716422,7.025784203609383e-05
C,2024-01-23,2024-01-23 10:04:00,0.00018912529550840773,0.00018912529550840773,8.970856143165152e-05
C,2024-01-23,2024-01-23 10:05:00,-0.0009454476694715774,-0.0009454476694715774,8.909853350635004e-05
C,2024-01-23,2024-01-23 10:06:00,0.0009463423866755694,0.0009463423866755694,0.00021930962828669816
C,2024-01-23,2024-01-23 10:07:00,-0.0037817906778860877,-0.0031269438185226373,-0.00015352082697997973
C,2024-01-23,2024-01-23 10:08:00,0.0020878808009869854,0.0020878808009869854,0.00035428253777143614
C,2024-01-23,2024-01-23 10:09:00,0.0010417653186853837,0.0010417653186853837,-0.00025764924075981935
C,2024-01-23,2024-01-23 10:10:00,-0.00037842951750244325,-0.00037842951750244325,-0.00017275598910496267
C,2024-01-23,2024-01-23 10:11:00,0.00018928639030857397,0.00018928639030857397,2.4465120242314343e-05
C,2024-01-23,2024-01-23 10:12:00,-0.00028387585162759077,-0.00028387585162759077,7.040029752413176e-05
C,2024-01-23,2024-01-23 10:13:00,-0.0012304779933742793,-0.0012304779933742793,-1.6422191695251022e-05
C,2024-01-23,2024-01-23 10:14:00,0.0015163002274449777,0.0015163002274449777,0.00024999187061171914
C,2024-01-23,2024-01-23 10:15:00,0.00037850113550330633,0.00037850113550330633,-0.0003014766606959196
C,2024-01-23,2024-01-23 10:16:00,-0.0005675368898978572,-0.0005675368898978572,7.047230040870996e-05
C,2024-01-23,2024-01-23 10:17:00,9.464319515428699e-05,9.464319515428699e-05,0.00011679240673467128
C,2024-01-23,2024-01-23 10:18:00,0.00018926847733502505,0.00018926847733502505,7.07506979969737e-05
C,2024-01-23,2024-01-23 10:19:00,-0.0006623143154508293,-0.0006623143154508293,5.4240934534903404e-05
C,2024-01-23,2024-01-23 10:20:00,0.0003787161522437188,0.0003787161522437188,0.0001918383912751805
C,2024-01-23,2024-01-23 10:21:00,-0.00018928639030846295,-0.00018928639030846295,7.103143798878129e-05
C,2024-01-23,2024-01-23 10:22:00,-0.0007572889057174681,-0.0007572889057174681,9.324823740773511e-05
C,2024-01-23,2024-01-23 10:23:00,-0.0002841985600606778,-0.0002841985600606778,0.000223929697103959
C,2024-01-23,2024-01-23 10:24:00,0.00047379891973853283,0.00047379891973853283,5.160664749989169e-05
C,2024-01-23,2024-01-23 10:25:00,-0.0004735745406326819,-0.0004735745406326819,6.320490156033081e-05
C,2024-01-23,2024-01-23 10:26:00,-0.0005685587036862172,-0.0005685587036862172,5.0309189111924615e-05
C,2024-01-23,2024-01-23 10:27:00,0.0,0.0,8.499979142922583e-05
C,2024-01-23,2024-01-23 10:28:00,0.0,0.0,2.9613471864922525e-05
C,2024-01-23,2024-01-23 10:29:00,-0.0009481369109698434,-0.0009481369109698434,1.5259232796013926e-05
C,2024-01-23,2024-01-23 10:30:00,0.00047451836386058766,0.00047451836386058766,5.288119747750493e-05
C,2024-01-23,2024-01-23 10:31:00,9.485866059577575e-05,9.485866059577575e-05,-2.042946787808106e-05
C,2024-01-23,2024-01-23 10:32:00,-9.48496632837692e-05,-9.48496632837692e-05,1.754712281537147e-05
C,2024-01-23,2024-01-23 10:33:00,-0.0005691519635743214,-0.0005691519635743214,6.674858740510786e-06
C,2024-01-23,2024-01-23 10:34:00,-0.0007593014426727773,-0.0007593014426727773,0.00010149051506070096
C,2024-01-23,2024-01-23 10:35:00,0.0,0.0,9.758730550420291e-05
C,2024-01-23,2024-01-23 10:36:00,0.0011398176291794737,0.0011398176291794737,8.46718228659602e-05
C,2024-01-23,2024-01-23 10:37:00,-0.0002846299810246311,-0.0002846299810246311,-0.00025976452287903944
C,2024-01-23,2024-01-23 10:38:00,0.000284711018316397,0.000284711018316397,3.438420785148872e-05
C,2024-01-23,2024-01-23 10:39:00,-0.0005692599620493732,-0.0005692599620493732,3.6691477820160254e-05
C,2024-01-23,2024-01-23 10:40:00,-0.0011391684070628516,-0.0011391684070628516,8.00456055998341e-05
C,2024-01-23,2024-01-23 10:41:00,0.0005702337958564119,0.0005702337958564119,0.00014782635054227288
C,2024-01-23,2024-01-23 10:42:00,-0.0006648936170212671,-0.0006648936170212671,6.630716917407319e-05
C,2024-01-23,2024-01-23 10:43:00,0.0004752399961978071,0.0004752399961978071,6.283413938239025e-05
C,2024-01-23,2024-01-23 10:44:00,-9.500285008545717e-05,-9.500285008545717e-05,3.002908317052182e-05
C,2024-01-23,2024-01-23 10:45:00,0.00047505938242276,0.00047505938242276,2.8051543102520838e-05
C,2024-01-23,2024-01-23 10:46:00,-0.00037986704653381054,-0.00037986704653381054,-2.512424507903286e-07
C,2024-01-23,2024-01-23 10:47:00,0.0005700171005129651,0.0005700171005129651,1.4922691851730796e-05
C,2024-01-23,2024-01-23 10:48:00,0.001044436004557614,0.001044436004557614,-4.2808746950319774e-05
C,2024-01-23,2024-01-23 10:49:00,-0.0013278952859718807,-0.0013278952859718807,-0.0002465619461456522
C,2024-01-23,2024-01-23 10:50:00,-0.00037990312470315146,-0.00037990312470315146,0.00020353912705662803
C,2024-01-23,2024-01-23 10:51:00,0.0002850356294537004,0.0002850356294537004,-3.743868157993025e-05
C,2024-01-23,2024-01-23 10:52:00,-0.0003799392097263432,-0.0003799392097263432,-3.8951714561061777e-05
C,2024-01-23,2024-01-23 10:53:00,0.0002850627137971351,0.0002850627137971351,-4.39950274020185e-06
C,2024-01-23,2024-01-23 10:54:00,-0.00047496912700684124,-0.00047496912700684124,4.824776110255892e-05
C,2024-01-23,2024-01-23 10:55:00,0.0007603117278083271,0.0007603117278083271,2.687544978942142e-05
C,2024-01-23,2024-01-23 10:56:00,9.496676163345263e-05,9.496676163345263e-05,-0.00010312538973062855
C,2024-01-23,2024-01-23 10:57:00,-0.000569746462824039,-0.000569746462824039,7.0916493583274025e-06
C,2024-01-23,2024-01-23 10:58:00,0.0002850356294537004,0.0002850356294537004,5.256411606508491e-05
C,2024-01-23,2024-01-23 10:59:00,0.0006648936170212671,0.0006648936170212671,1.6203999760705436e-05
C,2024-01-23,2024-01-23 11:00:00,-0.00018984337921212902,-0.00018984337921212902,-0.00014970636742125002
C,2024-01-23,2024-01-23 11:01:00,9.493971328211614e-05,9.493971328211614e-05,-3.664837756903497e-05
C,2024-01-23,2024-01-23 11:02:00,-0.0004746535029429566,-0.0004746535029429566,-1.7093146903395366e-05
C,2024-01-23,2024-01-23 11:03:00,0.00037990312470315146,0.00037990312470315146,3.3702718916152267e-05
C,2024-01-23,2024-01-23 11:04:00,0.0004746985664103587,0.0004746985664103587,4.0981219866052115e-05
C,2024-01-23,2024-01-23 11:05:00,0.0,0.0,-1.8153812733201977e-06
C,2024-01-23,2024-01-23 11:06:00,0.0007591573353578074,0.0007591573353578074,-2.1133226024989377e-05
C,2024-01-23,2024-01-23 11:07:00,0.0040773753081735364,0.003050251772255605,-0.0001372029926875978
C,2024-01-23,2024-01-23 11:08:00,-0.004910756445367759,-0.0031269438185226373,-0.0003664503016345457
C,2024-01-23,2024-01-23 11:09:00,0.001138844073265588,0.001138844073265588,0.00019365155655826614
C,2024-01-23,2024-01-23 11:10:00,0.0,0.0,-0.0002777086163564111
C,2024-01-23,2024-01-23 11:11:00,0.0005687742914020077,0.0005687742914020077,-2.7519828026256677e-05
C,2024-01-23,2024-01-23 11:12:00,0.0032212221695877563,0.003050251772255605,-3.628063574138411e-05
C,2024-01-23,2024-01-23 11:13:00,-0.003116441590329533,-0.003116441590329533,-0.00029525569689181446
C,2024-01-23,2024-01-23 11:14:00,-0.0006631299734747298,-0.0006631299734747298,0.0002083866463291325
C,2024-01-23,2024-01-23 11:15:00,-0.00018959143046748395,-0.00018959143046748395,0.00010001884596567168
C,2024-01-23,2024-01-23 11:16:00,0.0006636958376788904,0.0006636958376788904,6.70949034331411e-05
C,2024-01-23,2024-01-23 11:17:00,0.003316278188364663,0.003050251772255605,-0.0001024330312519186
C,2024-01-23,2024-01-23 11:18:00,-0.0037775049579751308,-0.0031269438185226373,-0.0002874979709316989
C,2024-01-23,2024-01-23 11:19:00,0.0002843871457010039,0.0002843871457010039,0.00024803788661443296
C,2024-01-23,2024-01-23 11:20:00,0.00028430629264586393,0.00028430629264586393,1.789804687844291e-05
C,2024-01-23,2024-01-23 11:21:00,0.0022738038844147823,0.0022738038844147823,3.572080812430141e-05
C,2024-01-23,2024-01-23 11:22:00,0.00018905378580225118,0.00018905378580225118,-0.00033129677253504377
C,2024-01-23,2024-01-23 11:23:00,-0.0004725451280598314,-0.0004725451280598314,0.00010317808725047253
C,2024-01-23,2024-01-23 11:24:00,-9.455370650524042e-05,-9.455370650524042e-05,3.31067464988412e-05
C,2024-01-23,2024-01-23 11:25:00,0.00028368794326238955,0.00028368794326238955,4.8568539276201724e-05
C,2024-01-23,2024-01-23 11:26:00,-0.0006617508035544617,-0.0006617508035544617,2.561496679282609e-05
C,2024-01-23,2024-01-23 11:27:00,-0.0005675905779963797,-0.0005675905779963797,4.60858102603394e-05
C,2024-01-23,2024-01-23 11:28:00,0.0002839564600094491,0.0002839564600094491,0.00010918214637079291
C,2024-01-23,2024-01-23 11:29:00,-9.46252838759376e-05,-9.46252838759376e-05,-4.274301202315204e-06
C,2024-01-23,2024-01-23 11:30:00,-0.00018926847733502505,-0.00018926847733502505,3.028345195290366e-05
C,2024-01-23,2024-01-23 11:31:00,0.0006625650733553812,0.0006625650733553812,9.920353698467028e-05
C,2024-01-23,2024-01-23 11:32:00,-0.0005675368898978572,-0.0005675368898978572,-7.40898300164091e-05
C,2024-01-23,2024-01-23 11:33:00,-0.0004732159757713239,-0.0004732159757713239,8.422760874427296e-05
C,2024-01-23,2024-01-23 11:34:00,0.00085219202727016,0.00085219202727016,8.571168880597427e-05
C,2024-01-23,2024-01-23 11:35:00,9.460737937572183e-05,9.460737937572183e-05,-0.00016313499353088015
C,2024-01-23,2024-01-23 11:36:00,0.0007567874373284322,0.0007567874373284322,5.641588263874886e-05
C,2024-01-23,2024-01-23 11:37:00,0.00018905378580225118,0.00018905378580225118,-0.00011480859547857151
C,2024-01-23,2024-01-23 11:38:00,-0.0003780361024476875,-0.0003780361024476875,3.875552665578397e-05
C,2024-01-23,2024-01-23 11:39:00,9.454476694714664e-05,9.454476694714664e-05,9.222830501736977e-05
C,2024-01-23,2024-01-23 11:40:00,-0.00047267914539617095,-0.00047267914539617095,5.0704387041336095e-05
C,2024-01-23,2024-01-23 11:41:00,0.0005674832119550999,0.0005674832119550999,6.242500299682036e-05
C,2024-01-23,2024-01-23 11:42:00,0.0009452689290103677,0.0009452689290103677,-1.689579965830286e-05
C,2024-01-23,2024-01-23 11:43:00,-0.001133251487392517,-0.001133251487392517,-0.00017373346340659201
C,2024-01-23,2024-01-23 11:44:00,0.00037817906778858656,0.00037817906778858656,0.00014637153224685416
C,2024-01-23,2024-01-23 11:45:00,-0.0009450902561194408,-0.0009450902561194408,5.3533825923248234e-05
C,2024-01-23,2024-01-23 11:46:00,9.459842966608178e-05,9.459842966608178e-05,9.678638246316179e-05
C,2024-01-23,2024-01-23 11:47:00,-0.0002837684449489286,-0.0002837684449489286,-1.1408393516552736e-05
C,2024-01-23,2024-01-23 11:48:00,-0.0005676979846721553,-0.0005676979846721553,4.803400421055285e-05
C,2024-01-23,2024-01-23 11:49:00,9.467007478947131e-05,9.467007478947131e-05,4.425522574156207e-05
C,2024-01-23,2024-01-23 11:50:00,-0.0005679666792881566,-0.0005679666792881566,5.5080566754484436e-05
C,2024-01-23,2024-01-23 11:51:00,-9.47149081266252e-05,-9.47149081266252e-05,7.590870867980166e-05
C,2024-01-23,2024-01-23 11:52:00,0.00047361939945078646,0.00047361939945078646,9.870784617179638e-05
C,2024-01-23,2024-01-23 11:53:00,0.0006627532664267299,0.0006627532664267299,4.1105850549974365e-05
C,2024-01-23,2024-01-23 11:54:00,0.00018923266155757013,0.00018923266155757013,-8.835511190745974e-05
C,2024-01-23,2024-01-23 11:55:00,0.00018919685933194152,0.00018919685933194152,2.7691443459409466e-05
C,2024-01-23,2024-01-23 11:56:00,-0.0003783221413032889,-0.0003783221413032889,3.348274024876571e-05
C,2024-01-23,2024-01-23 11:57:00,9.461633077867404e-05,9.461633077867404e-05,5.4848900440070956e-05
C,2024-01-23,2024-01-23 11:58:00,0.00018921475875122162,0.00018921475875122162,5.095112560314022e-05
C,2024-01-23,2024-01-23 11:59:00,-9.458948164953185e-05,-9.458948164953185e-05,5.354516074537329e-05
C,2024-01-23,2024-01-23 12:00:00,0.00018919685933216357,0.00018919685933216357,6.119864890804299e-05
C,2024-01-23,2024-01-23 12:01:00,-0.00018916107065158894,-0.00018916107065158894,5.6050041903950464e-05
C,2024-01-23,2024-01-23 12:02:00,-0.00037839371866432714,-0.00037839371866432714,3.470011465553333e-05
C,2024-01-23,2024-01-23 12:03:00,-0.00018926847733502505,-0.00018926847733502505,6.916017420514442e-05
C,2024-01-23,2024-01-23 12:04:00,0.0004732607666824151,0.0004732607666824151,2.9362862442603442e-05
C,2024-01-23,2024-01-23 12:05:00,-0.00028382213812683244,-0.00028382213812683244,2.5527954867397833e-05
C,2024-01-23,2024-01-23 12:06:00,-0.0007570739093404333,-0.0007570739093404333,2.600082440539111e-05
C,2024-01-23,2024-01-23 12:07:00,-9.470593806237826e-05,-9.470593806237826e-05,0.000128436447298466
C,2024-01-23,2024-01-23 12:08:00,0.0002841447243795425,0.0002841447243795425,3.1370114749925734e-05
C,2024-01-23,2024-01-23 12:09:00,0.0002840640090899793,0.0002840640090899793,-1.838631487356273e-05
C,2024-01-23,2024-01-23 12:10:00,-0.0001893222264293115,-0.0001893222264293115,2.0732059798401105e-05
C,2024-01-23,2024-01-23 12:11:00,-0.0002840371141829001,-0.0002840371141829001,2.4735038414683455e-05
C,2024-01-23,2024-01-23 12:12:00,0.00018941187612453447,0.00018941187612453447,5.442776518018019e-05
C,2024-01-23,2024-01-23 12:13:00,0.0,0.0,4.0896707353183334e-05
C,2024-01-23,2024-01-23 12:14:00,0.0,0.0,2.862996751588128e-06
C,2024-01-23,2024-01-23 12:15:00,0.00018937600606006022,0.00018937600606006022,-3.620639602121974e-05
C,2024-01-23,2024-01-23 12:16:00,0.0005680204487361618,0.0005680204487361618,2.5039541183214065e-05
C,2024-01-23,2024-01-23 12:17:00,0.00018923266155757013,0.00018923266155757013,-6.076503775603061e-05
C,2024-01-23,2024-01-23 12:18:00,0.00018919685933194152,0.00018919685933194152,-5.56324611064081e-06
C,2024-01-23,2024-01-23 12:19:00,0.0005674832119550999,0.0005674832119550999,-1.3423397862698525e-05
C,2024-01-23,2024-01-23 12:20:00,-0.0003781075716040583,-0.0003781075716040583,-5.1733387831452914e-05
C,2024-01-23,2024-01-23 12:21:00,-0.0003782505910164824,-0.0003782505910164824,9.93972727814627e-07
C,2024-01-23,2024-01-23 12:22:00,0.00028379528899824535,0.00028379528899824535,1.3352649177082101e-05
C,2024-01-23,2024-01-23 12:23:00,0.00141857386041222,0.00141857386041222,8.089695654911412e-06
C,2024-01-23,2024-01-23 12:24:00,-0.0009443762394939492,-0.0009443762394939492,-0.0003117051711632464
C,2024-01-23,2024-01-23 12:25:00,0.0,0.0,8.355303486493107e-05
C,2024-01-23,2024-01-23 12:26:00,0.0003781075716042803,0.0003781075716042803,4.8761830594202916e-05
C,2024-01-23,2024-01-23 12:27:00,-0.00037796466030437514,-0.00037796466030437514,-2.4105844503924755e-05
C,2024-01-23,2024-01-23 12:28:00,0.0,0.0,4.581413315069049e-05
C,2024-01-23,2024-01-23 12:29:00,0.0007562151432083386,0.0007562151432083386,0.00013375401805740698
C,2024-01-23,2024-01-23 12:30:00,-0.0003778218569945313,-0.0003778218569945313,-0.000117716004566798
C,2024-01-23,2024-01-23 12:31:00,0.0007559293206085282,0.0007559293206085282,4.791534958502388e-05
C,2024-01-23,2024-01-23 12:32:00,-0.0001888395807760901,-0.0001888395807760901,-0.00011721037345939642
C,2024-01-23,2024-01-23 12:33:00,0.0,0.0,-3.2675856730182024e-05
C,2024-01-23,2024-01-23 12:34:00,-0.00018887524789867882,-0.00018887524789867882,2.202243095435214e-06
C,2024-01-23,2024-01-23 12:35:00,0.0,0.0,5.093916496067265e-06
C,2024-01-23,2024-01-23 12:36:00,0.0,0.0,9.73178007782209e-06
C,2024-01-23,2024-01-23 12:37:00,0.0005667327854916859,0.0005667327854916859,3.3790556888005375e-05
C,2024-01-23,2024-01-23 12:38:00,-0.0003776078542434558,-0.0003776078542434558,-3.3744120283831385e-05
C,2024-01-23,2024-01-23 12:39:00,0.0,0.0,-6.486983140219772e-06
C,2024-01-23,2024-01-23 12:40:00,0.0009443762394938382,0.0009443762394938382,3.912464683336445e-05
C,2024-01-23,2024-01-23 12:41:00,0.00018869704689095101,0.00018869704689095101,-0.00019263473971155366
C,2024-01-23,2024-01-23 12:42:00,-0.0001886614470331116,-0.0001886614470331116,6.1016214675423774e-06
C,2024-01-23,2024-01-23 12:43:00,0.0011321822813472604,0.0011321822813472604,3.265166848658137e-05
C,2024-01-23,2024-01-23 12:44:00,0.0,0.0,-0.0002425904683969927
C,2024-01-23,2024-01-23 12:45:00,0.0,0.0,5.7385317994537835e-06
C,2024-01-23,2024-01-23 12:46:00,0.0,0.0,-8.430272056564967e-06
C,2024-01-23,2024-01-23 12:47:00,-0.00018848364904344717,-0.00018848364904344717,-2.466565313688353e-06
C,2024-01-23,2024-01-23 12:48:00,-0.0013196342727873622,-0.0013196342727873622,-1.3912685855666055e-05
C,2024-01-23,2024-01-23 12:49:00,0.00047192071731960716,0.00047192071731960716,0.00028328114665133883
C,2024-01-23,2024-01-23 12:50:00,-0.00047169811320768584,-0.00047169811320768584,0.00011828471409316028
C,2024-01-23,2024-01-23 12:51:00,0.0006606890042475388,0.0006606890042475388,0.00016885147225632403
C,2024-01-23,2024-01-23 12:52:00,-0.00018864365214121825,-0.00018864365214121825,-4.169875634074344e-05
C,2024-01-23,2024-01-23 12:53:00,0.0005660377358491786,0.0005660377358491786,-4.509087260598647e-06
C,2024-01-23,2024-01-23 12:54:00,-0.00018857250612869247,-0.00018857250612869247,-4.540359263751964e-05
C,2024-01-23,2024-01-23 12:55:00,0.0,0.0,1.5317513557755677e-05
C,2024-01-23,2024-01-23 12:56:00,-9.430403621268901e-05,-9.430403621268901e-05,-7.800488426336975e-06
C,2024-01-23,2024-01-23 12:57:00,0.0,0.0,4.9593077289097856e-05
C,2024-01-23,2024-01-23 12:58:00,-9.431293030270904e-05,-9.431293030270904e-05,2.4701903288916822e-05
C,2024-01-23,2024-01-23 12:59:00,-0.00018864365214121825,-0.00018864365214121825,2.937524424790113e-05
C,2024-01-23,2024-01-23 13:00:00,-0.00018867924528309654,-0.00018867924528309654,1.7384178313828816e-05
C,2024-01-23,2024-01-23 13:01:00,-9.435742592933671e-05,-9.435742592933671e-05,1.8742575421113042e-05
C,2024-01-23,2024-01-23 13:02:00,-9.436633009329842e-05,-9.436633009329842e-05,1.4614205514445847e-05
C,2024-01-23,2024-01-23 13:03:00,-0.00028312570781430235,-0.00028312570781430235,-3.755344823561746e-06
C,2024-01-23,2024-01-23 13:04:00,0.0005664117813650726,0.0005664117813650726,1.3084770596252977e-05
C,2024-01-23,2024-01-23 13:05:00,0.00018869704689095101,0.00018869704689095101,2.5261015647389117e-05
C,2024-01-23,2024-01-23 13:06:00,0.0,0.0,3.506598655656524e-05
C,2024-01-23,2024-01-23 13:07:00,0.0,0.0,3.796931428240393e-05
C,2024-01-23,2024-01-23 13:08:00,0.00037732289406688935,0.00037732289406688935,3.87851656192874e-05
C,2024-01-23,2024-01-23 13:09:00,-0.00018859028760032093,-0.00018859028760032093,2.1216849727607182e-06
C,2024-01-23,2024-01-23 13:10:00,0.00037725172121083617,0.00037725172121083617,5.238431068913798e-05
C,2024-01-23,2024-01-23 13:11:00,0.0002828320920147398,0.0002828320920147398,4.38119469279603e-05
C,2024-01-23,2024-01-23 13:12:00,9.425070688040549e-05,9.425070688040549e-05,-2.9737226020420815e-06
C,2024-01-23,2024-01-23 13:13:00,0.0,0.0,-1.7005114453051702e-05
C,2024-01-23,2024-01-23 13:14:00,-0.00037696729808700535,-0.00037696729808700535,1.0154235993748543e-05
C,2024-01-23,2024-01-23 13:15:00,0.00037710945601965307,0.00037710945601965307,1.6367580205575304e-05
C,2024-01-23,2024-01-23 13:16:00,9.42418245217791e-05,9.42418245217791e-05,5.399747107261572e-05
C,2024-01-23,2024-01-23 13:17:00,0.00018846588767429395,0.00018846588767429395,4.166186672335215e-05
C,2024-01-23,2024-01-23 13:18:00,-0.0006595063124176237,-0.0006595063124176237,2.3044673172989484e-05
C,2024-01-23,2024-01-23 13:19:00,-0.0002828320920147398,-0.0002828320920147398,5.598627915989771e-05
C,2024-01-23,2024-01-23 13:20:00,0.0005658242172765782,0.0005658242172765782,2.5064329604518787e-05
C,2024-01-23,2024-01-23 13:21:00,9.425070688040549e-05,9.425070688040549e-05,2.4108986641050866e-05
C,2024-01-23,2024-01-23 13:22:00,-0.0005654509471302305,-0.0005654509471302305,1.4725174308230397e-05
C,2024-01-23,2024-01-23 13:23:00,0.00018859028759998786,0.00018859028759998786,4.019391225717045e-05
C,2024-01-23,2024-01-23 13:24:00,0.00018855472800982653,0.00018855472800982653,3.0898447344275095e-05
C,2024-01-23,2024-01-23 13:25:00,0.0003770383636534369,0.0003770383636534369,8.886003617918384e-06
C,2024-01-23,2024-01-23 13:26:00,-0.0002826721944785282,-0.0002826721944785282,2.4739338350734788e-05
C,2024-01-23,2024-01-23 13:27:00,9.425070688040549e-05,9.425070688040549e-05,2.0586921658051686e-05
C,2024-01-23,2024-01-23 13:28:00,-0.00018848364904344717,-0.00018848364904344717,1.4628252667260408e-05
C,2024-01-23,2024-01-23 13:29:00,0.0,0.0,1.717531668338437e-05
C,2024-01-23,2024-01-23 13:30:00,-0.0003770383636534369,-0.0003770383636534369,4.591823152540495e-05
C,2024-01-23,2024-01-23 13:31:00,0.0,0.0,1.4782409576800923e-05
C,2024-01-23,2024-01-23 13:32:00,0.00018859028759998786,0.00018859028759998786,-8.55854763964116e-06
C,2024-01-23,2024-01-23 13:33:00,0.0002828320920147398,0.0002828320920147398,-4.134676987619186e-05
C,2024-01-23,2024-01-23 13:34:00,0.0002827521206409944,0.0002827521206409944,1.4058511218768444e-05
C,2024-01-23,2024-01-23 13:35:00,-9.422406482606505e-05,-9.422406482606505e-05,-2.0573309512666108e-05
C,2024-01-23,2024-01-23 13:36:00,0.0013192612137202797,0.0013192612137202797,5.217458868602836e-07
C,2024-01-23,2024-01-23 13:37:00,0.00028232636928282595,0.00028232636928282595,-0.00029803629230566985
C,2024-01-23,2024-01-23 13:38:00,0.0013171511901404198,0.0013171511901404198,4.748997840589336e-05
C,2024-01-23,2024-01-23 13:39:00,-0.0013154185849856281,-0.0013154185849856281,-0.00034533211391315956
C,2024-01-23,2024-01-23 13:40:00,-0.0037632891146861525,-0.0031269438185226373,0.0001890177143181621
C,2024-01-23,2024-01-23 13:41:00,0.004060817829823371,0.003050251772255605,0.0003046130371874823
C,2024-01-23,2024-01-23 13:42:00,0.0003762227238526261,0.0003762227238526261,-0.0002827150724880772
C,2024-01-23,2024-01-23 13:43:00,-0.0002820609251598105,-0.0002820609251598105,8.760688525985777e-06
C,2024-01-23,2024-01-23 13:44:00,0.00028214050597208384,0.00028214050597208384,0.00012181038322355151
C,2024-01-23,2024-01-23 13:45:00,0.00037608123354648804,0.00037608123354648804,2.4039374982445775e-05
C,2024-01-23,2024-01-23 13:46:00,9.398496240597964e-05,9.398496240597964e-05,-3.6166402409380875e-05
C,2024-01-23,2024-01-23 13:47:00,0.0003759045202518241,0.0003759045202518241,-2.4116806384319584e-06
C,2024-01-23,2024-01-23 13:48:00,0.00018788163457039708,0.00018788163457039708,6.176469330732585e-06
C,2024-01-23,2024-01-23 13:49:00,-0.00028176951253877647,-0.00028176951253877647,6.381619470027708e-06
C,2024-01-23,2024-01-23 13:50:00,9.394964299125341e-05,9.394964299125341e-05,2.3181679343512e-06
C,2024-01-23,2024-01-23 13:51:00,0.0003757632691405721,0.0003757632691405721,4.521071586026507e-05
C,2024-01-23,2024-01-23 13:52:00,0.0,0.0,-1.0928262500335673e-05
C,2024-01-23,2024-01-23 13:53:00,-0.00037562212414332663,-0.00037562212414332663,3.953036082319352e-05
C,2024-01-23,2024-01-23 13:54:00,-9.39408172849765e-05,-9.39408172849765e-05,2.950346907028893e-05
C,2024-01-23,2024-01-23 13:55:00,-0.0003757985719653467,-0.0003757985719653467,2.8532731473501606e-05
C,2024-01-23,2024-01-23 13:56:00,9.398496240597964e-05,9.398496240597964e-05,1.176846542960381e-05
C,2024-01-23,2024-01-23 13:57:00,0.0003759045202518241,0.0003759045202518241,2.5549124528580975e-05
C,2024-01-23,2024-01-23 13:58:00,0.0003757632691405721,0.0003757632691405721,3.222189042209358e-05
C,2024-01-23,2024-01-23 13:59:00,-0.00018781106207166332,-0.00018781106207166332,5.2118618090979716e-05
C,2024-01-23,2024-01-23 14:00:00,0.0,0.0,3.0833565114363034e-05
C,2024-01-23,2024-01-23 14:01:00,0.00018784634169266567,0.00018784634169266567,6.055742867220684e-06
C,2024-01-23,2024-01-23 14:02:00,0.0006573387172503775,0.0006573387172503775,2.2579516142547022e-05
C,2024-01-23,2024-01-23 14:03:00,-0.006287537537537524,-0.0031269438185226373,-0.00010457204351648936
C,2024-01-23,2024-01-23 14:04:00,0.0,0.0,0.00038632127784911743
C,2024-01-23,2024-01-23 14:05:00,0.0,0.0,0.00021292993196467424
C,2024-01-23,2024-01-23 14:06:00,0.005194069317215888,0.003050251772255605,0.00012383303197040604
C,2024-01-23,2024-01-23 14:07:00,0.00065764750093944,0.00065764750093944,-0.00026900268367073007
C,2024-01-23,2024-01-23 14:08:00,-0.0005633273870997435,-0.0005633273870997435,-7.562085275247742e-05
C,2024-01-23,2024-01-23 14:09:00,-0.0011272898074213833,-0.0011272898074213833,1.1105123941538765e-06
C,2024-01-23,2024-01-23 14:10:00,0.00018809367064798188,0.00018809367064798188,9.971545286769486e-05
C,2024-01-23,2024-01-23 14:11:00,-0.0003761165961447821,-0.0003761165961447821,-3.0798012349997346e-05
C,2024-01-23,2024-01-23 14:12:00,0.000470322641331844,0.000470322641331844,6.293910628176342e-05
C,2024-01-23,2024-01-23 14:13:00,-0.00047010154193305453,-0.00047010154193305453,6.477227933320388e-05
C,2024-01-23,2024-01-23 14:14:00,0.0,0.0,2.3307244582864804e-05
C,2024-01-23,2024-01-23 14:15:00,-0.0003762581130655196,-0.0003762581130655196,4.075458766238447e-06
C,2024-01-23,2024-01-23 14:16:00,0.00018819986826001944,0.00018819986826001944,2.0671192872591913e-05
C,2024-01-23,2024-01-23 14:17:00,0.00018816445573444085,0.00018816445573444085,4.367428882494162e-05
C,2024-01-23,2024-01-23 14:18:00,-0.00018812905653287082,-0.00018812905653287082,-3.858921540215265e-05
C,2024-01-23,2024-01-23 14:19:00,0.0,0.0,-2.3093417741565837e-05
C,2024-01-23,2024-01-23 14:20:00,-9.40822278671094e-05,-9.40822278671094e-05,4.778951341216125e-05
C,2024-01-23,2024-01-23 14:21:00,9.40910801654482e-05,9.40910801654482e-05,3.0992429282621085e-05
C,2024-01-23,2024-01-23 14:22:00,0.0007526578229373193,0.0007526578229373193,9.758921164196894e-06
C,2024-01-23,2024-01-23 14:23:00,0.0,0.0,-9.721484781491377e-05
C,2024-01-23,2024-01-23 14:24:00,-0.004512550531164838,-0.0031269438185226373,3.5275660086588006e-05
C,2024-01-23,2024-01-23 14:25:00,0.003966380205874032,0.003050251772255605,0.0003533283626463301
C,2024-01-23,2024-01-23 14:26:00,0.00018812905653264878,0.00018812905653264878,-0.00028239708762633407
C,2024-01-23,2024-01-23 14:27:00,0.0007523746825919275,0.0007523746825919275,-9.071886398439513e-06
C,2024-01-23,2024-01-23 14:28:00,-0.0003759045202518241,-0.0003759045202518241,-0.00010487113537940833
C,2024-01-23,2024-01-23 14:29:00,-0.0004700573469964553,-0.0004700573469964553,-6.297944304947302e-06
C,2024-01-23,2024-01-23 14:30:00,0.00047027840481583816,0.00047027840481583816,5.132751661760096e-06
C,2024-01-23,2024-01-23 14:31:00,9.401146939924665e-05,9.401146939924665e-05,1.934049287296254e-05
C,2024-01-23,2024-01-23 14:32:00,-0.0006580184245158494,-0.0006580184245158494,8.144562714404899e-06
C,2024-01-23,2024-01-23 14:33:00,0.0002821935847991952,0.0002821935847991952,0.000191407317538389
C,2024-01-23,2024-01-23 14:34:00,-0.00037615196539408924,-0.00037615196539408924,4.198645581857122e-05
C,2024-01-23,2024-01-23 14:35:00,0.0004703668861711918,0.0004703668861711918,4.7385067691729474e-05
C,2024-01-23,2024-01-23 14:36:00,0.0005641748942173397,0.0005641748942173397,5.747429534198826e-05
C,2024-01-23,2024-01-23 14:37:00,-9.397613006290051e-05,-9.397613006290051e-05,-2.0611087635346974e-06
C,2024-01-23,2024-01-23 14:38:00,-0.00028195488721804995,-0.00028195488721804995,-7.904680102547422e-06
C,2024-01-23,2024-01-23 14:39:00,0.0,0.0,-2.1426850381263624e-05
C,2024-01-23,2024-01-23 14:40:00,0.0001880229387984933,0.0001880229387984933,5.170976324177066e-05
C,2024-01-23,2024-01-23 14:41:00,0.0,0.0,4.0850245116825956e-05
C,2024-01-23,2024-01-23 14:42:00,-9.399379640950833e-05,-9.399379640950833e-05,1.3086946217003633e-05
C,2024-01-23,2024-01-23 14:43:00,-9.40026320735976e-05,-9.40026320735976e-05,2.648010634222293e-05
C,2024-01-23,2024-01-23 14:44:00,0.0005640688163957019,0.0005640688163957019,4.7168254956246775e-05
C,2024-01-23,2024-01-23 14:45:00,0.0,0.0,-5.1668242925640514e-05
C,2024-01-23,2024-01-23 14:46:00,9.39584703560925e-05,9.39584703560925e-05,-8.52987028554539e-06
C,2024-01-23,2024-01-23 14:47:00,-9.394964299125341e-05,-9.394964299125341e-05,-6.582759848775867e-06
C,2024-01-23,2024-01-23 14:48:00,-9.395847035620353e-05,-9.395847035620353e-05,8.929064615459644e-07
C,2024-01-23,2024-01-23 14:49:00,-9.396729937982684e-05,-9.396729937982684e-05,-3.281862827544742e-05
C,2024-01-23,2024-01-23 14:50:00,0.0005638567803778471,0.0005638567803778471,-2.11017662512221e-05
C,2024-01-23,2024-01-23 14:51:00,0.00037569268338488726,0.00037569268338488726,-6.215701249618043e-07
C,2024-01-23,2024-01-23 14:52:00,-0.00018777579569972946,-0.00018777579569972946,1.0833755284150366e-06
C,2024-01-23,2024-01-23 14:53:00,0.00018781106207144127,0.00018781106207144127,1.4198732887928897e-05
C,2024-01-23,2024-01-23 14:54:00,0.00018777579570006253,0.00018777579570006253,3.597211374095951e-05
C,2024-01-23,2024-01-23 14:55:00,-0.0001877405425703138,-0.0001877405425703138,-3.834898878828181e-06
C,2024-01-23,2024-01-23 14:56:00,-9.388789784992024e-05,-9.388789784992024e-05,4.0579720195715455e-05
C,2024-01-23,2024-01-23 14:57:00,-9.389671361492713e-05,-9.389671361492713e-05,7.832958436706474e-05
C,2024-01-23,2024-01-23 14:58:00,0.0003756221241431046,0.0003756221241431046,2.5060994496097693e-05
C,2024-01-23,2024-01-23 14:59:00,0.0001877405425703138,0.0001877405425703138,5.4253894717745324e-05
C,2024-01-23,2024-01-23 15:00:00,0.0007508212106990264,0.0007508212106990264,2.3190748270805553e-05
C,2024-01-23,2024-01-23 15:01:00,0.0,0.0,-0.00011507791588417671
C,2024-01-23,2024-01-23 15:02:00,-0.0003751289505766753,-0.0003751289505766753,5.979931750454027e-05
C,2024-01-23,2024-01-23 15:03:00,0.0,0.0,4.561151050987103e-05
C,2024-01-23,2024-01-23 15:04:00,-0.000187634862557573,-0.000187634862557573,2.034622220813302e-05
C,2024-01-23,2024-01-23 15:05:00,0.0001876700760063965,0.0001876700760063965,-1.7625582177473244e-05
C,2024-01-23,2024-01-23 15:06:00,0.00018763486255735096,0.00018763486255735096,1.7100409342379073e-07
C,2024-01-23,2024-01-23 15:07:00,-0.00018759966232062553,-0.00018759966232062553,-3.9034418068257706e-05
C,2024-01-23,2024-01-23 15:08:00,0.0,0.0,-2.713297313607915e-05
C,2024-01-23,2024-01-23 15:09:00,0.00028145229383613746,0.00028145229383613746,6.695517908838648e-06
C,2024-01-23,2024-01-23 15:10:00,0.0002813731007316189,0.0002813731007316189,-3.282005178562614e-05
C,2024-01-23,2024-01-23 15:11:00,0.0005625879043600346,0.0005625879043600346,1.1515757887753448e-05
C,2024-01-23,2024-01-23 15:12:00,0.0002811357885859067,0.0002811357885859067,-2.518991718545519e-05
C,2024-01-23,2024-01-23 15:13:00,0.00046842795578028174,0.00046842795578028174,-1.8912869406650376e-05
C,2024-01-23,2024-01-23 15:14:00,-9.364172675330185e-05,-9.364172675330185e-05,1.785161091175082e-05
C,2024-01-23,2024-01-23 15:15:00,-0.0006555534744333569,-0.0006555534744333569,3.7202153423452484e-05
C,2024-01-23,2024-01-23 15:16:00,0.0,0.0,5.5659192992101836e-05
C,2024-01-23,2024-01-23 15:17:00,-0.0003748477181145793,-0.0003748477181145793,3.746128703790156e-05
C,2024-01-23,2024-01-23 15:18:00,0.0004687353520202997,0.0004687353520202997,3.9535793890650444e-05
C,2024-01-23,2024-01-23 15:19:00,-0.000655922038980461,-0.000655922038980461,2.4706692956891186e-05
C,2024-01-23,2024-01-23 15:20:00,0.00018752930145327085,0.00018752930145327085,0.00015731262684436114
C,2024-01-23,2024-01-23 15:21:00,-9.374707040410435e-05,-9.374707040410435e-05,-8.01483057835928e-06
C,2024-01-23,2024-01-23 15:22:00,-9.375585974114031e-05,-9.375585974114031e-05,-1.3077709095817397e-05
C,2024-01-23,2024-01-23 15:23:00,-0.0001875293014534929,-0.0001875293014534929,-2.9690479596554343e-05
C,2024-01-23,2024-01-23 15:24:00,-0.00028134671293256197,-0.00028134671293256197,-3.9022044527870835e-06
C,2024-01-23,2024-01-23 15:25:00,0.0,0.0,-4.83448799429137e-06
C,2024-01-23,2024-01-23 15:26:00,-9.380863039387677e-05,-9.380863039387677e-05,1.8530989830921404e-05
C,2024-01-23,2024-01-23 15:27:00,0.0,0.0,-4.2660188567005904e-05
C,2024-01-23,2024-01-23 15:28:00,-0.000187634862557573,-0.000187634862557573,-3.2963496428280254e-05
C,2024-01-23,2024-01-23 15:29:00,-0.000375340152012682,-0.000375340152012682,-3.901530692526112e-05
C,2024-01-23,2024-01-23 15:30:00,0.0003754810851401835,0.0003754810851401835,-1.8875209635259257e-05
C,2024-01-23,2024-01-23 15:31:00,-0.000375340152012682,-0.000375340152012682,9.963552389670959e-06
C,2024-01-23,2024-01-23 15:32:00,-0.00037548108514029455,-0.00037548108514029455,-3.700318941290743e-05
C,2024-01-23,2024-01-23 15:33:00,9.390553103560961e-05,9.390553103560961e-05,5.5012237767165285e-05
C,2024-01-23,2024-01-23 15:34:00,-0.00018779342723018733,-0.00018779342723018733,-1.752681164584405e-05
C,2024-01-23,2024-01-23 15:35:00,0.0004695717505636132,0.0004695717505636132,-5.408051378603363e-05
C,2024-01-23,2024-01-23 15:36:00,0.0005632216277104973,0.0005632216277104973,4.835367099444051e-06
C,2024-01-23,2024-01-23 15:37:00,0.00037526972511492396,0.00037526972511492396,-9.121444492204002e-06
C,2024-01-23,2024-01-23 15:38:00,0.00046891118822101063,0.00046891118822101063,3.667541722572821e-06
C,2024-01-23,2024-01-23 15:39:00,-9.373828271475038e-05,-9.373828271475038e-05,-5.04795907683953e-06
C,2024-01-23,2024-01-23 15:40:00,-0.00018749414080809768,-0.00018749414080809768,4.4746678558133065e-05
C,2024-01-23,2024-01-23 15:41:00,0.0,0.0,-5.359909194887129e-06
C,2024-01-23,2024-01-23 15:42:00,0.00018752930145327085,0.00018752930145327085,-1.1893456766176593e-05
C,2024-01-23,2024-01-23 15:43:00,-0.0006562294928283974,-0.0006562294928283974,3.7982654588852256e-05
C,2024-01-23,2024-01-23 15:44:00,0.0002814258911820744,0.0002814258911820744,9.818733271288585e-05
C,2024-01-23,2024-01-23 15:45:00,0.0005626934258651239,0.0005626934258651239,7.714178857875735e-05
C,2024-01-23,2024-01-23 15:46:00,-0.0004686474833629495,-0.0004686474833629495,-2.3122927295919257e-06
C,2024-01-23,2024-01-23 15:47:00,-0.00037509377344346895,-0.00037509377344346895,3.1635959051795944e-05
C,2024-01-23,2024-01-23 15:48:00,-9.380863039387677e-05,-9.380863039387677e-05,4.159609680996945e-06
C,2024-01-23,2024-01-23 15:49:00,0.0,0.0,3.3869789947427685e-05
C,2024-01-23,2024-01-23 15:50:00,-0.000187634862557573,-0.000187634862557573,-9.898769947142603e-06
C,2024-01-23,2024-01-23 15:51:00,0.000375340152012793,0.000375340152012793,2.4377031852946334e-05
C,2024-01-23,2024-01-23 15:52:00,-0.00037519932464125105,-0.00037519932464125105,4.2505698815088993e-05
C,2024-01-23,2024-01-23 15:53:00,0.0001876700760063965,0.0001876700760063965,3.5481390942358255e-06
C,2024-01-23,2024-01-23 15:54:00,0.00018763486255735096,0.00018763486255735096,5.762323580676862e-05
C,2024-01-23,2024-01-23 15:55:00,-0.00018759966232062553,-0.00018759966232062553,7.857297489791964e-06
C,2024-01-23,2024-01-23 15:56:00,0.000562904587672497,0.000562904587672497,1.8271146032659097e-07
C,2024-01-23,2024-01-23 15:57:00,-0.001312705110173451,-0.001312705110173451,-1.9981841533184463e-05
C,2024-01-23,2024-01-23 15:58:00,0.000751103182799806,0.000751103182799806,0.000197478765354299
C,2024-01-24,2024-01-24 09:40:00,-0.0006549401197604166,-0.0006549401197604166,8.513572469976933e-05
C,2024-01-24,2024-01-24 09:41:00,-0.0001872483849827411,-0.0001872483849827411,8.283506727528701e-05
C,2024-01-24,2024-01-24 09:42:00,-0.00018728345350671471,-0.00018728345350671471,5.686076658850427e-05
C,2024-01-24,2024-01-24 09:43:00,0.00018731853516884556,0.00018731853516884556,0.00012863644770048653
C,2024-01-24,2024-01-24 09:44:00,-0.001404625901301526,-0.001404625901301526,6.708458650978548e-05
C,2024-01-24,2024-01-24 09:45:00,-0.0006564141035259041,-0.0006564141035259041,0.0003347870434569632
C,2024-01-24,2024-01-24 09:46:00,-9.383503800308723e-05,-9.383503800308723e-05,0.00018865177373632972
C,2024-01-24,2024-01-24 09:47:00,-0.0007507507507508171,-0.0007507507507508171,0.00014888146742803585
C,2024-01-24,2024-01-24 09:48:00,0.0008452291510143706,0.0008452291510143706,0.00018747429882359117
C,2024-01-24,2024-01-24 09:49:00,-0.0008445153420287843,-0.0008445153420287843,-2.3601854980057482e-05
C,2024-01-24,2024-01-24 09:50:00,-0.0008452291510141485,-0.0008452291510141485,0.00012029686817387391
C,2024-01-24,2024-01-24 09:51:00,0.0005639627784566059,0.0005639627784566059,9.878447088627359e-05
C,2024-01-24,2024-01-24 09:52:00,0.0012212306247065818,0.0012212306247065818,7.20573054607807e-05
C,2024-01-24,2024-01-24 09:53:00,-0.0002814787014447928,-0.0002814787014447928,-0.00035041307266338344
C,2024-01-24,2024-01-24 09:54:00,-0.00018770530267486762,-0.00018770530267486762,2.49461186971569e-05
C,2024-01-24,2024-01-24 09:55:00,-0.00028161081385524867,-0.00028161081385524867,5.960672092849122e-05
C,2024-01-24,2024-01-24 09:56:00,0.0001877934272300763,0.0001877934272300763,1.3111722808647503e-05
C,2024-01-24,2024-01-24 09:57:00,0.00018775816748006768,0.00018775816748006768,8.367257836952847e-05
C,2024-01-24,2024-01-24 09:58:00,-9.386146048429023e-05,-9.386146048429023e-05,6.944885146028675e-07
C,2024-01-24,2024-01-24 09:59:00,-0.00028161081385524867,-0.00028161081385524867,4.329828098649101e-05
C,2024-01-24,2024-01-24 10:00:00,-0.0003755868544600416,-0.0003755868544600416,5.7287450521791155e-06
C,2024-01-24,2024-01-24 10:01:00,-0.0006575239526583898,-0.0006575239526583898,3.2269065509020475e-05
C,2024-01-24,2024-01-24 10:02:00,9.399379640950833e-05,9.399379640950833e-05,2.81167421368191e-05
C,2024-01-24,2024-01-24 10:03:00,-0.0004699248120302313,-0.0004699248120302313,5.3880619026203126e-05
C,2024-01-24,2024-01-24 10:04:00,0.0,0.0,4.307050560826687e-05
C,2024-01-24,2024-01-24 10:05:00,0.0003761165961448931,0.0003761165961448931,4.078438587968827e-06
C,2024-01-24,2024-01-24 10:06:00,0.0005639627784566059,0.0005639627784566059,9.678750077686535e-05
C,2024-01-24,2024-01-24 10:07:00,0.0006575857209960567,0.0006575857209960567,3.2181247200641226e-05
C,2024-01-24,2024-01-24 10:08:00,-0.0003755163349608015,-0.0003755163349608015,-0.00010321062607547313
C,2024-01-24,2024-01-24 10:09:00,-0.0014087152516903956,-0.0014087152516903956,2.1894428586604975e-05
C,2024-01-24,2024-01-24 10:10:00,9.404683532410196e-05,9.404683532410196e-05,0.0002471515718058457
C,2024-01-24,2024-01-24 10:11:00,0.0004701899567425283,0.0004701899567425283,-4.859231291804528e-06
C,2024-01-24,2024-01-24 10:12:00,0.0008459441676849089,0.0008459441676849089,9.380746149613807e-06
C,2024-01-24,2024-01-24 10:13:00,-0.00046957175056328015,-0.00046957175056328015,-0.0001503945212333506
C,2024-01-24,2024-01-24 10:14:00,0.0,0.0,-1.8704558135583475e-05
C,2024-01-24,2024-01-24 10:15:00,-0.0006577092924927586,-0.0006577092924927586,1.1071977408988382e-05
C,2024-01-24,2024-01-24 10:16:00,-0.000188040616773133,-0.000188040616773133,2.7691936210710854e-05
C,2024-01-24,2024-01-24 10:17:00,-0.0002821139740455392,-0.0002821139740455392,8.577351968103559e-06
C,2024-01-24,2024-01-24 10:18:00,-0.0007525162261312612,-0.0007525162261312612,6.18432774447723e-05
C,2024-01-24,2024-01-24 10:19:00,-0.0005648121999434208,-0.0005648121999434208,6.305242770091534e-05
C,2024-01-24,2024-01-24 10:20:00,-0.0005651313930489232,-0.0005651313930489232,9.873839478326617e-05
C,2024-01-24,2024-01-24 10:21:00,-0.0007539345961737887,-0.0007539345961737887,0.00010846516507442194
C,2024-01-24,2024-01-24 10:22:00,9.431293030259802e-05,9.431293030259802e-05,0.00011516100018868172
C,2024-01-24,2024-01-24 10:23:00,-0.0002829121086382891,-0.0002829121086382891,8.944367292928669e-05
C,2024-01-24,2024-01-24 10:24:00,0.0008489765116499459,0.0008489765116499459,8.652021054347632e-05
C,2024-01-24,2024-01-24 10:25:00,-0.00018850141376058893,-0.00018850141376058893,-0.00014969474020761124
C,2024-01-24,2024-01-24 10:26:00,0.0002828054298642524,0.0002828054298642524,-4.169731364650162e-05
C,2024-01-24,2024-01-24 10:27:00,0.0009424182452173469,0.0009424182452173469,3.782683674590885e-05
C,2024-01-24,2024-01-24 10:28:00,-0.0009415309292910568,-0.0009415309292910568,-0.00017784473677497407
C,2024-01-24,2024-01-24 10:29:00,0.00018848364904333614,0.00018848364904333614,1.694449302902564e-05
C,2024-01-24,2024-01-24 10:30:00,0.0002826721944784172,0.0002826721944784172,3.0988890458980786e-06
C,2024-01-24,2024-01-24 10:31:00,0.0008477769404673374,0.0008477769404673374,-2.24976087622766e-05
C,2024-01-24,2024-01-24 10:32:00,-0.0001882352941176002,-0.0001882352941176002,-0.00016585585774444984
C,2024-01-24,2024-01-24 10:33:00,0.0001882707333145106,0.0001882707333145106,-2.0739911259711768e-05
C,2024-01-24,2024-01-24 10:34:00,0.0005647058823530227,0.0005647058823530227,-2.341964221333316e-05
C,2024-01-24,2024-01-24 10:35:00,0.0017872260370614956,0.0017872260370614956,4.9084372326030385e-05
C,2024-01-24,2024-01-24 10:36:00,0.0021596244131456555,0.0021596244131456555,-0.0003581262438283324
C,2024-01-24,2024-01-24 10:37:00,-0.0024360535931791105,-0.0024360535931791105,-0.00039088172876144175
C,2024-01-24,2024-01-24 10:38:00,0.0005635390250775529,0.0005635390250775529,0.0001462389305596062
C,2024-01-24,2024-01-24 10:39:00,0.0003754810851401835,0.0003754810851401835,-6.059585491492507e-05
C,2024-01-24,2024-01-24 10:40:00,0.0005630102280191895,0.0005630102280191895,-4.9039026510034554e-05
C,2024-01-24,2024-01-24 10:41:00,0.00028134671293256197,0.00028134671293256197,-8.017882285048335e-05
C,2024-01-24,2024-01-24 10:42:00,0.0,0.0,-2.8430798461548778e-05
C,2024-01-24,2024-01-24 10:43:00,0.0010313144571536537,0.0010313144571536537,-3.3358565088732014e-05
C,2024-01-24,2024-01-24 10:44:00,-0.0003746370703382462,-0.0003746370703382462,-0.0002348639843542949
C,2024-01-24,2024-01-24 10:45:00,0.0002810831069053332,0.0002810831069053332,-2.4416734011858142e-05
C,2024-01-24,2024-01-24 10:46:00,-0.00018733608092902365,-0.00018733608092902365,4.297420735128277e-05
C,2024-01-24,2024-01-24 10:47:00,9.368559115596753e-05,9.368559115596753e-05,-2.3165931144523885e-05
C,2024-01-24,2024-01-24 10:48:00,0.0002810304449649692,0.0002810304449649692,-3.6006668763929394e-05
C,2024-01-24,2024-01-24 10:49:00,-0.0009365049634763034,-0.0009365049634763034,7.312797060110604e-05
C,2024-01-24,2024-01-24 10:50:00,0.00028121484814391806,0.00028121484814391806,-2.52241893622133e-05
C,2024-01-24,2024-01-24 10:51:00,0.000655983506700375,0.000655983506700375,-5.9206272673631465e-05
C,2024-01-24,2024-01-24 10:52:00,0.0006555534744332459,0.0006555534744332459,-0.0001457199754175365
C,2024-01-24,2024-01-24 10:53:00,0.00018717828731884545,0.00018717828731884545,-0.00012240328738802772
C,2024-01-24,2024-01-24 10:54:00,0.00065500140357444,0.00065500140357444,-3.7696592970047534e-05
C,2024-01-24,2024-01-24 10:55:00,-0.00046755189826064303,-0.00046755189826064303,-0.00012755555459634975
C,2024-01-24,2024-01-24 10:56:00,-0.0004677706052951258,-0.0004677706052951258,9.884786940705048e-07
C,2024-01-24,2024-01-24 10:57:00,-0.0004679895170349724,-0.0004679895170349724,2.3194445447179914e-05
C,2024-01-24,2024-01-24 10:58:00,0.00018728345350704778,0.00018728345350704778,-6.276361497269477e-06
C,2024-01-24,2024-01-24 10:59:00,0.0011234903098962246,0.0011234903098962246,1.2711533863841317e-05
C,2024-01-24,2024-01-24 11:00:00,0.0,0.0,-0.00026233929360780804
C,2024-01-24,2024-01-24 11:01:00,0.0001870382493218692,0.0001870382493218692,-4.243393783428221e-05
C,2024-01-24,2024-01-24 11:02:00,-0.0009350163627864783,-0.0009350163627864783,7.281231273911311e-05
C,2024-01-24,2024-01-24 11:03:00,0.00018717828731884545,0.00018717828731884545,5.546650918379791e-05
C,2024-01-24,2024-01-24 11:04:00,0.0,0.0,9.972822772768508e-05
C,2024-01-24,2024-01-24 11:05:00,0.00037428651632809284,0.00037428651632809284,9.77183695016643e-06
C,2024-01-24,2024-01-24 11:06:00,-0.0001870732391731078,-0.0001870732391731078,4.9117198268569386e-05
C,2024-01-24,2024-01-24 11:07:00,0.0007484329684721569,0.0007484329684721569,-3.4753246148088675e-06
C,2024-01-24,2024-01-24 11:08:00,-0.0003739366177432091,-0.0003739366177432091,-6.78396969545173e-05
C,2024-01-24,2024-01-24 11:09:00,-0.0002805573739830258,-0.0002805573739830258,4.463138036572814e-06
C,2024-01-24,2024-01-24 11:10:00,0.00046772684752083293,0.00046772684752083293,-1.4171241524999245e-05
C,2024-01-24,2024-01-24 11:11:00,-0.0007480130902289828,-0.0007480130902289828,1.7318196308939176e-06
C,2024-01-24,2024-01-24 11:12:00,0.002339290727051635,0.002339290727051635,4.893459600806704e-06
C,2024-01-24,2024-01-24 11:13:00,-0.0015870052277821012,-0.0015870052277821012,-0.000357131121828285
C,2024-01-24,2024-01-24 11:14:00,-0.0005610098176718203,-0.0005610098176718203,0.00018265213306557405
C,2024-01-24,2024-01-24 11:15:00,0.0005613247263542842,0.0005613247263542842,3.327867775857206e-05
C,2024-01-24,2024-01-24 11:16:00,0.0008415147265077305,0.0008415147265077305,-1.9425755587044373e-05
C,2024-01-24,2024-01-24 11:17:00,0.001961883408071907,0.001961883408071907,-0.00010251855788683903
C,2024-01-24,2024-01-24 11:18:00,-0.00037296037296030704,-0.00037296037296030704,-0.00032754489920840883
C,2024-01-24,2024-01-24 11:19:00,-0.00018654976214915742,-0.00018654976214915742,-2.5243262984233066e-05
C,2024-01-24,2024-01-24 11:20:00,9.329228472809703e-05,9.329228472809703e-05,3.7697964103165806e-05
C,2024-01-24,2024-01-24 11:21:00,0.0,0.0,-3.640720490669901e-06
C,2024-01-24,2024-01-24 11:22:00,-0.0005597014925373678,-0.0005597014925373678,-2.872348906797408e-05
C,2024-01-24,2024-01-24 11:23:00,-0.00046667911144293583,-0.00046667911144293583,3.0272985484769338e-05
C,2024-01-24,2024-01-24 11:24:00,0.0,0.0,4.535344671000989e-05
C,2024-01-24,2024-01-24 11:25:00,-0.0005602764030254725,-0.0005602764030254725,5.875087550621959e-05
C,2024-01-24,2024-01-24 11:26:00,0.0011211809772961878,0.0011211809772961878,2.633412428884178e-05
C,2024-01-24,2024-01-24 11:27:00,-0.00037330844610361513,-0.00037330844610361513,-0.00023535291121632197
C,2024-01-24,2024-01-24 11:28:00,-0.0001867239286714728,-0.0001867239286714728,-4.6738965716884565e-05
C,2024-01-24,2024-01-24 11:29:00,9.337940050424542e-05,9.337940050424542e-05,-2.641833441869054e-06
C,2024-01-24,2024-01-24 11:30:00,0.0002801120448179262,0.0002801120448179262,3.372161058025689e-05
C,2024-01-24,2024-01-24 11:31:00,-0.00028003360403250355,-0.00028003360403250355,8.469200751655515e-05
C,2024-01-24,2024-01-24 11:32:00,-9.337068160586437e-05,-9.337068160586437e-05,-7.513450129360337e-06
C,2024-01-24,2024-01-24 11:33:00,0.0,0.0,-2.1269496610261918e-05
C,2024-01-24,2024-01-24 11:34:00,0.0016808292090766397,0.0016808292090766397,3.655975122486559e-05
C,2024-01-24,2024-01-24 11:35:00,-0.0007457816724155686,-0.0007457816724155686,-0.0003642388458308043
C,2024-01-24,2024-01-24 11:36:00,0.0012127997014645953,0.0012127997014645953,-4.83490020758047e-05
C,2024-01-24,2024-01-24 11:37:00,-0.000559075661572872,-0.000559075661572872,-0.0003021624659750642
C,2024-01-24,2024-01-24 11:38:00,-0.0002796942010069303,-0.0002796942010069303,-4.84946908084318e-05
C,2024-01-24,2024-01-24 11:39:00,-0.00046628741956522557,-0.00046628741956522557,4.718507107091826e-05
C,2024-01-24,2024-01-24 11:40:00,-0.00046650494495248385,-0.00046650494495248385,1.4246770384323934e-05
C,2024-01-24,2024-01-24 11:41:00,0.0007467562774201575,0.0007467562774201575,-9.330857388778338e-06
C,2024-01-24,2024-01-24 11:42:00,-0.00018654976214915742,-0.00018654976214915742,-4.882254003406254e-06
C,2024-01-24,2024-01-24 11:43:00,-0.0005597537083683601,-0.0005597537083683601,-2.1335717724372357e-05
C,2024-01-24,2024-01-24 11:44:00,0.00028003360403250355,0.00028003360403250355,0.00010593617027055915
C,2024-01-24,2024-01-24 11:45:00,0.00027995520716683764,0.00027995520716683764,-2.2496036144700622e-05
C,2024-01-24,2024-01-24 11:46:00,-0.00027987685418418007,-0.00027987685418418007,4.850207693774421e-05
C,2024-01-24,2024-01-24 11:47:00,-0.0005599104143336753,-0.0005599104143336753,-1.7779188720330962e-05
C,2024-01-24,2024-01-24 11:48:00,0.0,0.0,1.1944343549971914e-05
C,2024-01-24,2024-01-24 11:49:00,0.0006535947712418277,0.0006535947712418277,1.449492321557226e-05
C,2024-01-24,2024-01-24 11:50:00,-0.0003732387795092329,-0.0003732387795092329,-0.00011375255668661483
C,2024-01-24,2024-01-24 11:51:00,0.0001866890693551504,0.0001866890693551504,-3.3644377249329904e-05
C,2024-01-24,2024-01-24 11:52:00,-0.00018665422305186308,-0.00018665422305186308,3.010313102747174e-05
C,2024-01-24,2024-01-24 11:53:00,-0.00018668906935492835,-0.00018668906935492835,-3.194195820421378e-05
C,2024-01-24,2024-01-24 11:54:00,-9.33619643357364e-05,-9.33619643357364e-05,-6.243239872925343e-06
C,2024-01-24,2024-01-24 11:55:00,0.0,0.0,-4.445139936497828e-06
C,2024-01-24,2024-01-24 11:56:00,0.0008403361344537785,0.0008403361344537785,3.703925012243149e-06
C,2024-01-24,2024-01-24 11:57:00,-0.00027987685418418007,-0.00027987685418418007,-0.00012822608996453962
C,2024-01-24,2024-01-24 11:58:00,-0.00018663680477781774,-0.00018663680477781774,-3.023033517183047e-05
C,2024-01-24,2024-01-24 11:59:00,-0.00046667911144293583,-0.00046667911144293583,2.3650909954159737e-05
C,2024-01-24,2024-01-24 12:00:00,0.0003735176020169817,0.0003735176020169817,3.594930965110342e-06
C,2024-01-24,2024-01-24 12:01:00,-0.0008401008120975106,-0.0008401008120975106,2.5590926375289203e-05
C,2024-01-24,2024-01-24 12:02:00,-0.00046711509715979815,-0.00046711509715979815,2.8172688243596345e-05
C,2024-01-24,2024-01-24 12:03:00,-9.34666791290173e-05,-9.34666791290173e-05,2.3449148670892765e-05
C,2024-01-24,2024-01-24 12:04:00,-0.0005608524957935179,-0.0005608524957935179,0.00010601118554103617
C,2024-01-24,2024-01-24 12:05:00,-9.352787130567641e-05,-9.352787130567641e-05,7.414764150060177e-06
C,2024-01-24,2024-01-24 12:06:00,0.00018707323917332985,0.00018707323917332985,7.77142708841247e-05
C,2024-01-24,2024-01-24 12:07:00,0.0001870382493218692,0.0001870382493218692,2.1393415537420035e-05
C,2024-01-24,2024-01-24 12:08:00,0.00037400654511476894,0.00037400654511476894,-7.936326638033292e-06
C,2024-01-24,2024-01-24 12:09:00,9.346667912879525e-05,9.346667912879525e-05,7.284492479778e-06
C,2024-01-24,2024-01-24 12:10:00,9.345794392512374e-05,9.345794392512374e-05,4.3968427246275024e-05
C,2024-01-24,2024-01-24 12:11:00,0.0,0.0,7.237566308320172e-06
C,2024-01-24,2024-01-24 12:12:00,-0.0005606952621250993,-0.0005606952621250993,1.2536476571725435e-05
C,2024-01-24,2024-01-24 12:13:00,0.0005610098176718203,0.0005610098176718203,-4.614624262726744e-06
C,2024-01-24,2024-01-24 12:14:00,-0.0001868984207081814,-0.0001868984207081814,6.758212558473847e-05
C,2024-01-24,2024-01-24 12:15:00,-0.00018693335825792357,-0.00018693335825792357,1.1018922879484417e-05
C,2024-01-24,2024-01-24 12:16:00,-0.00018696830887177107,-0.00018696830887177107,1.5324042118068955e-06
C,2024-01-24,2024-01-24 12:17:00,-0.0003740065451144359,-0.0003740065451144359,2.5617695594442674e-05
C,2024-01-24,2024-01-24 12:18:00,-0.0002806098587596617,-0.0002806098587596617,6.194801791201594e-06
C,2024-01-24,2024-01-24 12:19:00,-0.00046781437125742453,-0.00046781437125742453,1.232455678829565e-05
C,2024-01-24,2024-01-24 12:20:00,0.0,0.0,3.804730146752379e-05
C,2024-01-24,2024-01-24 12:21:00,0.0002808199943835632,0.0002808199943835632,2.8061416015832495e-05
C,2024-01-24,2024-01-24 12:22:00,9.358038555129511e-05,9.358038555129511e-05,1.4138201254478793e-05
C,2024-01-24,2024-01-24 12:23:00,0.0004678581454102826,0.0004678581454102826,2.3796402760262767e-05
C,2024-01-24,2024-01-24 12:24:00,-0.0005611672278339475,-0.0005611672278339475,4.274283906862779e-05
C,2024-01-24,2024-01-24 12:25:00,9.358038555129511e-05,9.358038555129511e-05,6.7259647196032e-05
C,2024-01-24,2024-01-24 12:26:00,-0.0003742865163283149,-0.0003742865163283149,2.9921599576866685e-05
C,2024-01-24,2024-01-24 12:27:00,-0.0006552466535617585,-0.0006552466535617585,5.766803991235831e-05
C,2024-01-24,2024-01-24 12:28:00,0.0006556762832521379,0.0006556762832521379,4.934811921302596e-05
C,2024-01-24,2024-01-24 12:29:00,-0.00046803332397260533,-0.00046803332397260533,-7.927889790442315e-05
C,2024-01-24,2024-01-24 12:30:00,-0.0006555534744333569,-0.0006555534744333569,-8.130734032095215e-06
C,2024-01-24,2024-01-24 12:31:00,-0.000655983506700486,-0.000655983506700486,7.630927927287123e-05
C,2024-01-24,2024-01-24 12:32:00,9.377344336081173e-05,9.377344336081173e-05,5.48576080769527e-05
C,2024-01-24,2024-01-24 12:33:00,0.0007501172058133054,0.0007501172058133054,2.8435060459178436e-05
C,2024-01-24,2024-01-24 12:34:00,-0.0001873887379367778,-0.0001873887379367778,-9.727831230862101e-05
C,2024-01-24,2024-01-24 12:35:00,-0.00018742385905734515,-0.00018742385905734515,-1.4337011148560142e-05
C,2024-01-24,2024-01-24 12:36:00,0.0003749179866903152,0.0003749179866903152,-5.554374707950744e-06
C,2024-01-24,2024-01-24 12:37:00,-0.0003747774758736666,-0.0003747774758736666,3.9784389181057414e-05
C,2024-01-24,2024-01-24 12:38:00,0.0003749179866903152,0.0003749179866903152,3.4815892233896186e-05
C,2024-01-24,2024-01-24 12:39:00,-0.000936943689684222,-0.000936943689684222,-2.3954310318127438e-05
C,2024-01-24,2024-01-24 12:40:00,0.0006564756635094593,0.0006564756635094593,2.1495400722429357e-05
C,2024-01-24,2024-01-24 12:41:00,-9.372071227742307e-05,-9.372071227742307e-05,-9.76335249711654e-05
C,2024-01-24,2024-01-24 12:42:00,0.0001874589933452686,0.0001874589933452686,-1.665666302427773e-05
C,2024-01-24,2024-01-24 12:43:00,-0.00018742385905734515,-0.00018742385905734515,1.9702431128032138e-05
C,2024-01-24,2024-01-24 12:44:00,-0.0003749179866903152,-0.0003749179866903152,-2.181292741477784e-05
C,2024-01-24,2024-01-24 12:45:00,0.0,0.0,3.174352640787122e-05
C,2024-01-24,2024-01-24 12:46:00,0.0005625879043600346,0.0005625879043600346,2.0804054905432583e-05
C,2024-01-24,2024-01-24 12:47:00,-0.00018742385905734515,-0.00018742385905734515,1.792194376173257e-05
C,2024-01-24,2024-01-24 12:48:00,0.0003749179866903152,0.0003749179866903152,2.8626345178432688e-05
C,2024-01-24,2024-01-24 12:49:00,9.369436896866645e-05,9.369436896866645e-05,4.2971221738690844e-05
C,2024-01-24,2024-01-24 12:50:00,-9.36855911563006e-05,-9.36855911563006e-05,-1.0130121546131248e-05
C,2024-01-24,2024-01-24 12:51:00,0.00018738873793688882,0.00018738873793688882,4.750405853412814e-06
C,2024-01-24,2024-01-24 12:52:00,0.0002810304449649692,0.0002810304449649692,1.0192435470165946e-05
C,2024-01-24,2024-01-24 12:53:00,-0.00037460198539041034,-0.00037460198539041034,-3.654076568080383e-05
C,2024-01-24,2024-01-24 12:54:00,0.0002810567734683467,0.0002810567734683467,1.9946370250177412e-05
C,2024-01-24,2024-01-24 12:55:00,0.0,0.0,7.508424628205592e-05
C,2024-01-24,2024-01-24 12:56:00,0.000468296337922558,0.000468296337922558,3.257843390574492e-05
C,2024-01-24,2024-01-24 12:57:00,9.361542782260202e-05,9.361542782260202e-05,6.883451713265554e-05
C,2024-01-24,2024-01-24 12:58:00,0.0007488533183561685,0.0007488533183561685,4.1165712684804126e-05
C,2024-01-24,2024-01-24 12:59:00,9.353661958666493e-05,9.353661958666493e-05,-6.754177707153602e-05
C,2024-01-24,2024-01-24 13:00:00,-0.009352787130564866,-0.0035327054446708393,-1.1871134990382577e-05
C,2024-01-24,2024-01-24 13:01:00,0.008685800604229632,0.0032316783316532283,0.0004055160296407
C,2024-01-24,2024-01-24 13:02:00,-0.0003743916136279557,-0.0003743916136279557,-0.00029145843612604617
C,2024-01-24,2024-01-24 13:03:00,0.0007490636704119424,0.0007490636704119424,4.948375020148231e-05
C,2024-01-24,2024-01-24 13:04:00,-0.0008420658682635196,-0.0008420658682635196,-1.0938514593423421e-05
C,2024-01-24,2024-01-24 13:05:00,0.00018728345350704778,0.00018728345350704778,0.00013246643797464502
C,2024-01-24,2024-01-24 13:06:00,-0.0005617451549481123,-0.0005617451549481123,-5.0018251899044405e-06
C,2024-01-24,2024-01-24 13:07:00,0.00037470725995314424,0.00037470725995314424,0.00012061806265789343
C,2024-01-24,2024-01-24 13:08:00,0.0004682086337672864,0.0004682086337672864,0.00010705345014019226
C,2024-01-24,2024-01-24 13:09:00,-9.359790340701668e-05,-9.359790340701668e-05,5.746643796600248e-05
C,2024-01-24,2024-01-24 13:10:00,9.360666479452107e-05,9.360666479452107e-05,8.483081825497091e-05
C,2024-01-24,2024-01-24 13:11:00,9.359790340690566e-05,9.359790340690566e-05,9.848290085098777e-05
C,2024-01-24,2024-01-24 13:12:00,-0.0005615348619559812,-0.0005615348619559812,2.1986870246627164e-05
C,2024-01-24,2024-01-24 13:13:00,-9.364172675330185e-05,-9.364172675330185e-05,8.411121255322399e-05
C,2024-01-24,2024-01-24 13:14:00,0.0005619029780858931,0.0005619029780858931,8.352854481319317e-05
C,2024-01-24,2024-01-24 13:15:00,-9.359790340701668e-05,-9.359790340701668e-05,5.8382099887050696e-05
C,2024-01-24,2024-01-24 13:16:00,-0.0002808199943835632,-0.0002808199943835632,4.123920031613801e-05
C,2024-01-24,2024-01-24 13:17:00,-0.00037453183520608224,-0.00037453183520608224,8.007727462652568e-05
C,2024-01-24,2024-01-24 13:18:00,0.00028100412139386854,0.00028100412139386854,8.083332229025718e-05
C,2024-01-24,2024-01-24 13:19:00,0.0003745669070138735,0.0003745669070138735,6.903696721771892e-05
C,2024-01-24,2024-01-24 13:20:00,-0.0003744266591781953,-0.0003744266591781953,5.57515643029648e-05
C,2024-01-24,2024-01-24 13:21:00,0.0,0.0,3.674518700403945e-05
C,2024-01-24,2024-01-24 13:22:00,0.0002809251802602386,0.0002809251802602386,4.0592124228313875e-05
C,2024-01-24,2024-01-24 13:23:00,0.00074892342258015,0.00074892342258015,5.03497102921136e-05
C,2024-01-24,2024-01-24 13:24:00,-9.35453695042332e-05,-9.35453695042332e-05,-8.75922244622863e-05
C,2024-01-24,2024-01-24 13:25:00,0.0,0.0,4.9816866378414315e-05
C,2024-01-24,2024-01-24 13:26:00,0.00037421648423618947,0.00037421648423618947,6.645290285286035e-05
C,2024-01-24,2024-01-24 13:27:00,-0.00018703824932209123,-0.00018703824932209123,6.248783428150154e-05
C,2024-01-24,2024-01-24 13:28:00,9.353661958666493e-05,9.353661958666493e-05,1.890205025841678e-05
C,2024-01-24,2024-01-24 13:29:00,-0.00046763935652827104,-0.00046763935652827104,7.19569237820677e-05
C,2024-01-24,2024-01-24 13:30:00,-0.00018714325816426847,-0.00018714325816426847,5.7329980088268484e-05
C,2024-01-24,2024-01-24 13:31:00,-0.0003743565746372468,-0.0003743565746372468,7.79528118597488e-05
C,2024-01-24,2024-01-24 13:32:00,-0.0001872483849827411,-0.0001872483849827411,6.592379640560711e-05
C,2024-01-24,2024-01-24 13:33:00,0.00018728345350704778,0.00018728345350704778,5.040253043503661e-05
C,2024-01-24,2024-01-24 13:34:00,-0.0001872483849827411,-0.0001872483849827411,9.330628210177654e-05
C,2024-01-24,2024-01-24 13:35:00,0.0,0.0,2.231365490011899e-05
C,2024-01-24,2024-01-24 13:36:00,0.0,0.0,7.482306207997128e-05
C,2024-01-24,2024-01-24 13:37:00,-0.0003745669070136515,-0.0003745669070136515,5.201624715014862e-05
C,2024-01-24,2024-01-24 13:38:00,9.367681498817504e-05,9.367681498817504e-05,3.483817202025799e-05
C,2024-01-24,2024-01-24 13:39:00,0.00046834020232311424,0.00046834020232311424,7.447763045933681e-05
C,2024-01-24,2024-01-24 13:40:00,0.00037449676996526016,0.00037449676996526016,8.770578672934351e-05
C,2024-01-24,2024-01-24 13:41:00,0.0,0.0,6.589961870840402e-05
C,2024-01-24,2024-01-24 13:42:00,-0.0001871782873186234,-0.0001871782873186234,3.9670326294009015e-05
C,2024-01-24,2024-01-24 13:43:00,-0.00018721332958904213,-0.00018721332958904213,5.1245786343868324e-05
C,2024-01-24,2024-01-24 13:44:00,-0.0001872483849827411,-0.0001872483849827411,4.30946804958184e-05
C,2024-01-24,2024-01-24 13:45:00,0.0004682086337672864,0.0004682086337672864,2.969914308943115e-05
C,2024-01-24,2024-01-24 13:46:00,9.359790340690566e-05,9.359790340690566e-05,7.144686790495276e-05
C,2024-01-24,2024-01-24 13:47:00,9.35891436593117e-05,9.35891436593117e-05,6.906812102490636e-05
C,2024-01-24,2024-01-24 13:48:00,-0.0013101253977166882,-0.0013101253977166882,8.184881189390467e-06
C,2024-01-24,2024-01-24 13:49:00,0.00065592203898035,0.00065592203898035,0.0002872666272438893
C,2024-01-24,2024-01-24 13:50:00,0.0,0.0,-5.3557792165881024e-05
C,2024-01-24,2024-01-24 13:51:00,9.364172675341287e-05,9.364172675341287e-05,4.775286877187625e-05
C,2024-01-24,2024-01-24 13:52:00,9.36329588014928e-05,9.36329588014928e-05,5.547953313487032e-05
C,2024-01-24,2024-01-24 13:53:00,-9.362419249137055e-05,-9.362419249137055e-05,7.348838000959467e-05
C,2024-01-24,2024-01-24 13:54:00,-0.000468164794007464,-0.000468164794007464,3.81821975149276e-05
C,2024-01-24,2024-01-24 13:55:00,0.0005620608899297164,0.0005620608899297164,6.783234650750656e-05
C,2024-01-24,2024-01-24 13:56:00,0.0,0.0,5.240348423981983e-05
C,2024-01-24,2024-01-24 13:57:00,0.0,0.0,2.7924061266729627e-05
C,2024-01-24,2024-01-24 13:58:00,9.36241924911485e-05,9.36241924911485e-05,4.351002509432571e-05
C,2024-01-24,2024-01-24 13:59:00,9.361542782260202e-05,9.361542782260202e-05,7.409850944860546e-05
C,2024-01-24,2024-01-24 14:00:00,-0.00046803332397260533,-0.00046803332397260533,1.3787175267586713e-05
C,2024-01-24,2024-01-24 14:01:00,-0.00037460198539041034,-0.00037460198539041034,-4.569079543478145e-06
C,2024-01-24,2024-01-24 14:02:00,0.0002810567734683467,0.0002810567734683467,1.7406354979837306e-05
C,2024-01-24,2024-01-24 14:03:00,0.00018731853516884556,0.00018731853516884556,5.796558733083288e-05
C,2024-01-24,2024-01-24 14:04:00,0.000749133814027747,0.000749133814027747,-1.4856337973424756e-06
C,2024-01-24,2024-01-24 14:05:00,-9.357162908207872e-05,-9.357162908207872e-05,-7.95693328340489e-05
C,2024-01-24,2024-01-24 14:06:00,0.0005614823133071045,0.0005614823133071045,-5.164772233222481e-05
C,2024-01-24,2024-01-24 14:07:00,-0.0002805836139168072,-0.0002805836139168072,-3.4100047678949414e-05
C,2024-01-24,2024-01-24 14:08:00,9.355412105915839e-05,9.355412105915839e-05,-5.277610480951566e-05
C,2024-01-24,2024-01-24 14:09:00,0.0005612722170251772,0.0005612722170251772,3.9858185437718556e-05
C,2024-01-24,2024-01-24 14:10:00,-0.0004674644727001853,-0.0004674644727001853,-6.300034856515192e-05
C,2024-01-24,2024-01-24 14:11:00,-0.0002806098587596617,-0.0002806098587596617,-1.3119778521488301e-05
C,2024-01-24,2024-01-24 14:12:00,-0.00028068862275454354,-0.00028068862275454354,2.0157112894036063e-05
C,2024-01-24,2024-01-24 14:13:00,-0.0007487131492744936,-0.0007487131492744936,1.7517619395595454e-05
C,2024-01-24,2024-01-24 14:14:00,-0.0013112297461834732,-0.0013112297461834732,4.53859484102918e-06
C,2024-01-24,2024-01-24 14:15:00,0.0005626934258651239,0.0005626934258651239,0.0003176356758322802
C,2024-01-24,2024-01-24 14:16:00,-0.0002811884900177919,-0.0002811884900177919,8.328780537690581e-05
C,2024-01-24,2024-01-24 14:17:00,0.00037502343896500534,0.00037502343896500534,8.942463290515845e-05
C,2024-01-24,2024-01-24 14:18:00,-0.0002811621368322692,-0.0002811621368322692,0.00010223061981041035
C,2024-01-24,2024-01-24 14:19:00,-9.374707040410435e-05,-9.374707040410435e-05,9.16803600857712e-05
C,2024-01-24,2024-01-24 14:20:00,-0.001406337896118548,-0.001406337896118548,3.336982057435734e-05
C,2024-01-24,2024-01-24 14:21:00,0.00037555159140012506,0.00037555159140012506,0.00022960850194819637
C,2024-01-24,2024-01-24 14:22:00,-0.0005631159080243808,-0.0005631159080243808,2.522076192214735e-05
C,2024-01-24,2024-01-24 14:23:00,-0.0006573387172505996,-0.0006573387172505996,3.0172964935150566e-05
C,2024-01-24,2024-01-24 14:24:00,0.0004698364968991342,0.0004698364968991342,9.615440743325281e-05
C,2024-01-24,2024-01-24 14:25:00,0.00028176951253877647,0.00028176951253877647,2.1550475365928602e-05
C,2024-01-24,2024-01-24 14:26:00,-0.000657276995305045,-0.000657276995305045,3.07229407838233e-05
C,2024-01-24,2024-01-24 14:27:00,-0.00046979235178057355,-0.00046979235178057355,9.161344008374671e-05
C,2024-01-24,2024-01-24 14:28:00,9.400263207370863e-05,9.400263207370863e-05,9.331115386818821e-05
C,2024-01-24,2024-01-24 14:29:00,0.0004699689820470976,0.0004699689820470976,3.7243314627478776e-05
C,2024-01-24,2024-01-24 14:30:00,-0.0002818489289740933,-0.0002818489289740933,-2.2081774140130693e-05
C,2024-01-24,2024-01-24 14:31:00,0.00018795226012602306,0.00018795226012602306,5.760679836172042e-06
C,2024-01-24,2024-01-24 14:32:00,0.0,0.0,-2.718054436907306e-05
C,2024-01-24,2024-01-24 14:33:00,0.0,0.0,-7.532698951078789e-05
C,2024-01-24,2024-01-24 14:34:00,0.00037583388142437,0.00037583388142437,-4.599027783375156e-05
C,2024-01-24,2024-01-24 14:35:00,0.0004696158542312201,0.0004696158542312201,3.891310968513523e-05
C,2024-01-24,2024-01-24 14:36:00,-0.0008449117536611928,-0.0008449117536611928,-5.129372312669175e-05
C,2024-01-24,2024-01-24 14:37:00,-0.0009395847035611471,-0.0009395847035611471,9.19523585210538e-06
C,2024-01-24,2024-01-24 14:38:00,0.0014107025298599751,0.0014107025298599751,7.291562281783336e-05
C,2024-01-24,2024-01-24 14:39:00,-0.0004695717505635022,-0.0004695717505635022,-0.000304414915708877
C,2024-01-24,2024-01-24 14:40:00,0.0004697923517804625,0.0004697923517804625,2.0362583463965954e-06
C,2024-01-24,2024-01-24 14:41:00,-0.0002817430503381235,-0.0002817430503381235,3.119038008173492e-05
C,2024-01-24,2024-01-24 14:42:00,0.0003757632691405721,0.0003757632691405721,-1.793948513055578e-05
C,2024-01-24,2024-01-24 14:43:00,9.390553103560961e-05,9.390553103560961e-05,8.00416275108387e-06
C,2024-01-24,2024-01-24 14:44:00,0.00037558685445993056,0.00037558685445993056,1.796291845852744e-05
C,2024-01-24,2024-01-24 14:45:00,0.0,0.0,-3.6634776792373215e-06
C,2024-01-24,2024-01-24 14:46:00,0.0004693073024217842,0.0004693073024217842,-5.991732393183206e-05
C,2024-01-24,2024-01-24 14:47:00,-0.0002814522938362485,-0.0002814522938362485,-2.935870164074189e-05
C,2024-01-24,2024-01-24 14:48:00,-0.00028153153153154253,-0.00028153153153154253,-6.5559045357530185e-06
C,2024-01-24,2024-01-24 14:49:00,-0.0001877405425703138,-0.0001877405425703138,-9.186137734587288e-06
C,2024-01-24,2024-01-24 14:50:00,-0.00018777579569972946,-0.00018777579569972946,5.9029128024444775e-06
C,2024-01-24,2024-01-24 14:51:00,-0.00037562212414332663,-0.00037562212414332663,-1.5765060782059848e-05
C,2024-01-24,2024-01-24 14:52:00,0.00018788163457039708,0.00018788163457039708,2.085688482548421e-05
C,2024-01-24,2024-01-24 14:53:00,0.00028176951253877647,0.00028176951253877647,6.285486402768439e-05
C,2024-01-24,2024-01-24 14:54:00,-0.00028169014084511446,-0.00028169014084511446,3.433949122162623e-05
C,2024-01-24,2024-01-24 14:55:00,9.392317084611079e-05,9.392317084611079e-05,-1.2257015237300387e-05
C,2024-01-24,2024-01-24 14:56:00,-0.0002817430503381235,-0.0002817430503381235,3.708901698203617e-07
C,2024-01-24,2024-01-24 14:57:00,0.0003757632691405721,0.0003757632691405721,-3.0324142247686908e-06
C,2024-01-24,2024-01-24 14:58:00,-0.00018781106207166332,-0.00018781106207166332,2.3784742374803088e-05
C,2024-01-24,2024-01-24 14:59:00,0.00018784634169266567,0.00018784634169266567,3.1347246634694536e-05
C,2024-01-24,2024-01-24 15:00:00,0.00018781106207144127,0.00018781106207144127,4.9638360140691115e-05
C,2024-01-24,2024-01-24 15:01:00,-0.00018777579569972946,-0.00018777579569972946,-9.597000046955976e-06
C,2024-01-24,2024-01-24 15:02:00,0.0,0.0,2.5454614218446934e-05
C,2024-01-24,2024-01-24 15:03:00,9.390553103560961e-05,9.390553103560961e-05,-5.4745579693428505e-06
C,2024-01-24,2024-01-24 15:04:00,0.0001877934272300763,0.0001877934272300763,-3.7080073247784077e-05
C,2024-01-24,2024-01-24 15:05:00,-0.0002816372512204346,-0.0002816372512204346,5.69353712846551e-06
C,2024-01-24,2024-01-24 15:06:00,0.00018781106207144127,0.00018781106207144127,2.683615401487065e-05
C,2024-01-24,2024-01-24 15:07:00,-0.000375551591399792,-0.000375551591399792,2.2685264476507078e-05
C,2024-01-24,2024-01-24 15:08:00,-0.00018784634169255465,-0.00018784634169255465,-2.5843229041858108e-05
C,2024-01-24,2024-01-24 15:09:00,-0.0005636449037105251,-0.0005636449037105251,-1.035787763052696e-05
C,2024-01-24,2024-01-24 15:10:00,-0.0005639627784566059,-0.0005639627784566059,4.9142198524303236e-05
C,2024-01-24,2024-01-24 15:11:00,-0.0002821405059719728,-0.0002821405059719728,6.192528929973796e-05
C,2024-01-24,2024-01-24 15:12:00,-0.00018814675446843232,-0.00018814675446843232,3.4556517324524865e-05
C,2024-01-24,2024-01-24 15:13:00,-0.0005645464809935774,-0.0005645464809935774,4.3274548021407015e-05
C,2024-01-24,2024-01-24 15:14:00,-0.0005648653737526654,-0.0005648653737526654,0.0001328014537935935
C,2024-01-24,2024-01-24 15:15:00,0.00037678975131871795,0.00037678975131871795,0.00012177422180064254
C,2024-01-24,2024-01-24 15:16:00,0.0,0.0,9.418490658312416e-05
C,2024-01-24,2024-01-24 15:17:00,-0.0012241054613937319,-0.0012241054613937319,-9.038795329606675e-06
C,2024-01-24,2024-01-24 15:18:00,0.0007542189120393061,0.0007542189120393061,0.000232318566856588
C,2024-01-24,2024-01-24 15:19:00,0.0,0.0,-0.0001135272448944175
C,2024-01-24,2024-01-24 15:20:00,9.420631182277539e-05,9.420631182277539e-05,-6.476213500910427e-05
C,2024-01-24,2024-01-24 15:21:00,-0.00028259231348903846,-0.00028259231348903846,4.032715683230548e-05
C,2024-01-24,2024-01-24 15:22:00,0.00047112032413099136,0.00047112032413099136,-3.5515126090574825e-05
C,2024-01-24,2024-01-24 15:23:00,0.0002825390845733189,0.0002825390845733189,3.5472019434474316e-05
C,2024-01-24,2024-01-24 15:24:00,9.415309292903906e-05,9.415309292903906e-05,-3.816806308640389e-06
C,2024-01-24,2024-01-24 15:25:00,-0.00047072114479385085,-0.00047072114479385085,5.062622006228271e-05
C,2024-01-24,2024-01-24 15:26:00,-9.418856550824639e-05,-9.418856550824639e-05,-3.395805933281908e-05
C,2024-01-24,2024-01-24 15:27:00,-0.00047098718914839743,-0.00047098718914839743,-3.454143248130607e-05
C,2024-01-24,2024-01-24 15:28:00,0.00018848364904333614,0.00018848364904333614,-2.5213356414261468e-05
C,2024-01-24,2024-01-24 15:29:00,0.0008480165834354736,0.0008480165834354736,9.440553502606327e-06
C,2024-01-24,2024-01-24 15:30:00,-0.0003765769158350363,-0.0003765769158350363,-9.900610254060283e-05
C,2024-01-24,2024-01-24 15:31:00,0.00047089847428893883,0.00047089847428893883,-7.11735382590755e-06
C,2024-01-24,2024-01-24 15:32:00,-9.41353666572553e-05,-9.41353666572553e-05,5.233035062902838e-05
C,2024-01-24,2024-01-24 15:33:00,-9.414422895870356e-05,-9.414422895870356e-05,-7.800716397674754e-06
C,2024-01-24,2024-01-24 15:34:00,0.0,0.0,-2.6430858048696253e-05
C,2024-01-24,2024-01-24 15:35:00,0.0,0.0,3.9953367364240335e-05
C,2024-01-24,2024-01-24 15:36:00,-0.0003766123717164893,-0.0003766123717164893,1.4181730338568124e-05
C,2024-01-24,2024-01-24 15:37:00,0.000753508524065083,0.000753508524065083,-2.9767894350641656e-05
C,2024-01-24,2024-01-24 15:38:00,-9.411764705891112e-05,-9.411764705891112e-05,-6.216240828165269e-05
C,2024-01-24,2024-01-24 15:39:00,9.412650602413919e-05,9.412650602413919e-05,-7.459281765186053e-06
C,2024-01-24,2024-01-24 15:40:00,0.00018823529411782225,0.00018823529411782225,5.8273844330167735e-05
C,2024-01-24,2024-01-24 15:41:00,0.0,0.0,4.240576414835826e-05
C,2024-01-24,2024-01-24 15:42:00,0.0009409993413003193,0.0009409993413003193,-7.65970998919465e-06
C,2024-01-24,2024-01-24 15:43:00,-0.0005640688163955909,-0.0005640688163955909,-0.00018484336435816735
C,2024-01-24,2024-01-24 15:44:00,0.0,0.0,3.4467591399956545e-06
C,2024-01-24,2024-01-24 15:45:00,0.00018812905653264878,0.00018812905653264878,-4.738015333923752e-06
C,2024-01-24,2024-01-24 15:46:00,-0.0003761873412960748,-0.0003761873412960748,-4.222786260459332e-05
C,2024-01-24,2024-01-24 15:47:00,0.00037632891146865965,0.00037632891146865965,6.60131531079352e-05
C,2024-01-24,2024-01-24 15:48:00,-0.0003761873412960748,-0.0003761873412960748,7.755226933231736e-05
C,2024-01-24,2024-01-24 15:49:00,0.00028224668360143923,0.00028224668360143923,2.785338790786696e-05
C,2024-01-24,2024-01-24 15:50:00,0.0006583897667420402,0.0006583897667420402,4.286258444468421e-05
C,2024-01-24,2024-01-24 15:51:00,0.0011279255569132118,0.0011279255569132118,-2.348812567537632e-05
C,2024-01-24,2024-01-24 15:52:00,-0.0005633273870998545,-0.0005633273870998545,-0.00022669700591179546
C,2024-01-24,2024-01-24 15:53:00,0.00046970408642565964,0.00046970408642565964,-8.771278713243282e-06
C,2024-01-24,2024-01-24 15:54:00,-0.00028169014084511446,-0.00028169014084511446,5.403386170862845e-05
C,2024-01-24,2024-01-24 15:55:00,0.00018784634169266567,0.00018784634169266567,1.593880734502104e-05
C,2024-01-24,2024-01-24 15:56:00,-0.00018781106207166332,-0.00018781106207166332,2.2803667554508174e-05
C,2024-01-24,2024-01-24 15:57:00,-0.00018784634169255465,-0.00018784634169255465,9.844535575886951e-06
C,2024-01-24,2024-01-24 15:58:00,0.0009394081728510972,0.0009394081728510972,4.831386441668655e-05
C,2024-01-25,2024-01-25 09:40:00,-0.000654511453950346,-0.000654511453950346,0.00016429618282559025
C,2024-01-25,2024-01-25 09:41:00,0.00018712574850310304,0.00018712574850310304,0.00014615965223308968
C,2024-01-25,2024-01-25 09:42:00,-0.0006548175865295214,-0.0006548175865295214,4.680378751458933e-05
C,2024-01-25,2024-01-25 09:43:00,0.00046803332397260533,0.00046803332397260533,0.00018054958701597067
C,2024-01-25,2024-01-25 09:44:00,0.00037425149700598404,0.00037425149700598404,0.00014813543384244865
C,2024-01-25,2024-01-25 09:45:00,-0.0001870557426112418,-0.0001870557426112418,0.00010191709992028421
C,2024-01-25,2024-01-25 09:46:00,0.0005612722170251772,0.0005612722170251772,9.794989751598617e-05
C,2024-01-25,2024-01-25 09:47:00,-9.34928945401925e-05,-9.34928945401925e-05,7.520854453863276e-05
C,2024-01-25,2024-01-25 09:48:00,-9.35016362785257e-05,-9.35016362785257e-05,6.581467614234484e-05
C,2024-01-25,2024-01-25 09:49:00,0.0005610622779128605,0.0005610622779128605,0.00010130767907456552
C,2024-01-25,2024-01-25 09:50:00,-0.00018691588785058055,-0.00018691588785058055,3.5422584958439645e-05
C,2024-01-25,2024-01-25 09:51:00,0.00018695083193120965,0.00018695083193120965,4.591608125835706e-05
C,2024-01-25,2024-01-25 09:52:00,0.00018691588785046953,0.00018691588785046953,5.329934310318205e-05
C,2024-01-25,2024-01-25 09:53:00,-0.0011212857409830246,-0.0011212857409830246,3.1098702839795274e-05
C,2024-01-25,2024-01-25 09:54:00,0.001403180542563165,0.001403180542563165,0.00019911676205781564
C,2024-01-25,2024-01-25 09:55:00,0.0001868285847732576,0.0001868285847732576,-0.000327177738951047
C,2024-01-25,2024-01-25 09:56:00,0.0014009526478004908,0.0014009526478004908,-4.699664111040006e-06
C,2024-01-25,2024-01-25 09:57:00,-0.00018653236336496626,-0.00018653236336496626,-0.0003156664424148043
C,2024-01-25,2024-01-25 09:58:00,-0.0001865671641790856,-0.0001865671641790856,-3.646918887983405e-05
C,2024-01-25,2024-01-25 09:59:00,-0.0012129128568764136,-0.0012129128568764136,-4.0066817756670457e-05
C,2024-01-25,2024-01-25 10:00:00,9.341429238673982e-05,9.341429238673982e-05,0.00022229807294365793
C,2024-01-25,2024-01-25 10:01:00,0.00046702783485885746,0.00046702783485885746,3.1267583105668226e-05
C,2024-01-25,2024-01-25 10:02:00,-0.0007468957146857802,-0.0007468957146857802,2.854772701279056e-05
C,2024-01-25,2024-01-25 10:03:00,0.0012146127254040184,0.0012146127254040184,5.656113110528832e-05
C,2024-01-25,2024-01-25 10:04:00,-0.00018663680477781774,-0.00018663680477781774,-0.0003546635057994689
C,2024-01-25,2024-01-25 10:05:00,0.00018667164457708552,0.00018667164457708552,-4.978829393341287e-05
C,2024-01-25,2024-01-25 10:06:00,0.0007465472191117151,0.0007465472191117151,-2.303241339425646e-05
C,2024-01-25,2024-01-25 10:07:00,0.0008392390898916968,0.0008392390898916968,-6.669541825297705e-05
C,2024-01-25,2024-01-25 10:08:00,0.000559023572160644,0.000559023572160644,-0.00011450778440575055
C,2024-01-25,2024-01-25 10:09:00,0.00018623707980247595,0.00018623707980247595,-1.3621314862449133e-05
C,2024-01-25,2024-01-25 10:10:00,-0.00018620240201094873,-0.00018620240201094873,7.615828793482919e-05
C,2024-01-25,2024-01-25 10:11:00,-0.00018623707980258697,-0.00018623707980258697,7.588352395381633e-05
C,2024-01-25,2024-01-25 10:12:00,-0.0003725435410264488,-0.0003725435410264488,0.00011986390190619078
C,2024-01-25,2024-01-25 10:13:00,-0.00037268238144050336,-0.00037268238144050336,0.00013014046580462547
C,2024-01-25,2024-01-25 10:14:00,0.00037282132537996837,0.00037282132537996837,0.00019697368152854508
C,2024-01-25,2024-01-25 10:15:00,0.0006521941675208254,0.0006521941675208254,0.00012722382148557413
C,2024-01-25,2024-01-25 10:16:00,0.0004655493482308426,0.0004655493482308426,-7.324161412488824e-05
C,2024-01-25,2024-01-25 10:17:00,-0.0009306654257793534,-0.0009306654257793534,-3.175847246547986e-05
C,2024-01-25,2024-01-25 10:18:00,0.0006520726595249382,0.0006520726595249382,-7.718577657824863e-06
C,2024-01-25,2024-01-25 10:19:00,-0.0005585552038727126,-0.0005585552038727126,-0.0001141748477337642
C,2024-01-25,2024-01-25 10:20:00,0.0005588673621461648,0.0005588673621461648,-4.79932999575864e-05
C,2024-01-25,2024-01-25 10:21:00,0.0005585552038727126,0.0005585552038727126,-7.391318160940451e-06
C,2024-01-25,2024-01-25 10:22:00,-9.304056568670838e-05,-9.304056568670838e-05,-5.465709062419315e-05
C,2024-01-25,2024-01-25 10:23:00,-0.0001860984460780868,-0.0001860984460780868,2.055376290016811e-05
C,2024-01-25,2024-01-25 10:24:00,-0.00037226617031171916,-0.00037226617031171916,9.407396915093108e-05
C,2024-01-25,2024-01-25 10:25:00,-0.0056791732613350465,-0.003557184373630076,0.00011557455067737179
C,2024-01-25,2024-01-25 10:26:00,0.005337078651685534,0.0033384330635093484,0.00041257814945193285
C,2024-01-25,2024-01-25 10:27:00,0.0,0.0,-0.00029676874692765546
C,2024-01-25,2024-01-25 10:28:00,0.0001862717705132244,0.0001862717705132244,-3.2079000741464286e-05
C,2024-01-25,2024-01-25 10:29:00,-0.00027935561970393596,-0.00027935561970393596,-3.783395785247564e-06
C,2024-01-25,2024-01-25 10:30:00,-0.0007451564828613311,-0.0007451564828613311,-7.535122737965418e-07
C,2024-01-25,2024-01-25 10:31:00,-0.0002796420581655523,-0.0002796420581655523,-7.951976834379968e-06
C,2024-01-25,2024-01-25 10:32:00,-0.0007459207459207251,-0.0007459207459207251,3.1952783275546144e-05
C,2024-01-25,2024-01-25 10:33:00,-0.0002799290846319247,-0.0002799290846319247,5.154328874250097e-05
C,2024-01-25,2024-01-25 10:34:00,-0.00018667164457719654,-0.00018667164457719654,3.8428675889240306e-05
C,2024-01-25,2024-01-25 10:35:00,-0.0002800597460791421,-0.0002800597460791421,7.68480003962582e-05
C,2024-01-25,2024-01-25 10:36:00,0.00018675880100849085,0.00018675880100849085,7.159976635058454e-05
C,2024-01-25,2024-01-25 10:37:00,0.0,0.0,3.925411273588467e-06
C,2024-01-25,2024-01-25 10:38:00,-0.0005601717860143074,-0.0005601717860143074,2.1640800687819343e-05
C,2024-01-25,2024-01-25 10:39:00,-0.0013078000934144685,-0.0013078000934144685,6.554680350632361e-06
C,2024-01-25,2024-01-25 10:40:00,0.0007482929566926533,0.0007482929566926533,0.00026354831646740334
C,2024-01-25,2024-01-25 10:41:00,0.0001869333582575905,0.0001869333582575905,-8.838165021427398e-05
C,2024-01-25,2024-01-25 10:42:00,0.0,0.0,-1.1780541443841325e-05
C,2024-01-25,2024-01-25 10:43:00,0.00046724605177095313,0.00046724605177095313,0.00014234083140072729
C,2024-01-25,2024-01-25 10:44:00,-0.0004670278348590795,-0.0004670278348590795,7.370390363730673e-05
C,2024-01-25,2024-01-25 10:45:00,0.0007475936828333918,0.0007475936828333918,4.191991820463748e-05
C,2024-01-25,2024-01-25 10:46:00,0.0003735176020169817,0.0003735176020169817,-3.670753100509354e-05
C,2024-01-25,2024-01-25 10:47:00,-0.0009334453467748638,-0.0009334453467748638,-2.8953381791883802e-05
C,2024-01-25,2024-01-25 10:48:00,-0.0003737269924319886,-0.0003737269924319886,0.00012188426294755823
C,2024-01-25,2024-01-25 10:49:00,0.0009346667912888407,0.0009346667912888407,0.00010872084822964206
C,2024-01-25,2024-01-25 10:50:00,-0.0011205528060510561,-0.0011205528060510561,-0.00018469013987951145
C,2024-01-25,2024-01-25 10:51:00,-0.0010283256987940748,-0.0010283256987940748,9.473871613937549e-05
C,2024-01-25,2024-01-25 10:52:00,-0.001029384241063025,-0.001029384241063025,0.00022012671958158373
C,2024-01-25,2024-01-25 10:53:00,0.0007494145199062885,0.0007494145199062885,0.0001943481444864877
C,2024-01-25,2024-01-25 10:54:00,-0.00046803332397260533,-0.00046803332397260533,3.574662186250647e-05
C,2024-01-25,2024-01-25 10:55:00,0.00018730099269514966,0.00018730099269514966,0.00020095559616985613
C,2024-01-25,2024-01-25 10:56:00,-0.000936329588014928,-0.000936329588014928,0.00011360655891904075
C,2024-01-25,2024-01-25 10:57:00,0.0003748828491096923,0.0003748828491096923,0.00017787624266248629
C,2024-01-25,2024-01-25 10:58:00,-0.00028105677346823565,-0.00028105677346823565,2.014641063270146e-05
C,2024-01-25,2024-01-25 10:59:00,0.0,0.0,4.525533565626816e-06
C,2024-01-25,2024-01-25 11:00:00,-0.00046855964764325186,-0.00046855964764325186,1.3558056761079123e-05
C,2024-01-25,2024-01-25 11:01:00,0.00018751171948250267,0.00018751171948250267,3.000637697928975e-05
C,2024-01-25,2024-01-25 11:02:00,0.00028121484814391806,0.00028121484814391806,-1.0586443873791184e-05
C,2024-01-25,2024-01-25 11:03:00,0.00028113578858568467,0.00028113578858568467,-3.5683015921541345e-05
C,2024-01-25,2024-01-25 11:04:00,2.220446049250313e-16,2.220446049250313e-16,-2.4416096587203568e-06
C,2024-01-25,2024-01-25 11:05:00,-9.36855911563006e-05,-9.36855911563006e-05,8.83365306135655e-06
C,2024-01-25,2024-01-25 11:06:00,0.00018738873793688882,0.00018738873793688882,-9.772307156957469e-06
C,2024-01-25,2024-01-25 11:07:00,-0.0009367681498828606,-0.0009367681498828606,4.195198572462547e-05
C,2024-01-25,2024-01-25 11:08:00,-9.376465072674645e-05,-9.376465072674645e-05,2.2325320749571296e-05
C,2024-01-25,2024-01-25 11:09:00,0.0,0.0,6.760441911941284e-05
C,2024-01-25,2024-01-25 11:10:00,-0.0002813203300825462,-0.0002813203300825462,5.0381942549986246e-05
C,2024-01-25,2024-01-25 11:11:00,9.379983116031276e-05,9.379983116031276e-05,7.918720821883986e-05
C,2024-01-25,2024-01-25 11:12:00,-0.0005627462014631268,-0.0005627462014631268,8.144931292180118e-05
C,2024-01-25,2024-01-25 11:13:00,0.0,0.0,0.0001436217163117533
C,2024-01-25,2024-01-25 11:14:00,0.0007507507507507061,0.0007507507507507061,0.00011889176332406435
C,2024-01-25,2024-01-25 11:15:00,9.377344336081173e-05,9.377344336081173e-05,-4.8777793675440884e-05
C,2024-01-25,2024-01-25 11:16:00,9.376465072663542e-05,9.376465072663542e-05,2.263563953257588e-05
C,2024-01-25,2024-01-25 11:17:00,-0.0003750234389648943,-0.0003750234389648943,8.495678340796781e-05
C,2024-01-25,2024-01-25 11:18:00,0.0,0.0,4.552663261644466e-05
C,2024-01-25,2024-01-25 11:19:00,-0.0002813731007316189,-0.0002813731007316189,4.481546358362842e-05
C,2024-01-25,2024-01-25 11:20:00,0.00037526972511492396,0.00037526972511492396,3.1605896467624445e-05
C,2024-01-25,2024-01-25 11:21:00,-0.00018756447528833764,-0.00018756447528833764,0.00013586839583955607
C,2024-01-25,2024-01-25 11:22:00,0.0005627989869618766,0.0005627989869618766,4.541061084198199e-06
C,2024-01-25,2024-01-25 11:23:00,0.0,0.0,8.143020778860816e-05
C,2024-01-25,2024-01-25 11:24:00,0.0,0.0,2.2440476990433695e-05
C,2024-01-25,2024-01-25 11:25:00,0.0,0.0,6.453876509602934e-05
C,2024-01-25,2024-01-25 11:26:00,0.0,0.0,9.582741901475483e-05
C,2024-01-25,2024-01-25 11:27:00,0.000562482422424182,0.000562482422424182,4.4858313381067125e-05
C,2024-01-25,2024-01-25 11:28:00,0.0007495549517475553,0.0007495549517475553,6.735265411773188e-05
C,2024-01-25,2024-01-25 11:29:00,-0.001029866117404743,-0.001029866117404743,-8.38429366263789e-05
C,2024-01-25,2024-01-25 11:30:00,-9.372071227742307e-05,-9.372071227742307e-05,7.989727854650228e-05
C,2024-01-25,2024-01-25 11:31:00,-0.0003749179866903152,-0.0003749179866903152,3.3144413206154615e-05
C,2024-01-25,2024-01-25 11:32:00,-0.000656352555086781,-0.000656352555086781,0.0001085571943548737
C,2024-01-25,2024-01-25 11:33:00,-0.00018765246762986187,-0.00018765246762986187,5.242770573031514e-05
C,2024-01-25,2024-01-25 11:34:00,-0.00037537537537535304,-0.00037537537537535304,9.58960804292528e-05
C,2024-01-25,2024-01-25 11:35:00,-0.0002816372512204346,-0.0002816372512204346,3.0300869859065255e-05
C,2024-01-25,2024-01-25 11:36:00,-9.390553103594268e-05,-9.390553103594268e-05,-1.1625138887562212e-05
C,2024-01-25,2024-01-25 11:37:00,-0.00018782870022526765,-0.00018782870022526765,2.942053228629728e-05
C,2024-01-25,2024-01-25 11:38:00,0.00018786398647363534,0.00018786398647363534,5.592658941611278e-05
C,2024-01-25,2024-01-25 11:39:00,0.0,0.0,8.526155903768042e-06
C,2024-01-25,2024-01-25 11:40:00,-0.00046957175056328015,-0.00046957175056328015,1.7754877961382e-05
C,2024-01-25,2024-01-25 11:41:00,-0.00037583388142448104,-0.00037583388142448104,-5.3809389578988106e-06
C,2024-01-25,2024-01-25 11:42:00,0.0,0.0,1.3474160551997971e-05
C,2024-01-25,2024-01-25 11:43:00,9.399379640950833e-05,9.399379640950833e-05,1.461896348940745e-06
C,2024-01-25,2024-01-25 11:44:00,-0.0004699248120302313,-0.0004699248120302313,7.07419616743715e-05
C,2024-01-25,2024-01-25 11:45:00,0.0003761165961448931,0.0003761165961448931,-1.3443223778820732e-05
C,2024-01-25,2024-01-25 11:46:00,-9.399379640950833e-05,-9.399379640950833e-05,8.821241858999794e-05
C,2024-01-25,2024-01-25 11:47:00,0.0002820078962211259,0.0002820078962211259,1.6753690548804178e-05
C,2024-01-25,2024-01-25 11:48:00,0.00018795226012602306,0.00018795226012602306,7.084540242784158e-05
C,2024-01-25,2024-01-25 11:49:00,-0.00046979235178057355,-0.00046979235178057355,2.8738269830720276e-05
C,2024-01-25,2024-01-25 11:50:00,-9.40026320735976e-05,-9.40026320735976e-05,2.7181306278059896e-05
C,2024-01-25,2024-01-25 11:51:00,9.401146939924665e-05,9.401146939924665e-05,7.184921154561684e-05
C,2024-01-25,2024-01-25 11:52:00,0.0004700131603685431,0.0004700131603685431,6.344451432295025e-05
C,2024-01-25,2024-01-25 11:53:00,-0.000563750822136666,-0.000563750822136666,6.673942706894747e-05
C,2024-01-25,2024-01-25 11:54:00,-0.0009401146939927996,-0.0009401146939927996,4.0874120298918656e-05
C,2024-01-25,2024-01-25 11:55:00,0.00028229980239036223,0.00028229980239036223,6.282078075466648e-05
C,2024-01-25,2024-01-25 11:56:00,0.00028222013170253746,0.00028222013170253746,6.254565143288958e-05
C,2024-01-25,2024-01-25 11:57:00,-9.404683532399094e-05,-9.404683532399094e-05,6.650400682684441e-05
C,2024-01-25,2024-01-25 11:58:00,0.00047027840481583816,0.00047027840481583816,4.712016434177254e-05
C,2024-01-25,2024-01-25 11:59:00,-0.0003760458775970976,-0.0003760458775970976,3.8688201028240074e-05
C,2024-01-25,2024-01-25 12:00:00,-0.0009404683532399094,-0.0009404683532399094,6.862891272732268e-05
C,2024-01-25,2024-01-25 12:01:00,0.0001882707333145106,0.0001882707333145106,7.653623721105306e-05
C,2024-01-25,2024-01-25 12:02:00,-0.00018823529411771123,-0.00018823529411771123,8.28597252972193e-05
C,2024-01-25,2024-01-25 12:03:00,9.413536665747735e-05,9.413536665747735e-05,1.9685250669239528e-05
C,2024-01-25,2024-01-25 12:04:00,0.0,0.0,6.93028993850404e-05
C,2024-01-25,2024-01-25 12:05:00,-0.0006588855421687523,-0.0006588855421687523,3.908028348805159e-05
C,2024-01-25,2024-01-25 12:06:00,-0.0005651313930489232,-0.0005651313930489232,0.00011707334485440525
C,2024-01-25,2024-01-25 12:07:00,0.00018848364904333614,0.00018848364904333614,7.904643419938227e-06
C,2024-01-25,2024-01-25 12:08:00,-0.00037689625930459325,-0.00037689625930459325,6.605496624445931e-05
C,2024-01-25,2024-01-25 12:09:00,0.0003770383636534369,0.0003770383636534369,5.6093487686674085e-05
C,2024-01-25,2024-01-25 12:10:00,9.422406482628709e-05,9.422406482628709e-05,9.288057787130512e-05
C,2024-01-25,2024-01-25 12:11:00,0.0004710759374411122,0.0004710759374411122,4.152132400647072e-05
C,2024-01-25,2024-01-25 12:12:00,-0.0003766833035124817,-0.0003766833035124817,-1.641089817903146e-06
C,2024-01-25,2024-01-25 12:13:00,0.0005652378709373185,0.0005652378709373185,2.6237947000380572e-05
C,2024-01-25,2024-01-25 12:14:00,0.0,0.0,6.08156799245858e-06
C,2024-01-25,2024-01-25 12:15:00,0.0006590716505037175,0.0006590716505037175,-2.8571527906180465e-05
C,2024-01-25,2024-01-25 12:16:00,-0.0002822732404967887,-0.0002822732404967887,-8.92673280155666e-05
C,2024-01-25,2024-01-25 12:17:00,0.000847058823529423,0.000847058823529423,3.812141367802987e-05
C,2024-01-25,2024-01-25 12:18:00,-9.403799134855007e-05,-9.403799134855007e-05,-0.00010534676458427303
C,2024-01-25,2024-01-25 12:19:00,0.0005642810119439456,0.0005642810119439456,-5.357692287241228e-05
C,2024-01-25,2024-01-25 12:20:00,-0.00018798759281879462,-0.00018798759281879462,1.1181733818100958e-05
C,2024-01-25,2024-01-25 12:21:00,-0.00018802293879860432,-0.00018802293879860432,-1.1386944876663686e-05
C,2024-01-25,2024-01-25 12:22:00,-0.0005641748942172287,-0.0005641748942172287,-3.91103258870466e-05
C,2024-01-25,2024-01-25 12:23:00,0.00018816445573444085,0.00018816445573444085,2.448685299207047e-05
C,2024-01-25,2024-01-25 12:24:00,-0.0006584516978647148,-0.0006584516978647148,3.42109571400804e-05
C,2024-01-25,2024-01-25 12:25:00,0.00047063253012025186,0.00047063253012025186,2.0677884264886227e-05
C,2024-01-25,2024-01-25 12:26:00,-0.00037632891146854863,-0.00037632891146854863,1.401539376444992e-05
C,2024-01-25,2024-01-25 12:27:00,0.00018823529411782225,0.00018823529411782225,2.2040022668910473e-05
C,2024-01-25,2024-01-25 12:28:00,-0.0001881998682602415,-0.0001881998682602415,8.967403694267885e-05
C,2024-01-25,2024-01-25 12:29:00,-0.0007529411764706229,-0.0007529411764706229,-1.2576923842990927e-05
C,2024-01-25,2024-01-25 12:30:00,-0.00018837713101627074,-0.00018837713101627074,4.936325909106932e-05
C,2024-01-25,2024-01-25 12:31:00,0.0,0.0,1.829684514062351e-05
C,2024-01-25,2024-01-25 12:32:00,-0.00018841262364588385,-0.00018841262364588385,8.975008773469352e-05
C,2024-01-25,2024-01-25 12:33:00,0.0003768962593047043,0.0003768962593047043,-6.328744318519382e-06
C,2024-01-25,2024-01-25 12:34:00,-9.418856550824639e-05,-9.418856550824639e-05,4.7979414600469966e-05
C,2024-01-25,2024-01-25 12:35:00,-0.00047098718914839743,-0.00047098718914839743,7.924985445067678e-05
C,2024-01-25,2024-01-25 12:36:00,0.00018848364904333614,0.00018848364904333614,2.5142692556780086e-06
C,2024-01-25,2024-01-25 12:37:00,-0.0004711203241307693,-0.0004711203241307693,5.089090593437105e-05
C,2024-01-25,2024-01-25 12:38:00,0.0004713423831070873,0.0004713423831070873,2.725690494408832e-05
C,2024-01-25,2024-01-25 12:39:00,0.009139734288137191,0.0033384330635093484,5.521026508809612e-05
C,2024-01-25,2024-01-25 12:40:00,-0.00849673202614376,-0.003557184373630076,-0.0003516123125787194
C,2024-01-25,2024-01-25 12:41:00,0.00018834165175629636,0.00018834165175629636,0.0002264017993284178
C,2024-01-25,2024-01-25 12:42:00,0.0007532247434327566,0.0007532247434327566,1.7512102402145748e-05
C,2024-01-25,2024-01-25 12:43:00,0.00037632891146865965,0.00037632891146865965,-5.1892870955196036e-05
C,2024-01-25,2024-01-25 12:44:00,0.0004702341766198437,0.0004702341766198437,1.1043241194431505e-05
C,2024-01-25,2024-01-25 12:45:00,0.00018800526414741725,0.00018800526414741725,0.0002012149954007628
C,2024-01-25,2024-01-25 12:46:00,-9.398496240609067e-05,-9.398496240609067e-05,4.646268157856711e-05
C,2024-01-25,2024-01-25 12:47:00,0.0,0.0,6.040634279373167e-05
C,2024-01-25,2024-01-25 12:48:00,0.00028198138922830296,0.00028198138922830296,7.378995188921581e-05
C,2024-01-25,2024-01-25 12:49:00,0.0008457056944182195,0.0008457056944182195,1.9089840121208572e-05
C,2024-01-25,2024-01-25 12:50:00,0.00018777579570006253,0.00018777579570006253,-8.584222359388097e-05
C,2024-01-25,2024-01-25 12:51:00,0.0004693513564253404,0.0004693513564253404,3.4189637004911114e-05
C,2024-01-25,2024-01-25 12:52:00,9.382623381504196e-05,9.382623381504196e-05,7.085093106010601e-06
C,2024-01-25,2024-01-25 12:53:00,0.0007505394502298479,0.0007505394502298479,3.910439745607104e-05
C,2024-01-25,2024-01-25 12:54:00,-0.000562482422424293,-0.000562482422424293,-6.0975091892020894e-05
C,2024-01-25,2024-01-25 12:55:00,-0.0002813994934809383,-0.0002813994934809383,4.1148578158776896e-05
C,2024-01-25,2024-01-25 12:56:00,0.00028147870144490383,0.00028147870144490383,3.5076731016194715e-05
C,2024-01-25,2024-01-25 12:57:00,-0.0002813994934809383,-0.0002813994934809383,4.6123789586883336e-05
C,2024-01-25,2024-01-25 12:58:00,9.382623381504196e-05,9.382623381504196e-05,3.99282158238857e-05
C,2024-01-25,2024-01-25 12:59:00,0.009569377990430672,0.0033384330635093484,4.143155400980555e-05
C,2024-01-25,2024-01-25 13:00:00,-0.008921103986618273,-0.003557184373630076,-0.0003322563977596775
C,2024-01-25,2024-01-25 13:01:00,0.0007501172058133054,0.0007501172058133054,0.0002122224272491501
C,2024-01-25,2024-01-25 13:02:00,-0.0013117211655577776,-0.0013117211655577776,-5.14844586119672e-06
C,2024-01-25,2024-01-25 13:03:00,0.0016887137630172688,0.0016887137630172688,0.0002446543360775348
C,2024-01-25,2024-01-25 13:04:00,0.0058068745902406516,0.0033384330635093484,-0.00033181103344262226
C,2024-01-25,2024-01-25 13:05:00,-0.005400875314275022,-0.003557184373630076,-0.00025245577756234335
C,2024-01-25,2024-01-25 13:06:00,0.00037449676996526016,0.00037449676996526016,0.00019176087396077392
C,2024-01-25,2024-01-25 13:07:00,-0.0008423022929340274,-0.0008423022929340274,6.319783291017132e-05
C,2024-01-25,2024-01-25 13:08:00,9.366804046484489e-05,9.366804046484489e-05,8.31949119899849e-05
C,2024-01-25,2024-01-25 13:09:00,0.0,0.0,2.750310516891793e-05
C,2024-01-25,2024-01-25 13:10:00,0.0,0.0,0.0001377281534372585
C,2024-01-25,2024-01-25 13:11:00,0.00018731853516884556,0.00018731853516884556,8.536298498072172e-06
C,2024-01-25,2024-01-25 13:12:00,0.0005618503605206993,0.0005618503605206993,2.1421847136638863e-05
C,2024-01-25,2024-01-25 13:13:00,-0.0006551240056152929,-0.0006551240056152929,4.740263569481772e-05
C,2024-01-25,2024-01-25 13:14:00,-0.0006555534744333569,-0.0006555534744333569,0.00010211618624899359
C,2024-01-25,2024-01-25 13:15:00,-0.0007496954362291586,-0.0007496954362291586,0.00010048148779897395
C,2024-01-25,2024-01-25 13:16:00,0.00046891118822101063,0.00046891118822101063,2.9090817687921104e-05
C,2024-01-25,2024-01-25 13:17:00,0.0,0.0,1.6345584026884325e-05
C,2024-01-25,2024-01-25 13:18:00,0.00046869141357319677,0.00046869141357319677,-2.4763507571284858e-05
C,2024-01-25,2024-01-25 13:19:00,-0.00018738873793666677,-0.00018738873793666677,5.6248430671455517e-05
C,2024-01-25,2024-01-25 13:20:00,0.00037484771811446826,0.00037484771811446826,7.128131995592354e-05
C,2024-01-25,2024-01-25 13:21:00,0.0002810304449649692,0.0002810304449649692,3.461373350620692e-05
C,2024-01-25,2024-01-25 13:22:00,-0.0004682524817382072,-0.0004682524817382072,1.829603518520187e-05
C,2024-01-25,2024-01-25 13:23:00,-0.00018738873793666677,-0.00018738873793666677,6.595762845270308e-05
C,2024-01-25,2024-01-25 13:24:00,-0.0003748477181145793,-0.0003748477181145793,5.5217877636975474e-05
C,2024-01-25,2024-01-25 13:25:00,-0.00018749414080809768,-0.00018749414080809768,4.932213165741563e-05
C,2024-01-25,2024-01-25 13:26:00,9.376465072663542e-05,9.376465072663542e-05,4.235892935636249e-05
C,2024-01-25,2024-01-25 13:27:00,-0.0003750234389648943,-0.0003750234389648943,0.00014861051342687944
C,2024-01-25,2024-01-25 13:28:00,0.0,0.0,0.00012220395861110793
C,2024-01-25,2024-01-25 13:29:00,0.0006565372350402221,0.0006565372350402221,8.185454288391521e-05
C,2024-01-25,2024-01-25 13:30:00,0.0,0.0,-9.274609984518022e-06
C,2024-01-25,2024-01-25 13:31:00,0.0,0.0,4.4687783411436696e-05
C,2024-01-25,2024-01-25 13:32:00,0.0003749179866903152,0.0003749179866903152,2.956614041465348e-05
C,2024-01-25,2024-01-25 13:33:00,0.00018738873793688882,0.00018738873793688882,5.064614972687207e-06
C,2024-01-25,2024-01-25 13:34:00,0.0006557377049178914,0.0006557377049178914,1.4694950692537836e-05
C,2024-01-25,2024-01-25 13:35:00,-9.361542782237997e-05,-9.361542782237997e-05,-2.6860603152084478e-05
C,2024-01-25,2024-01-25 13:36:00,0.0011234903098962246,0.0011234903098962246,-5.0584421841989415e-05
C,2024-01-25,2024-01-25 13:37:00,0.0,0.0,-0.000227863985123519
C,2024-01-25,2024-01-25 13:38:00,0.0,0.0,1.0175805012290836e-05
C,2024-01-25,2024-01-25 13:39:00,-0.00037407649864407144,-0.00037407649864407144,2.337910724083253e-05
C,2024-01-25,2024-01-25 13:40:00,-0.00018710824211798371,-0.00018710824211798371,2.5710799270558625e-05
C,2024-01-25,2024-01-25 13:41:00,0.0004678581454102826,0.0004678581454102826,4.6757588452994685e-05
C,2024-01-25,2024-01-25 13:42:00,9.352787130567641e-05,9.352787130567641e-05,6.085506550084738e-06
C,2024-01-25,2024-01-25 13:43:00,0.0002805573739830258,0.0002805573739830258,2.2048223480381983e-05
C,2024-01-25,2024-01-25 13:44:00,0.0002804786836201334,0.0002804786836201334,8.430287565023713e-05
C,2024-01-25,2024-01-25 13:45:00,-0.00018693335825792357,-0.00018693335825792357,8.398077491884503e-06
C,2024-01-25,2024-01-25 13:46:00,0.00018696830887177107,0.00018696830887177107,-2.008763180148584e-06
C,2024-01-25,2024-01-25 13:47:00,0.00018693335825781254,0.00018693335825781254,5.858810750871556e-05
C,2024-01-25,2024-01-25 13:48:00,0.0004672460517707311,0.0004672460517707311,5.467811398172959e-05
C,2024-01-25,2024-01-25 13:49:00,-0.0002802167009153811,-0.0002802167009153811,5.104662075918294e-05
C,2024-01-25,2024-01-25 13:50:00,-0.0006540222367560355,-0.0006540222367560355,8.175517869436622e-05
C,2024-01-25,2024-01-25 13:51:00,0.0007479431563199856,0.0007479431563199856,0.00013073710473615293
C,2024-01-25,2024-01-25 13:52:00,-0.0002802690582959233,-0.0002802690582959233,2.0322152000047335e-06
C,2024-01-25,2024-01-25 13:53:00,0.0,0.0,5.9954451809231957e-05
C,2024-01-25,2024-01-25 13:54:00,-9.34492103540352e-05,-9.34492103540352e-05,2.5505126475075374e-05
C,2024-01-25,2024-01-25 13:55:00,0.0002803738317758153,0.0002803738317758153,2.4754894948484425e-06
C,2024-01-25,2024-01-25 13:56:00,0.00018686349621588327,0.00018686349621588327,2.2462638891280574e-05
C,2024-01-25,2024-01-25 13:57:00,-0.0006539000467071787,-0.0006539000467071787,-3.243888048677116e-05
C,2024-01-25,2024-01-25 13:58:00,0.000560852495793629,0.000560852495793629,-4.47125267842644e-06
C,2024-01-25,2024-01-25 13:59:00,-0.000653961136023895,-0.000653961136023895,-4.211444593497191e-06
C,2024-01-25,2024-01-25 14:00:00,-0.00018696830887177107,-0.00018696830887177107,-1.3371616469628212e-05
C,2024-01-25,2024-01-25 14:01:00,-0.00028050490883579915,-0.00028050490883579915,4.4860219512722785e-05
C,2024-01-25,2024-01-25 14:02:00,-9.352787130567641e-05,-9.352787130567641e-05,-1.3237594558116155e-05
C,2024-01-25,2024-01-25 14:03:00,0.0,0.0,-8.624162182020478e-06
C,2024-01-25,2024-01-25 14:04:00,0.0,0.0,-3.308441899442226e-05
C,2024-01-25,2024-01-25 14:05:00,-9.353661958644288e-05,-9.353661958644288e-05,-2.940073799484001e-05
C,2024-01-25,2024-01-25 14:06:00,-0.0002806361085125886,-0.0002806361085125886,-3.1962200638578095e-05
C,2024-01-25,2024-01-25 14:07:00,-0.0005614297744923613,-0.0005614297744923613,-2.2253946214208327e-05
C,2024-01-25,2024-01-25 14:08:00,0.00037449676996526016,0.00037449676996526016,2.0787479151280626e-05
C,2024-01-25,2024-01-25 14:09:00,0.00046794571829678056,0.00046794571829678056,6.13007097811725e-05
C,2024-01-25,2024-01-25 14:10:00,0.0010289990645462321,0.0010289990645462321,7.819221946741661e-06
C,2024-01-25,2024-01-25 14:11:00,-0.0007475936828332808,-0.0007475936828332808,-0.00018373036056651358
C,2024-01-25,2024-01-25 14:12:00,0.0001870382493218692,0.0001870382493218692,4.547995608989362e-05
C,2024-01-25,2024-01-25 14:13:00,0.00018700327255727345,0.00018700327255727345,-2.0297861324131734e-05
C,2024-01-25,2024-01-25 14:14:00,-9.348415443577451e-05,-9.348415443577451e-05,-4.505257089945538e-05
C,2024-01-25,2024-01-25 14:15:00,0.0002804786836201334,0.0002804786836201334,-1.4427464830381054e-05
C,2024-01-25,2024-01-25 14:16:00,0.0001869333582575905,0.0001869333582575905,-7.076492815509864e-06
C,2024-01-25,2024-01-25 14:17:00,-0.00037379684141658487,-0.00037379684141658487,2.0892739704189752e-05
C,2024-01-25,2024-01-25 14:18:00,-9.348415443577451e-05,-9.348415443577451e-05,2.6099814856176402e-05
C,2024-01-25,2024-01-25 14:19:00,0.0001869857890799409,0.0001869857890799409,1.923202383769222e-05
C,2024-01-25,2024-01-25 14:20:00,0.00037390166386264134,0.00037390166386264134,1.0632021516741087e-06
C,2024-01-25,2024-01-25 14:21:00,-0.00018688095683061512,-0.00018688095683061512,-4.0402625001969074e-05
C,2024-01-25,2024-01-25 14:22:00,-0.00046728971962628485,-0.00046728971962628485,-4.308458071339251e-05
C,2024-01-25,2024-01-25 14:23:00,0.0007480130902290938,0.0007480130902290938,-1.0016765746388983e-05
C,2024-01-25,2024-01-25 14:24:00,0.0,0.0,-0.00011190404212482143
C,2024-01-25,2024-01-25 14:25:00,0.0,0.0,2.3964434684069626e-05
C,2024-01-25,2024-01-25 14:26:00,0.0003737269924319886,0.0003737269924319886,4.275210346574685e-05
C,2024-01-25,2024-01-25 14:27:00,0.0005603810591201519,0.0005603810591201519,1.272408059927232e-05
C,2024-01-25,2024-01-25 14:28:00,-9.334453467746417e-05,-9.334453467746417e-05,-2.4308106337657025e-05
C,2024-01-25,2024-01-25 14:29:00,-0.00018670649738616873,-0.00018670649738616873,-5.874175906521155e-05
C,2024-01-25,2024-01-25 14:30:00,9.337068160597539e-05,9.337068160597539e-05,3.0148559346388942e-05
C,2024-01-25,2024-01-25 14:31:00,0.0,0.0,-1.200091566162829e-05
C,2024-01-25,2024-01-25 14:32:00,0.0007468957146858912,0.0007468957146858912,-2.7203152249277845e-05
C,2024-01-25,2024-01-25 14:33:00,0.0003731691389121661,0.0003731691389121661,-5.7290691016736916e-05
C,2024-01-25,2024-01-25 14:34:00,-0.0009325748391307842,-0.0009325748391307842,-7.176970759761314e-05
C,2024-01-25,2024-01-25 14:35:00,0.00037337813871007874,0.00037337813871007874,7.82958196580545e-05
C,2024-01-25,2024-01-25 14:36:00,0.0,0.0,6.182455552766994e-05
C,2024-01-25,2024-01-25 14:37:00,9.330969487741925e-05,9.330969487741925e-05,-1.8014081458075122e-05
C,2024-01-25,2024-01-25 14:38:00,-9.330098899051897e-05,-9.330098899051897e-05,-1.591098097848888e-05
C,2024-01-25,2024-01-25 14:39:00,-0.00018661938975450543,-0.00018661938975450543,-4.9344548165024224e-05
C,2024-01-25,2024-01-25 14:40:00,-9.332711152598705e-05,-9.332711152598705e-05,-2.479670622374341e-05
C,2024-01-25,2024-01-25 14:41:00,-0.0009333582228859827,-0.0009333582228859827,-4.497736878148703e-05
C,2024-01-25,2024-01-25 14:42:00,0.0001868460388640969,0.0001868460388640969,2.0537054717387868e-05
C,2024-01-25,2024-01-25 14:43:00,0.0001868111339435874,0.0001868111339435874,-1.3171412027488513e-05
C,2024-01-25,2024-01-25 14:44:00,9.338812103099059e-05,9.338812103099059e-05,5.432543830001625e-05
C,2024-01-25,2024-01-25 14:45:00,-0.00018675880100860187,-0.00018675880100860187,6.242582978213407e-06
C,2024-01-25,2024-01-25 14:46:00,-0.00018679368637319893,-0.00018679368637319893,5.4495351199856e-07
C,2024-01-25,2024-01-25 14:47:00,0.0,0.0,5.3464539716425105e-05
C,2024-01-25,2024-01-25 14:48:00,0.0,0.0,8.033498341169239e-05
C,2024-01-25,2024-01-25 14:49:00,-0.00018682858477359066,-0.00018682858477359066,1.1394821659946072e-05
C,2024-01-25,2024-01-25 14:50:00,0.0005605904886480939,0.0005605904886480939,-1.0681906932711594e-05
C,2024-01-25,2024-01-25 14:51:00,0.000653655803529718,0.000653655803529718,6.105388483402787e-05
C,2024-01-25,2024-01-25 14:52:00,9.33184023890199e-05,9.33184023890199e-05,-9.085115558242805e-05
C,2024-01-25,2024-01-25 14:53:00,0.0003732387795092329,0.0003732387795092329,-5.809982256625159e-05
C,2024-01-25,2024-01-25 14:54:00,0.00018654976214893537,0.00018654976214893537,-2.9979759700435388e-05
C,2024-01-25,2024-01-25 14:55:00,0.0,0.0,-3.605493293809042e-05
C,2024-01-25,2024-01-25 14:56:00,-0.0005595449034784261,-0.0005595449034784261,-3.657382502209318e-05
C,2024-01-25,2024-01-25 14:57:00,0.0,0.0,-1.7030089173314494e-06
C,2024-01-25,2024-01-25 14:58:00,0.00018661938975461645,0.00018661938975461645,6.918868223211937e-05
C,2024-01-25,2024-01-25 14:59:00,0.0,0.0,6.350302751513669e-05
C,2024-01-25,2024-01-25 15:00:00,0.0,0.0,-3.433671644236281e-05
C,2024-01-25,2024-01-25 15:01:00,0.00018658456945619406,0.00018658456945619406,-4.288333166012387e-05
C,2024-01-25,2024-01-25 15:02:00,0.00018654976214893537,0.00018654976214893537,3.4637288682728656e-05
C,2024-01-25,2024-01-25 15:03:00,0.0,0.0,3.569460672764265e-06
C,2024-01-25,2024-01-25 15:04:00,9.325748391320055e-05,9.325748391320055e-05,1.9097711175776062e-05
C,2024-01-25,2024-01-25 15:05:00,-0.00018649757553157453,-0.00018649757553157453,1.5423766744228119e-06
C,2024-01-25,2024-01-25 15:06:00,0.0002797985450475604,0.0002797985450475604,-4.154601259069819e-06
C,2024-01-25,2024-01-25 15:07:00,0.00018648018648037556,0.00018648018648037556,9.580875026771584e-06
C,2024-01-25,2024-01-25 15:08:00,0.0003728908362077288,0.0003728908362077288,3.0839886882136647e-05
C,2024-01-25,2024-01-25 15:09:00,0.005964029447395269,0.0033384330635093484,-5.254243170286551e-05
C,2024-01-25,2024-01-25 15:10:00,-0.005558128763316295,-0.003557184373630076,-0.00038459249755721424
C,2024-01-25,2024-01-25 15:11:00,0.0,0.0,0.0001989543740262933
C,2024-01-25,2024-01-25 15:12:00,-0.0005589194224498995,-0.0005589194224498995,3.0478277748298348e-05
C,2024-01-25,2024-01-25 15:13:00,9.320533134493658e-05,9.320533134493658e-05,0.00010240948625386224
C,2024-01-25,2024-01-25 15:14:00,-0.0006523765144454963,-0.0006523765144454963,3.3248672330956524e-05
C,2024-01-25,2024-01-25 15:15:00,0.0,0.0,0.0002495632283426045
C,2024-01-25,2024-01-25 15:16:00,0.00027977245173915755,0.00027977245173915755,0.00013327749352025621
C,2024-01-25,2024-01-25 15:17:00,-0.00046615700167795815,-0.00046615700167795815,7.227007698787808e-05
C,2024-01-25,2024-01-25 15:18:00,0.0005596492864472502,0.0005596492864472502,8.365671750273229e-05
C,2024-01-25,2024-01-25 15:19:00,-0.0001864454181039754,-0.0001864454181039754,2.9493339526393586e-05
C,2024-01-25,2024-01-25 15:20:00,0.0,0.0,1.519827963769303e-05
C,2024-01-25,2024-01-25 15:21:00,0.00018648018648037556,0.00018648018648037556,6.375444775721555e-05
C,2024-01-25,2024-01-25 15:22:00,0.0,0.0,4.9188859938703136e-05
C,2024-01-25,2024-01-25 15:23:00,-0.0002796681271557411,-0.0002796681271557411,4.535811422144705e-05
C,2024-01-25,2024-01-25 15:24:00,9.324878776562073e-05,9.324878776562073e-05,-1.4616888452957119e-05
C,2024-01-25,2024-01-25 15:25:00,-0.00018648018648026454,-0.00018648018648026454,4.806717921702641e-05
C,2024-01-25,2024-01-25 15:26:00,0.0,0.0,1.6051899304829592e-05
C,2024-01-25,2024-01-25 15:27:00,0.00018651496782617905,0.00018651496782617905,-2.142287267671267e-05
C,2024-01-25,2024-01-25 15:28:00,0.0,0.0,-3.1509229504767796e-05
C,2024-01-25,2024-01-25 15:29:00,0.0,0.0,2.146480552566017e-05
C,2024-01-25,2024-01-25 15:30:00,0.00037296037296030704,0.00037296037296030704,2.182789348993678e-06
C,2024-01-25,2024-01-25 15:31:00,0.00037282132537996837,0.00037282132537996837,5.41004848709919e-05
C,2024-01-25,2024-01-25 15:32:00,0.0006521941675208254,0.0006521941675208254,-5.234087570782834e-06
C,2024-01-25,2024-01-25 15:33:00,-9.310986964627954e-05,-9.310986964627954e-05,-5.1103770392785686e-05
C,2024-01-25,2024-01-25 15:34:00,0.0005587112394076499,0.0005587112394076499,-3.139480978957376e-05
C,2024-01-25,2024-01-25 15:35:00,2.220446049250313e-16,2.220446049250313e-16,5.542063095512566e-05
C,2024-01-25,2024-01-25 15:36:00,-0.0003722661703118302,-0.0003722661703118302,9.441750123421689e-06
C,2024-01-25,2024-01-25 15:37:00,-0.00018620240201094873,-0.00018620240201094873,3.99196008460922e-05
C,2024-01-25,2024-01-25 15:38:00,0.0007449483192103479,0.0007449483192103479,4.252708147351917e-05
C,2024-01-25,2024-01-25 15:39:00,9.304922303887686e-05,9.304922303887686e-05,-3.8490356825449856e-05
C,2024-01-25,2024-01-25 15:40:00,9.304056568670838e-05,9.304056568670838e-05,1.070079388062918e-05
C,2024-01-25,2024-01-25 15:41:00,0.0,0.0,1.6144840883458167e-05
C,2024-01-25,2024-01-25 15:42:00,9.303190994502941e-05,9.303190994502941e-05,3.5305855762063015e-06
C,2024-01-25,2024-01-25 15:43:00,9.302325581383997e-05,9.302325581383997e-05,4.652501308851393e-05
C,2024-01-25,2024-01-25 15:44:00,-0.0003720584131707838,-0.0003720584131707838,9.953588567597684e-05
C,2024-01-25,2024-01-25 15:45:00,0.00046524611519505044,0.00046524611519505044,0.0001087667560792986
C,2024-01-25,2024-01-25 15:46:00,-0.0009300595238097564,-0.0009300595238097564,8.423121480998454e-05
C,2024-01-25,2024-01-25 15:47:00,9.309253397904449e-05,9.309253397904449e-05,9.853506380780255e-05
C,2024-01-25,2024-01-25 15:48:00,0.0,0.0,3.74742686713819e-05
C,2024-01-25,2024-01-25 15:49:00,0.000744670948524373,0.000744670948524373,4.7034633823379094e-05
C,2024-01-25,2024-01-25 15:50:00,-0.0007441168263415676,-0.0007441168263415676,-6.88142655778038e-05
C,2024-01-25,2024-01-25 15:51:00,9.308386856554662e-05,9.308386856554662e-05,-3.290195326013494e-05
C,2024-01-25,2024-01-25 15:52:00,0.00046537602382734633,0.00046537602382734633,3.4627749173309075e-05
C,2024-01-25,2024-01-25 15:53:00,0.0004651595497253691,0.0004651595497253691,8.323263223969385e-05
C,2024-01-25,2024-01-25 15:54:00,-0.0010228752092242832,-0.0010228752092242832,-8.7744005074654e-06
C,2024-01-25,2024-01-25 15:55:00,-0.0002792516056967509,-0.0002792516056967509,7.242027962698757e-05
C,2024-01-25,2024-01-25 15:56:00,0.00027932960893850556,0.00027932960893850556,4.030063613807316e-05
C,2024-01-25,2024-01-25 15:57:00,0.00018616773713109325,0.00018616773713109325,0.00010669646878215031
C,2024-01-25,2024-01-25 15:58:00,0.0003722661703120522,0.0003722661703120522,8.447889843654551e-05
C,2024-01-26,2024-01-26 09:40:00,-0.0007417709782103765,-0.0007417709782103765,0.00012720355558058248
C,2024-01-26,2024-01-26 09:41:00,-9.279020135488647e-05,-9.279020135488647e-05,0.00014510332570482392
C,2024-01-26,2024-01-26 09:42:00,-0.00018559762435021998,-0.00018559762435021998,9.663761974502731e-05
C,2024-01-26,2024-01-26 09:43:00,-0.0007425283088918766,-0.0007425283088918766,0.00015053712296822652
C,2024-01-26,2024-01-26 09:44:00,-9.28850083595778e-05,-9.28850083595778e-05,0.0002414983813364614
C,2024-01-26,2024-01-26 09:45:00,0.0,0.0,0.0001449444266403258
C,2024-01-26,2024-01-26 09:46:00,0.0007431490942868546,0.0007431490942868546,0.0001359814656562795
C,2024-01-26,2024-01-26 09:47:00,0.0004641232711408705,0.0004641232711408705,-2.4890975154796627e-05
C,2024-01-26,2024-01-26 09:48:00,-0.0006494711449247514,-0.0006494711449247514,3.09748264637401e-05
C,2024-01-26,2024-01-26 09:49:00,-0.0015783121344351558,-0.0015783121344351558,0.00011259140551721394
C,2024-01-26,2024-01-26 09:50:00,-0.0005579319323042453,-0.0005579319323042453,0.0003207851881878284
C,2024-01-26,2024-01-26 09:51:00,0.0,0.0,0.00014894834257765836
C,2024-01-26,2024-01-26 09:52:00,-0.00037216226274650044,-0.00037216226274650044,0.00012513702400274732
C,2024-01-26,2024-01-26 09:53:00,0.0022338049143708627,0.0022338049143708627,0.0001306628316798887
C,2024-01-26,2024-01-26 09:54:00,-0.0005572065378900426,-0.0005572065378900426,-0.00036420980589363746
C,2024-01-26,2024-01-26 09:55:00,-0.00037167812674232525,-0.00037167812674232525,-2.5890462996827985e-05
C,2024-01-26,2024-01-26 09:56:00,-0.0008365867261571625,-0.0008365867261571625,3.09792360763816e-05
C,2024-01-26,2024-01-26 09:57:00,-0.00018606381989028087,-0.00018606381989028087,0.00014324814372580598
C,2024-01-26,2024-01-26 09:58:00,0.00037219689215595153,0.00037219689215595153,4.431241477979239e-05
C,2024-01-26,2024-01-26 09:59:00,0.00037205841317100585,0.00037205841317100585,4.7831119628979855e-05
C,2024-01-26,2024-01-26 10:00:00,-0.00120874012087413,-0.00120874012087413,6.695342174306668e-05
C,2024-01-26,2024-01-26 10:01:00,-0.0005585552038727126,-0.0005585552038727126,0.0002681909047812643
C,2024-01-26,2024-01-26 10:02:00,-0.0008383010432190252,-0.0008383010432190252,4.4264337778385335e-05
C,2024-01-26,2024-01-26 10:03:00,0.0009322270905192109,0.0009322270905192109,9.942727623346684e-05
C,2024-01-26,2024-01-26 10:04:00,-0.0011176306230791244,-0.0011176306230791244,-8.245999796516807e-05
C,2024-01-26,2024-01-26 10:05:00,0.0007459207459208361,0.0007459207459208361,0.0003233164756074883
C,2024-01-26,2024-01-26 10:06:00,0.000559023572160644,0.000559023572160644,3.7662252250393493e-06
C,2024-01-26,2024-01-26 10:07:00,9.3118539901349e-05,9.3118539901349e-05,4.763286713912718e-05
C,2024-01-26,2024-01-26 10:08:00,9.310986964616852e-05,9.310986964616852e-05,5.8970881752272264e-05
C,2024-01-26,2024-01-26 10:09:00,0.00018620240201117078,0.00018620240201117078,8.545010991275875e-05
C,2024-01-26,2024-01-26 10:10:00,0.000744670948524373,0.000744670948524373,9.384900784849166e-05
C,2024-01-26,2024-01-26 10:11:00,0.00037205841317100585,0.00037205841317100585,1.8575168172928088e-06
C,2024-01-26,2024-01-26 10:12:00,-9.29800092981381e-05,-9.29800092981381e-05,7.161205276609704e-05
C,2024-01-26,2024-01-26 10:13:00,9.298865538420742e-05,9.298865538420742e-05,0.00012081884237393523
C,2024-01-26,2024-01-26 10:14:00,-9.29800092981381e-05,-9.29800092981381e-05,9.34051412755657e-05
C,2024-01-26,2024-01-26 10:15:00,-0.0003719546215360525,-0.0003719546215360525,6.430784305890713e-05
C,2024-01-26,2024-01-26 10:16:00,-0.0011162790697675229,-0.0011162790697675229,4.225237277677613e-05
C,2024-01-26,2024-01-26 10:17:00,-9.312721177123784e-05,-9.312721177123784e-05,0.00014595799740247905
C,2024-01-26,2024-01-26 10:18:00,0.0009313588525659,0.0009313588525659,1.7028243202092556e-05
C,2024-01-26,2024-01-26 10:19:00,0.00027914766911707467,0.00027914766911707467,-0.00017010893421713714
C,2024-01-26,2024-01-26 10:20:00,0.000279069767441964,0.000279069767441964,5.6007753853394125e-05
C,2024-01-26,2024-01-26 10:21:00,-0.0001859946061565365,-0.0001859946061565365,9.38914996464955e-05
C,2024-01-26,2024-01-26 10:22:00,0.0,0.0,8.44211673649893e-05
C,2024-01-26,2024-01-26 10:23:00,0.00018602920658561395,0.00018602920658561395,9.606625746555105e-05
C,2024-01-26,2024-01-26 10:24:00,0.0006509811215473782,0.0006509811215473782,9.020503308621593e-05
C,2024-01-26,2024-01-26 10:25:00,-0.00018587360594790603,-0.00018587360594790603,-2.0103563184574338e-06
C,2024-01-26,2024-01-26 10:26:00,-0.00018590816136820898,-0.00018590816136820898,5.684063916507812e-05
C,2024-01-26,2024-01-26 10:27:00,-9.29713648195607e-05,-9.29713648195607e-05,9.426931862037795e-05
C,2024-01-26,2024-01-26 10:28:00,0.0,0.0,7.668251712291039e-05
C,2024-01-26,2024-01-26 10:29:00,0.0001859600185958321,0.0001859600185958321,9.781168294073221e-05
C,2024-01-26,2024-01-26 10:30:00,9.296272194858624e-05,9.296272194858624e-05,8.42944985617265e-05
C,2024-01-26,2024-01-26 10:31:00,9.295408068421551e-05,9.295408068421551e-05,4.6708512467242355e-05
C,2024-01-26,2024-01-26 10:32:00,-0.001022399851287381,-0.001022399851287381,6.8223138131180916e-06
C,2024-01-26,2024-01-26 10:33:00,0.00027912169706012513,0.00027912169706012513,3.470642907182228e-05
C,2024-01-26,2024-01-26 10:34:00,0.0010231606362198775,0.0010231606362198775,-3.787261852335451e-05
C,2024-01-26,2024-01-26 10:35:00,0.00018583906337110712,0.00018583906337110712,-0.0002269376613524696
C,2024-01-26,2024-01-26 10:36:00,0.0,0.0,-5.80796710586016e-05
C,2024-01-26,2024-01-26 10:37:00,0.00046451133407643397,0.00046451133407643397,-2.0640146751240136e-05
C,2024-01-26,2024-01-26 10:38:00,0.00018571826539148795,0.00018571826539148795,7.696822837289987e-06
C,2024-01-26,2024-01-26 10:39:00,0.0006498932318261819,0.0006498932318261819,4.506086084480628e-05
C,2024-01-26,2024-01-26 10:40:00,-9.278159213199633e-05,-9.278159213199633e-05,-9.195253113562322e-05
C,2024-01-26,2024-01-26 10:41:00,0.0,0.0,1.8969691444715036e-05
C,2024-01-26,2024-01-26 10:42:00,0.0011134824162568613,0.0011134824162568613,1.0364403439074455e-05
C,2024-01-26,2024-01-26 10:43:00,0.0005561219760865654,0.0005561219760865654,-0.00024803125097710266
C,2024-01-26,2024-01-26 10:44:00,0.0,0.0,-2.909599339055356e-05
C,2024-01-26,2024-01-26 10:45:00,-0.00037054191755436783,-0.00037054191755436783,2.066422172984798e-05
C,2024-01-26,2024-01-26 10:46:00,-0.0007413585395236177,-0.0007413585395236177,6.655756281433703e-05
C,2024-01-26,2024-01-26 10:47:00,0.0,0.0,6.147810015617571e-05
C,2024-01-26,2024-01-26 10:48:00,-0.000556431419827419,-0.000556431419827419,-3.3536801279383585e-06
C,2024-01-26,2024-01-26 10:49:00,0.0005567412081282086,0.0005567412081282086,-3.0847970342481656e-05
C,2024-01-26,2024-01-26 10:50:00,0.000185477139942547,0.000185477139942547,1.2721740557030423e-05
C,2024-01-26,2024-01-26 10:51:00,-0.00037088548910513275,-0.00037088548910513275,5.208108389112201e-05
C,2024-01-26,2024-01-26 10:52:00,9.275577404688207e-05,9.275577404688207e-05,2.1153137185718347e-05
C,2024-01-26,2024-01-26 10:53:00,0.0,0.0,2.6442739939346965e-05
C,2024-01-26,2024-01-26 10:54:00,0.0004637358560564131,0.0004637358560564131,7.193875827993491e-05
C,2024-01-26,2024-01-26 10:55:00,-0.0004635209047929578,-0.0004635209047929578,5.262863355788328e-05
C,2024-01-26,2024-01-26 10:56:00,-0.00018549434242254303,-0.00018549434242254303,-3.5322174227339626e-05
C,2024-01-26,2024-01-26 10:57:00,0.00027829313543592527,0.00027829313543592527,-3.191532656153122e-05
C,2024-01-26,2024-01-26 10:58:00,0.000185477139942547,0.000185477139942547,-2.126694336777122e-05
C,2024-01-26,2024-01-26 10:59:00,0.0003708854891053548,0.0003708854891053548,2.9075117485609463e-05
C,2024-01-26,2024-01-26 11:00:00,-0.00027806098804339374,-0.00027806098804339374,-4.6875132694978806e-05
C,2024-01-26,2024-01-26 11:01:00,-9.271277582056925e-05,-9.271277582056925e-05,1.7766742802124106e-05
C,2024-01-26,2024-01-26 11:02:00,-0.00018544274455256637,-0.00018544274455256637,-7.916267102270596e-06
C,2024-01-26,2024-01-26 11:03:00,0.0,0.0,-2.873378838413775e-05
C,2024-01-26,2024-01-26 11:04:00,-0.00018547713994243598,-0.00018547713994243598,-5.1935877534986764e-05
C,2024-01-26,2024-01-26 11:05:00,0.0005565346442817365,0.0005565346442817365,-1.6264435005297495e-05
C,2024-01-26,2024-01-26 11:06:00,-0.00018540836191727195,-0.00018540836191727195,1.8046744285785377e-05
C,2024-01-26,2024-01-26 11:07:00,-9.272137227622768e-05,-9.272137227622768e-05,-5.521745874581699e-05
C,2024-01-26,2024-01-26 11:08:00,-0.00027818991097927626,-0.00027818991097927626,7.848418945930636e-05
C,2024-01-26,2024-01-26 11:09:00,-0.00018551154809398618,-0.00018551154809398618,5.12795519070828e-05
C,2024-01-26,2024-01-26 11:10:00,-9.277298450682814e-05,-9.277298450682814e-05,3.758745618005051e-05
C,2024-01-26,2024-01-26 11:11:00,-9.278159213199633e-05,-9.278159213199633e-05,4.7281313390220143e-05
C,2024-01-26,2024-01-26 11:12:00,0.0002783706040641043,0.0002783706040641043,5.1070627906393395e-05
C,2024-01-26,2024-01-26 11:13:00,-0.00037105751391475206,-0.00037105751391475206,8.205494066163775e-05
C,2024-01-26,2024-01-26 11:14:00,-0.00037119524870077303,-0.00037119524870077303,4.248502467167969e-05
C,2024-01-26,2024-01-26 11:15:00,-0.00018566654288898476,-0.00018566654288898476,5.924935489265656e-05
C,2024-01-26,2024-01-26 11:16:00,-9.285051067786654e-05,-9.285051067786654e-05,0.00010295801851328455
C,2024-01-26,2024-01-26 11:17:00,-0.0009285913269569956,-0.0009285913269569956,7.060236564573717e-05
C,2024-01-26,2024-01-26 11:18:00,0.0,0.0,8.974251680231604e-05
C,2024-01-26,2024-01-26 11:19:00,0.0047402174923318885,0.0035927643341103705,8.734354128835562e-05
C,2024-01-26,2024-01-26 11:20:00,-0.004717853839037889,-0.0037517827469371557,-0.00042651996774086925
C,2024-01-26,2024-01-26 11:21:00,0.0007435635282089237,0.0007435635282089237,0.00028643969666973393
C,2024-01-26,2024-01-26 11:22:00,-0.00027862914460852206,-0.00027862914460852206,1.2134252320133623e-05
C,2024-01-26,2024-01-26 11:23:00,-0.0005574136008918984,-0.0005574136008918984,1.9505023719945083e-05
C,2024-01-26,2024-01-26 11:24:00,9.295408068421551e-05,9.295408068421551e-05,7.085915932225539e-05
C,2024-01-26,2024-01-26 11:25:00,-0.00018589088205234194,-0.00018589088205234194,0.00021624241909006518
C,2024-01-26,2024-01-26 11:26:00,0.0005577763316910733,0.0005577763316910733,2.4811814540147788e-05
C,2024-01-26,2024-01-26 11:27:00,0.0003716435937937135,0.0003716435937937135,7.13909402506516e-05
C,2024-01-26,2024-01-26 11:28:00,0.0003715055261448441,0.0003715055261448441,5.195307628936507e-05
C,2024-01-26,2024-01-26 11:29:00,0.00037136756104350077,0.00037136756104350077,3.948175917449404e-05
C,2024-01-26,2024-01-26 11:30:00,-0.0003712296983757746,-0.0003712296983757746,1.8837771248095806e-05
C,2024-01-26,2024-01-26 11:31:00,-0.0006498932318262929,-0.0006498932318262929,2.1460573723785525e-05
C,2024-01-26,2024-01-26 11:32:00,-0.0002787068004459492,-0.0002787068004459492,7.959431827983315e-06
C,2024-01-26,2024-01-26 11:33:00,0.00018585633305456817,0.00018585633305456817,-3.32538615051904e-05
C,2024-01-26,2024-01-26 11:34:00,0.0007432871875872049,0.0007432871875872049,7.314407199893375e-05
C,2024-01-26,2024-01-26 11:35:00,-0.0001856837805218614,-0.0001856837805218614,-6.237720575392558e-05
C,2024-01-26,2024-01-26 11:36:00,-0.0002785773980871209,-0.0002785773980871209,7.825586726936339e-07
C,2024-01-26,2024-01-26 11:37:00,0.0007430800668772886,0.0007430800668772886,-6.916103393280488e-07
C,2024-01-26,2024-01-26 11:38:00,-0.00027844811583443985,-0.00027844811583443985,-0.0001516758478312993
C,2024-01-26,2024-01-26 11:39:00,-9.28418902609307e-05,-9.28418902609307e-05,-6.984422326638595e-05
C,2024-01-26,2024-01-26 11:40:00,9.285051067786654e-05,9.285051067786654e-05,-2.3046577551058166e-05
C,2024-01-26,2024-01-26 11:41:00,-0.0003713675610436118,-0.0003713675610436118,-4.9260642993927714e-05
C,2024-01-26,2024-01-26 11:42:00,0.0002786291446086331,0.0002786291446086331,-3.396200562205638e-05
C,2024-01-26,2024-01-26 11:43:00,-0.0004642525533889996,-0.0004642525533889996,2.8491378864491434e-05
C,2024-01-26,2024-01-26 11:44:00,-0.0003715745471435383,-0.0003715745471435383,-3.6958262732798266e-05
C,2024-01-26,2024-01-26 11:45:00,-0.00037171266610913634,-0.00037171266610913634,-1.7988943487932795e-05
C,2024-01-26,2024-01-26 11:46:00,0.0,0.0,-1.0973706243100358e-05
C,2024-01-26,2024-01-26 11:47:00,0.0009296272194849742,0.0009296272194849742,-2.551789510323832e-06
C,2024-01-26,2024-01-26 11:48:00,0.0004643819076808331,0.0004643819076808331,-0.00017053557022406735
C,2024-01-26,2024-01-26 11:49:00,-0.0006498329001113357,-0.0006498329001113357,-3.827215668356853e-05
C,2024-01-26,2024-01-26 11:50:00,-0.0003715745471435383,-0.0003715745471435383,3.584111714411036e-05
C,2024-01-26,2024-01-26 11:51:00,0.0,0.0,-2.1348850670762824e-05
C,2024-01-26,2024-01-26 11:52:00,0.00018585633305456817,0.00018585633305456817,6.430768487510497e-05
C,2024-01-26,2024-01-26 11:53:00,0.0,0.0,6.971440535192492e-05
C,2024-01-26,2024-01-26 11:54:00,-0.00018582179689674572,-0.00018582179689674572,5.8970625898004526e-05
C,2024-01-26,2024-01-26 11:55:00,0.0005575689991637045,0.0005575689991637045,4.103727149788565e-05
C,2024-01-26,2024-01-26 11:56:00,0.00018575276307242206,0.00018575276307242206,5.96010603657851e-05
C,2024-01-26,2024-01-26 11:57:00,-0.00018571826539137692,-0.00018571826539137692,6.484305939884106e-06
C,2024-01-26,2024-01-26 11:58:00,-0.00018575276307231103,-0.00018575276307231103,2.0062893412479893e-05
C,2024-01-26,2024-01-26 11:59:00,9.289363678588458e-05,9.289363678588458e-05,-2.5226066272492247e-05
C,2024-01-26,2024-01-26 12:00:00,-9.28850083595778e-05,-9.28850083595778e-05,-2.5698453542961268e-05
C,2024-01-26,2024-01-26 12:01:00,-0.0003715745471435383,-0.0003715745471435383,-3.4692186439410486e-05
C,2024-01-26,2024-01-26 12:02:00,-0.00037171266610913634,-0.00037171266610913634,-2.6976880555200804e-05
C,2024-01-26,2024-01-26 12:03:00,0.0,0.0,2.7528850847663938e-06
C,2024-01-26,2024-01-26 12:04:00,0.0003718508877941229,0.0003718508877941229,5.598444822874857e-06
C,2024-01-26,2024-01-26 12:05:00,-0.00018585633305445715,-0.00018585633305445715,8.700438259108114e-05
C,2024-01-26,2024-01-26 12:06:00,-0.00018589088205234194,-0.00018589088205234194,3.5156253289114665e-05
C,2024-01-26,2024-01-26 12:07:00,0.00018592544389717247,0.00018592544389717247,4.7678958078346266e-05
C,2024-01-26,2024-01-26 12:08:00,-9.294544102611546e-05,-9.294544102611546e-05,7.539446563228498e-05
C,2024-01-26,2024-01-26 12:09:00,-9.295408068421551e-05,-9.295408068421551e-05,5.601319668974643e-05
C,2024-01-26,2024-01-26 12:10:00,0.0,0.0,2.7721740325451944e-05
C,2024-01-26,2024-01-26 12:11:00,0.00018592544389717247,0.00018592544389717247,-1.7760555221046793e-06
C,2024-01-26,2024-01-26 12:12:00,0.00037178176410446184,0.00037178176410446184,4.084876494126575e-05
C,2024-01-26,2024-01-26 12:13:00,-0.0005574653906903482,-0.0005574653906903482,6.022442487905063e-05
C,2024-01-26,2024-01-26 12:14:00,0.00018592544389717247,0.00018592544389717247,5.5276017795067914e-05
C,2024-01-26,2024-01-26 12:15:00,-0.00018589088205234194,-0.00018589088205234194,4.4728919759662275e-05
C,2024-01-26,2024-01-26 12:16:00,0.0003718508877941229,0.0003718508877941229,3.3088373182175434e-05
C,2024-01-26,2024-01-26 12:17:00,-0.00018585633305445715,-0.00018585633305445715,7.72757778631002e-05
C,2024-01-26,2024-01-26 12:18:00,-9.294544102611546e-05,-9.294544102611546e-05,1.6371450066365774e-05
C,2024-01-26,2024-01-26 12:19:00,0.00046477040342063347,0.00046477040342063347,3.661737431245037e-05
C,2024-01-26,2024-01-26 12:20:00,-9.291089844831735e-05,-9.291089844831735e-05,6.440585372299912e-05
C,2024-01-26,2024-01-26 12:21:00,0.0002787585950567717,0.0002787585950567717,2.4314210746539023e-05
C,2024-01-26,2024-01-26 12:22:00,-0.0006502554575011921,-0.0006502554575011921,1.2738977392700415e-05
C,2024-01-26,2024-01-26 12:23:00,-0.00037181632273664,-0.00037181632273664,3.958086151194957e-05
C,2024-01-26,2024-01-26 12:24:00,0.0,0.0,2.8796990806879518e-05
C,2024-01-26,2024-01-26 12:25:00,0.0,0.0,7.326439985418542e-05
C,2024-01-26,2024-01-26 12:26:00,9.298865538420742e-05,9.298865538420742e-05,7.459106696418584e-05
C,2024-01-26,2024-01-26 12:27:00,0.0004649000464898023,0.0004649000464898023,-1.0150593574716441e-07
C,2024-01-26,2024-01-26 12:28:00,-9.293680297384199e-05,-9.293680297384199e-05,5.812700822586482e-05
C,2024-01-26,2024-01-26 12:29:00,-0.0008365089692350391,-0.0008365089692350391,1.9382226092786252e-05
C,2024-01-26,2024-01-26 12:30:00,-9.302325581383997e-05,-9.302325581383997e-05,6.229039830165602e-05
C,2024-01-26,2024-01-26 12:31:00,-0.00037212763978067276,-0.00037212763978067276,5.832314111517721e-05
C,2024-01-26,2024-01-26 12:32:00,0.0011167985109352685,0.0011167985109352685,8.842847541526256e-05
C,2024-01-26,2024-01-26 12:33:00,-0.0007437017755878017,-0.0007437017755878017,-0.00021774435471867383
C,2024-01-26,2024-01-26 12:34:00,-0.0007442552795610125,-0.0007442552795610125,-1.844265064088778e-05
C,2024-01-26,2024-01-26 12:35:00,-0.00018620240201094873,-0.00018620240201094873,4.839217690188799e-05
C,2024-01-26,2024-01-26 12:36:00,0.0,0.0,-2.6039708107162586e-05
C,2024-01-26,2024-01-26 12:37:00,-0.00037247415960528496,-0.00037247415960528496,-1.4617017146540065e-05
C,2024-01-26,2024-01-26 12:38:00,0.0,0.0,1.9217379054300623e-06
C,2024-01-26,2024-01-26 12:39:00,0.00027945971122500524,0.00027945971122500524,8.869238038116702e-05
C,2024-01-26,2024-01-26 12:40:00,0.00027938163531393556,0.00027938163531393556,3.592124526981418e-05
C,2024-01-26,2024-01-26 12:41:00,-0.00037240480402189746,-0.00037240480402189746,6.409613532783525e-05
C,2024-01-26,2024-01-26 12:42:00,0.0001862717705132244,0.0001862717705132244,2.59882607265455e-05
C,2024-01-26,2024-01-26 12:43:00,0.0,0.0,1.0451127819409024e-05
C,2024-01-26,2024-01-26 12:44:00,0.0,0.0,2.8604805343706442e-05
C,2024-01-26,2024-01-26 12:45:00,0.00018623707980247595,0.00018623707980247595,3.36607277148598e-05
C,2024-01-26,2024-01-26 12:46:00,-0.00018620240201094873,-0.00018620240201094873,5.645944904163108e-06
C,2024-01-26,2024-01-26 12:47:00,-0.00027935561970393596,-0.00027935561970393596,6.4239175781458324e-06
C,2024-01-26,2024-01-26 12:48:00,-0.0007451564828613311,-0.0007451564828613311,1.3713060655601739e-05
C,2024-01-26,2024-01-26 12:49:00,0.0006524981357196591,0.0006524981357196591,7.939095001480291e-06
C,2024-01-26,2024-01-26 12:50:00,-0.00027945971122500524,-0.00027945971122500524,-2.5592596349202867e-05
C,2024-01-26,2024-01-26 12:51:00,9.31792769287565e-05,9.31792769287565e-05,3.2454161095755074e-05
C,2024-01-26,2024-01-26 12:52:00,0.00018634119072014066,0.00018634119072014066,8.875538699720082e-05
C,2024-01-26,2024-01-26 12:53:00,0.00037261294829993297,0.00037261294829993297,1.6770768967747395e-05
C,2024-01-26,2024-01-26 12:54:00,0.00037247415960517394,0.00037247415960517394,1.4379783687587754e-05
C,2024-01-26,2024-01-26 12:55:00,-0.00037233547426240854,-0.00037233547426240854,1.3150223010065148e-05
C,2024-01-26,2024-01-26 12:56:00,0.00037247415960517394,0.00037247415960517394,1.847476409402931e-05
C,2024-01-26,2024-01-26 12:57:00,0.00027925160569663987,0.00027925160569663987,4.756164209352957e-05
C,2024-01-26,2024-01-26 12:58:00,-0.00018611576400529017,-0.00018611576400529017,-1.3497181363576463e-05
C,2024-01-26,2024-01-26 12:59:00,-0.0002792256142963856,-0.0002792256142963856,6.8890945092063755e-06
C,2024-01-26,2024-01-26 13:00:00,0.0002793036030164231,0.0002793036030164231,5.648800253657201e-06
C,2024-01-26,2024-01-26 13:01:00,0.0008376768428890458,0.0008376768428890458,2.5443835877016586e-05
C,2024-01-26,2024-01-26 13:02:00,0.0001859946061564255,0.0001859946061564255,-8.508922697943885e-05
C,2024-01-26,2024-01-26 13:03:00,0.0001859600185958321,0.0001859600185958321,-3.290343030972604e-05
C,2024-01-26,2024-01-26 13:04:00,-0.0001859254438968394,-0.0001859254438968394,8.30643182516853e-06
C,2024-01-26,2024-01-26 13:05:00,-0.00018596001859605416,-0.00018596001859605416,-4.965537215127389e-06
C,2024-01-26,2024-01-26 13:06:00,-0.0005579838184692765,-0.0005579838184692765,6.845880289693928e-06
C,2024-01-26,2024-01-26 13:07:00,0.00046524611519505044,0.00046524611519505044,4.718006335440634e-05
C,2024-01-26,2024-01-26 13:08:00,0.0010230654761902436,0.0010230654761902436,3.325233380977214e-05
C,2024-01-26,2024-01-26 13:09:00,-0.00018582179689674572,-0.00018582179689674572,-0.0002065538731074945
C,2024-01-26,2024-01-26 13:10:00,0.0,0.0,3.495802531364374e-06
C,2024-01-26,2024-01-26 13:11:00,0.00018585633305456817,0.00018585633305456817,1.7961145065644684e-05
C,2024-01-26,2024-01-26 13:12:00,0.0,0.0,1.2948961894304422e-05
C,2024-01-26,2024-01-26 13:13:00,-0.0002787326953451741,-0.0002787326953451741,-8.369214143136612e-07
C,2024-01-26,2024-01-26 13:14:00,-0.00046468401486976507,-0.00046468401486976507,-2.652162713500712e-05
C,2024-01-26,2024-01-26 13:15:00,0.0001859600185958321,0.0001859600185958321,-3.706017054724369e-06
C,2024-01-26,2024-01-26 13:16:00,0.0005577763316910733,0.0005577763316910733,-5.063502517893299e-06
C,2024-01-26,2024-01-26 13:17:00,-0.00018582179689674572,-0.00018582179689674572,-1.8070894320981865e-05
C,2024-01-26,2024-01-26 13:18:00,-0.00018585633305445715,-0.00018585633305445715,-5.2618466212554785e-05
C,2024-01-26,2024-01-26 13:19:00,0.00037178176410446184,0.00037178176410446184,3.4476360768835406e-05
C,2024-01-26,2024-01-26 13:20:00,9.291089844842837e-05,9.291089844842837e-05,3.7656219417196704e-06
C,2024-01-26,2024-01-26 13:21:00,0.00046451133407643397,0.00046451133407643397,1.0779433334830477e-05
C,2024-01-26,2024-01-26 13:22:00,0.0,0.0,6.27941072843651e-06
C,2024-01-26,2024-01-26 13:23:00,0.0,0.0,2.2326966660855057e-05
C,2024-01-26,2024-01-26 13:24:00,0.0009285913269569956,0.0009285913269569956,2.9284841864659584e-05
C,2024-01-26,2024-01-26 13:25:00,0.0,0.0,-0.00017445529378326555
C,2024-01-26,2024-01-26 13:26:00,0.0014843677521105825,0.0014843677521105825,-3.3819295860402414e-06
C,2024-01-26,2024-01-26 13:27:00,-0.0015748031496063408,-0.0015748031496063408,-0.0003648862464075689
C,2024-01-26,2024-01-26 13:28:00,0.0006494711449247514,0.0006494711449247514,0.00020593787423875672
C,2024-01-26,2024-01-26 13:29:00,0.0005563282336578101,0.0005563282336578101,-9.483167109830583e-05
C,2024-01-26,2024-01-26 13:30:00,-0.0007413585395236177,-0.0007413585395236177,-4.302846064082797e-05
C,2024-01-26,2024-01-26 13:31:00,-0.0002782157099137095,-0.0002782157099137095,7.429291078163623e-05
C,2024-01-26,2024-01-26 13:32:00,-0.0004638218923932458,-0.0004638218923932458,-1.7445665649350967e-05
C,2024-01-26,2024-01-26 13:33:00,0.00046403712296982924,0.00046403712296982924,1.4227609015483587e-05
C,2024-01-26,2024-01-26 13:34:00,-0.0004638218923932458,-0.0004638218923932458,4.627562202606873e-05
C,2024-01-26,2024-01-26 13:35:00,-0.0008352668213457148,-0.0008352668213457148,6.174157565019267e-05
C,2024-01-26,2024-01-26 13:36:00,-0.0004644250417982221,-0.0004644250417982221,4.439600251705279e-05
C,2024-01-26,2024-01-26 13:37:00,-0.00018585633305445715,-0.00018585633305445715,3.938525018881473e-05
C,2024-01-26,2024-01-26 13:38:00,-9.294544102611546e-05,-9.294544102611546e-05,4.032534966393457e-05
C,2024-01-26,2024-01-26 13:39:00,-0.0010224948875255935,-0.0010224948875255935,2.9560932033625014e-05
C,2024-01-26,2024-01-26 13:40:00,-9.304922303887686e-05,-9.304922303887686e-05,0.0001492956121811588
C,2024-01-26,2024-01-26 13:41:00,-0.00018611576400529017,-0.00018611576400529017,-3.894231352312168e-05
C,2024-01-26,2024-01-26 13:42:00,-0.0002792256142963856,-0.0002792256142963856,-2.408008485454843e-05
C,2024-01-26,2024-01-26 13:43:00,0.000744809608044017,0.000744809608044017,-1.70567363842128e-05
C,2024-01-26,2024-01-26 13:44:00,-9.303190994525146e-05,-9.303190994525146e-05,-8.486336347812306e-05
C,2024-01-26,2024-01-26 13:45:00,0.00018608113137341675,0.00018608113137341675,-1.174646055757027e-05
C,2024-01-26,2024-01-26 13:46:00,-0.00037209302325569293,-0.00037209302325569293,6.381704988038475e-05
C,2024-01-26,2024-01-26 13:47:00,0.0,0.0,2.125341280634868e-05
C,2024-01-26,2024-01-26 13:48:00,0.00027917364600793526,0.00027917364600793526,4.6146824013174306e-05
C,2024-01-26,2024-01-26 13:49:00,0.0,0.0,8.83338924642565e-06
C,2024-01-26,2024-01-26 13:50:00,-0.00018606381989028087,-0.00018606381989028087,6.311233207860633e-05
C,2024-01-26,2024-01-26 13:51:00,-0.0001860984460780868,-0.0001860984460780868,5.134965328074217e-05
C,2024-01-26,2024-01-26 13:52:00,0.0002791996277338171,0.0002791996277338171,1.9056388275789354e-05
C,2024-01-26,2024-01-26 13:53:00,-0.0005582433941196951,-0.0005582433941196951,2.925524384275788e-05
C,2024-01-26,2024-01-26 13:54:00,0.0004654626698938902,0.0004654626698938902,5.825327637343863e-05
C,2024-01-26,2024-01-26 13:55:00,9.304922303887686e-05,9.304922303887686e-05,-5.3480581764092576e-08
C,2024-01-26,2024-01-26 13:56:00,9.304056568670838e-05,9.304056568670838e-05,-5.584822917618677e-05
C,2024-01-26,2024-01-26 13:57:00,0.00018606381989005882,0.00018606381989005882,-4.263489024015521e-05
C,2024-01-26,2024-01-26 13:58:00,-0.0003720584131707838,-0.0003720584131707838,2.5592137023105904e-06
C,2024-01-26,2024-01-26 13:59:00,0.00037219689215595153,0.00037219689215595153,-1.829476893025954e-05
C,2024-01-26,2024-01-26 14:00:00,0.0,0.0,5.3299827862885604e-05
C,2024-01-26,2024-01-26 14:01:00,-0.00027904380987797683,-0.00027904380987797683,5.5495933576994075e-05
C,2024-01-26,2024-01-26 14:02:00,0.0006512839598065145,0.0006512839598065145,1.692614932482923e-05
C,2024-01-26,2024-01-26 14:03:00,-0.00018596001859605416,-0.00018596001859605416,-3.566850662434808e-05
C,2024-01-26,2024-01-26 14:04:00,0.0,0.0,1.7806037946539399e-06
C,2024-01-26,2024-01-26 14:05:00,0.0001859946061564255,0.0001859946061564255,5.21543914085986e-05
C,2024-01-26,2024-01-26 14:06:00,-0.00018596001859605416,-0.00018596001859605416,6.48567016257477e-05
C,2024-01-26,2024-01-26 14:07:00,0.0,0.0,1.7402723655519104e-05
C,2024-01-26,2024-01-26 14:08:00,0.0,0.0,6.0725289229535936e-05
C,2024-01-26,2024-01-26 14:09:00,0.00027899190923474926,0.00027899190923474926,4.784893962571493e-05
C,2024-01-26,2024-01-26 14:10:00,-9.29713648195607e-05,-9.29713648195607e-05,2.6781132139394048e-05
C,2024-01-26,2024-01-26 14:11:00,0.0,0.0,4.122258297662367e-05
C,2024-01-26,2024-01-26 14:12:00,9.298000929791606e-05,9.298000929791606e-05,4.738986465935257e-05
C,2024-01-26,2024-01-26 14:13:00,0.00046485682409813656,0.00046485682409813656,5.499651413106112e-05
C,2024-01-26,2024-01-26 14:14:00,0.00027878449958174123,0.00027878449958174123,2.208211625388114e-05
C,2024-01-26,2024-01-26 14:15:00,9.290226681546443e-05,9.290226681546443e-05,-3.819074154329771e-06
C,2024-01-26,2024-01-26 14:16:00,-0.00027868091035765374,-0.00027868091035765374,1.288586462800852e-05
C,2024-01-26,2024-01-26 14:17:00,9.291953168544254e-05,9.291953168544254e-05,9.265077436293797e-06
C,2024-01-26,2024-01-26 14:18:00,0.0,0.0,-2.1095584684184546e-05
C,2024-01-26,2024-01-26 14:19:00,-0.00018582179689674572,-0.00018582179689674572,4.614490599473328e-06
C,2024-01-26,2024-01-26 14:20:00,-0.00018585633305445715,-0.00018585633305445715,-4.6875325769815455e-05
C,2024-01-26,2024-01-26 14:21:00,0.00037178176410446184,0.00037178176410446184,-2.0914177029253293e-05
C,2024-01-26,2024-01-26 14:22:00,-0.0002787326953451741,-0.0002787326953451741,2.311121652854014e-05
C,2024-01-26,2024-01-26 14:23:00,-9.293680297384199e-05,-9.293680297384199e-05,5.5158603251209995e-05
C,2024-01-26,2024-01-26 14:24:00,0.0,0.0,-3.423144503287765e-05
C,2024-01-26,2024-01-26 14:25:00,-0.0006506180871828082,-0.0006506180871828082,2.665612122011129e-05
C,2024-01-26,2024-01-26 14:26:00,0.00037202380952372494,0.00037202380952372494,3.914475768247482e-05
C,2024-01-26,2024-01-26 14:27:00,0.00037188545927846484,0.00037188545927846484,6.99140447808658e-05
C,2024-01-26,2024-01-26 14:28:00,-0.00027881040892197007,-0.00027881040892197007,6.094557333126435e-06
C,2024-01-26,2024-01-26 14:29:00,0.0,0.0,1.2899803171175126e-05
C,2024-01-26,2024-01-26 14:30:00,0.0006507390536396596,0.0006507390536396596,4.854669480451349e-05
C,2024-01-26,2024-01-26 14:31:00,-0.0006503158677072518,-0.0006503158677072518,-6.992635737642084e-05
C,2024-01-26,2024-01-26 14:32:00,0.00018592544389717247,0.00018592544389717247,-3.64216381642693e-05
C,2024-01-26,2024-01-26 14:33:00,0.0,0.0,6.047269418390837e-05
C,2024-01-26,2024-01-26 14:34:00,0.0,0.0,4.064842223998497e-05
C,2024-01-26,2024-01-26 14:35:00,0.00037178176410446184,0.00037178176410446184,5.777718180479144e-05
C,2024-01-26,2024-01-26 14:36:00,0.0,0.0,3.098478400640667e-05
C,2024-01-26,2024-01-26 14:37:00,-0.00018582179689674572,-0.00018582179689674572,1.2786458029589545e-05
C,2024-01-26,2024-01-26 14:38:00,9.29281665273951e-05,9.29281665273951e-05,2.846736854943942e-05
C,2024-01-26,2024-01-26 14:39:00,0.00018583906337110712,0.00018583906337110712,5.056231493634011e-05
C,2024-01-26,2024-01-26 14:40:00,0.0007432181345223832,0.0007432181345223832,-3.652870223821067e-06
C,2024-01-26,2024-01-26 14:41:00,-0.0008354994430004314,-0.0008354994430004314,-7.30913797362159e-05
C,2024-01-26,2024-01-26 14:42:00,0.00018582179689685674,0.00018582179689685674,6.368017770025298e-05
C,2024-01-26,2024-01-26 14:43:00,0.0005573618207153075,0.0005573618207153075,3.681695052347559e-05
C,2024-01-26,2024-01-26 14:44:00,9.284189026081968e-05,9.284189026081968e-05,1.3686451328374618e-06
C,2024-01-26,2024-01-26 14:45:00,-0.00027849981433347715,-0.00027849981433347715,-2.483513478157396e-05
C,2024-01-26,2024-01-26 14:46:00,-9.285913269563295e-05,-9.285913269563295e-05,5.770984607543703e-05
C,2024-01-26,2024-01-26 14:47:00,0.0002786032689450213,0.0002786032689450213,3.3414508039997e-05
C,2024-01-26,2024-01-26 14:48:00,-0.0001856837805218614,-0.0001856837805218614,6.21134590033665e-06
C,2024-01-26,2024-01-26 14:49:00,0.0002785773980871209,0.0002785773980871209,-4.4476363207283964e-05
C,2024-01-26,2024-01-26 14:50:00,0.0005569996286669543,0.0005569996286669543,5.60627706871594e-05
C,2024-01-26,2024-01-26 14:51:00,0.0001855631842642147,0.0001855631842642147,-1.6301232801798105e-06
C,2024-01-26,2024-01-26 14:52:00,-9.276437847871577e-05,-9.276437847871577e-05,-4.085224436969022e-05
C,2024-01-26,2024-01-26 14:53:00,-0.00018554596901365628,-0.00018554596901365628,-1.874331843371714e-05
C,2024-01-26,2024-01-26 14:54:00,-0.0001855804027095509,-0.0001855804027095509,3.2423912376313454e-05
C,2024-01-26,2024-01-26 14:55:00,-0.0001856148491879983,-0.0001856148491879983,-2.6621558927023786e-05
C,2024-01-26,2024-01-26 14:56:00,0.000556947925369089,0.000556947925369089,-3.478319852174554e-05
C,2024-01-26,2024-01-26 14:57:00,0.00018554596901387832,0.00018554596901387832,1.8207421369537106e-05
C,2024-01-26,2024-01-26 14:58:00,-0.00018551154809398618,-0.00018551154809398618,3.0482992243503982e-05
C,2024-01-26,2024-01-26 14:59:00,9.277298450705018e-05,9.277298450705018e-05,4.902572242496233e-05
C,2024-01-26,2024-01-26 15:00:00,-9.276437847871577e-05,-9.276437847871577e-05,1.2547462247020424e-05
C,2024-01-26,2024-01-26 15:01:00,0.0004638649225345848,0.0004638649225345848,2.894724780582938e-05
C,2024-01-26,2024-01-26 15:02:00,0.00027818991097916523,0.00027818991097916523,1.2780977639081013e-05
C,2024-01-26,2024-01-26 15:03:00,0.0001854083619170499,0.0001854083619170499,4.084649336115861e-05
C,2024-01-26,2024-01-26 15:04:00,-0.0004634349800722859,-0.0004634349800722859,-1.2518612441344259e-06
C,2024-01-26,2024-01-26 15:05:00,0.0005563798219585525,0.0005563798219585525,4.9395312135728e-05
C,2024-01-26,2024-01-26 15:06:00,-0.0006487488415199971,-0.0006487488415199971,-9.416877265443798e-06
C,2024-01-26,2024-01-26 15:07:00,-9.27385699712735e-05,-9.27385699712735e-05,1.2554875002362054e-05
C,2024-01-26,2024-01-26 15:08:00,0.00027824151363375904,0.00027824151363375904,-1.9444052047634752e-05
C,2024-01-26,2024-01-26 15:09:00,0.0001854427445526774,0.0001854427445526774,1.1999543772612626e-05
C,2024-01-26,2024-01-26 15:10:00,-0.00018540836191727195,-0.00018540836191727195,5.568179099081614e-05
C,2024-01-26,2024-01-26 15:11:00,-0.00018544274455256637,-0.00018544274455256637,1.691765675628985e-05
C,2024-01-26,2024-01-26 15:12:00,-0.000556431419827419,-0.000556431419827419,2.2919804447627996e-05
C,2024-01-26,2024-01-26 15:13:00,-0.0001855804027095509,-0.0001855804027095509,5.651509011208836e-05
C,2024-01-26,2024-01-26 15:14:00,-0.0003712296983757746,-0.0003712296983757746,5.479407780044799e-05
C,2024-01-26,2024-01-26 15:15:00,0.00018568378052163936,0.00018568378052163936,1.927405035875696e-05
C,2024-01-26,2024-01-26 15:16:00,0.0,0.0,2.2062341017092447e-05
C,2024-01-26,2024-01-26 15:17:00,-0.00037129861691254096,-0.00037129861691254096,5.658733507930966e-05
C,2024-01-26,2024-01-26 15:18:00,0.0,0.0,-2.5534883200431247e-05
C,2024-01-26,2024-01-26 15:19:00,-0.0005571547961742418,-0.0005571547961742418,-1.43065043464983e-05
C,2024-01-26,2024-01-26 15:20:00,0.0,0.0,-3.6410318265992295e-05
C,2024-01-26,2024-01-26 15:21:00,-0.0005574653906903482,-0.0005574653906903482,-4.216493209686097e-05
C,2024-01-26,2024-01-26 15:22:00,0.0,0.0,-2.799305404445191e-05
C,2024-01-26,2024-01-26 15:23:00,0.0007437017755880238,0.0007437017755880238,-3.058937560074876e-05
C,2024-01-26,2024-01-26 15:24:00,-0.0003715745471435383,-0.0003715745471435383,-0.00013323988286608336
C,2024-01-26,2024-01-26 15:25:00,-0.00037171266610913634,-0.00037171266610913634,-1.3107917080141956e-05
C,2024-01-26,2024-01-26 15:26:00,-9.296272194836419e-05,-9.296272194836419e-05,-2.274098626215345e-05
C,2024-01-26,2024-01-26 15:27:00,-0.00027891409445890414,-0.00027891409445890414,1.211562919616811e-05
C,2024-01-26,2024-01-26 15:28:00,0.0001859946061564255,0.0001859946061564255,-8.905511872515932e-06
C,2024-01-26,2024-01-26 15:29:00,-0.00037192003719221933,-0.00037192003719221933,9.095125276237467e-05
C,2024-01-26,2024-01-26 15:30:00,0.00037205841317100585,0.00037205841317100585,1.5706523437406122e-05
C,2024-01-26,2024-01-26 15:31:00,0.0001859600185958321,0.0001859600185958321,5.802699566722165e-05
C,2024-01-26,2024-01-26 15:32:00,0.0,0.0,4.59784568012632e-05
C,2024-01-26,2024-01-26 15:33:00,-0.0001859254438968394,-0.0001859254438968394,3.5494680901449355e-05
C,2024-01-26,2024-01-26 15:34:00,0.0001859600185958321,0.0001859600185958321,2.669790799330549e-06
C,2024-01-26,2024-01-26 15:35:00,0.0,0.0,5.5900125231447015e-05
C,2024-01-26,2024-01-26 15:36:00,0.0,0.0,2.8969152242771246e-05
C,2024-01-26,2024-01-26 15:37:00,9.296272194858624e-05,9.296272194858624e-05,6.369635811028292e-05
C,2024-01-26,2024-01-26 15:38:00,-0.00037181632273664,-0.00037181632273664,3.426355694887447e-05
C,2024-01-26,2024-01-26 15:39:00,0.00037195462153616354,0.00037195462153616354,2.208722105017407e-05
C,2024-01-26,2024-01-26 15:40:00,-9.295408068421551e-05,-9.295408068421551e-05,2.470722043078635e-05
C,2024-01-26,2024-01-26 15:41:00,0.0005577763316910733,0.0005577763316910733,1.4935432422378963e-05
C,2024-01-26,2024-01-26 15:42:00,-0.00018582179689674572,-0.00018582179689674572,8.349598724739922e-07
C,2024-01-26,2024-01-26 15:43:00,0.0,0.0,8.547159201239024e-06
C,2024-01-26,2024-01-26 15:44:00,-0.00018585633305445715,-0.00018585633305445715,1.3970180372479563e-05
C,2024-01-26,2024-01-26 15:45:00,0.00018589088205223092,0.00018589088205223092,-7.040783714863898e-06
C,2024-01-26,2024-01-26 15:46:00,0.00018585633305456817,0.00018585633305456817,-9.865510833480001e-06
C,2024-01-26,2024-01-26 15:47:00,-0.00037164359379349143,-0.00037164359379349143,-4.6454539869319286e-05
C,2024-01-26,2024-01-26 15:48:00,0.00018589088205223092,0.00018589088205223092,-4.203509631959405e-05
C,2024-01-26,2024-01-26 15:49:00,-0.00018585633305445715,-0.00018585633305445715,1.633665838150987e-05
C,2024-01-26,2024-01-26 15:50:00,-0.0005576726461566928,-0.0005576726461566928,7.786976741229102e-05
C,2024-01-26,2024-01-26 15:51:00,-0.000743978424625813,-0.000743978424625813,8.319895222957075e-05
C,2024-01-26,2024-01-26 15:52:00,0.0001861330851560261,0.0001861330851560261,8.48841137342515e-05
C,2024-01-26,2024-01-26 15:53:00,0.00037219689215595153,0.00037219689215595153,0.0001185788913194559
C,2024-01-26,2024-01-26 15:54:00,-0.00037205841317089483,-0.00037205841317089483,7.563340561833177e-05
C,2024-01-26,2024-01-26 15:55:00,-0.0006513445612728042,-0.0006513445612728042,7.60606675171405e-05
C,2024-01-26,2024-01-26 15:56:00,-0.00018621973929244806,-0.00018621973929244806,0.00011415982670648428
C,2024-01-26,2024-01-26 15:57:00,-0.0006518904823988869,-0.0006518904823988869,1.4554527978471674e-05
C,2024-01-26,2024-01-26 15:58:00,0.0003727518404621488,0.0003727518404621488,6.637381813814867e-06
C,2024-01-29,2024-01-29 09:40:00,0.0004663744053725605,0.0004663744053725605,0.00026415157333695675
C,2024-01-29,2024-01-29 09:41:00,-0.0010255454036918188,-0.0010255454036918188,7.839042077909901e-05
C,2024-01-29,2024-01-29 09:42:00,0.00018665422305175206,0.00018665422305175206,0.00011182076938982446
C,2024-01-29,2024-01-29 09:43:00,-0.0007464775590183548,-0.0007464775590183548,0.00013365985703147826
C,2024-01-29,2024-01-29 09:44:00,0.00018675880100849085,0.00018675880100849085,0.0001374341015567094
C,2024-01-29,2024-01-29 09:45:00,-0.0007468957146857802,-0.0007468957146857802,-1.709095582741121e-06
C,2024-01-29,2024-01-29 09:46:00,0.00028029524432393593,0.00028029524432393593,7.462338120988817e-05
C,2024-01-29,2024-01-29 09:47:00,0.0014010835045770165,0.0014010835045770165,3.5835038613115924e-05
C,2024-01-29,2024-01-29 09:48:00,-0.0007461990485962966,-0.0007461990485962966,-0.0003828982409572367
C,2024-01-29,2024-01-29 09:49:00,0.0001866890693551504,0.0001866890693551504,-3.46946629190097e-05
C,2024-01-29,2024-01-29 09:50:00,0.0005599626691554782,0.0005599626691554782,-3.2935290684830274e-05
C,2024-01-29,2024-01-29 09:51:00,0.0013058483350432137,0.0013058483350432137,7.495485108793516e-06
C,2024-01-29,2024-01-29 09:52:00,0.000745225896600088,0.000745225896600088,-0.000419207571453748
C,2024-01-29,2024-01-29 09:53:00,-9.308386856565765e-05,-9.308386856565765e-05,-7.839714126079497e-05
C,2024-01-29,2024-01-29 09:54:00,0.0015825730776390934,0.0015825730776390934,-6.687226345244059e-05
C,2024-01-29,2024-01-29 09:55:00,9.294544102611546e-05,9.294544102611546e-05,-0.00040354633427105904
C,2024-01-29,2024-01-29 09:56:00,9.293680297406404e-05,9.293680297406404e-05,-1.8877970346710422e-05
C,2024-01-29,2024-01-29 09:57:00,-0.0004646408326363094,-0.0004646408326363094,-1.2363853072744887e-05
C,2024-01-29,2024-01-29 09:58:00,0.00027891409445901516,0.00027891409445901516,7.479905005181985e-05
C,2024-01-29,2024-01-29 09:59:00,-9.294544102611546e-05,-9.294544102611546e-05,8.307104567423722e-05
C,2024-01-29,2024-01-29 10:00:00,-0.000557724484104738,-0.000557724484104738,5.995962060282944e-05
C,2024-01-29,2024-01-29 10:01:00,0.00037202380952372494,0.00037202380952372494,7.36578170224394e-05
C,2024-01-29,2024-01-29 10:02:00,9.297136481944968e-05,9.297136481944968e-05,6.26255297756485e-05
C,2024-01-29,2024-01-29 10:03:00,0.0,0.0,4.994581895267376e-05
C,2024-01-29,2024-01-29 10:04:00,0.00018592544389717247,0.00018592544389717247,7.858781841445495e-05
C,2024-01-29,2024-01-29 10:05:00,0.0004647272051305773,0.0004647272051305773,7.550201786003806e-05
C,2024-01-29,2024-01-29 10:06:00,0.0005574136008918984,0.0005574136008918984,6.907090344399766e-05
C,2024-01-29,2024-01-29 10:07:00,0.0007428040854224882,0.0007428040854224882,2.518506573630913e-06
C,2024-01-29,2024-01-29 10:08:00,0.0006494711449247514,0.0006494711449247514,-1.87265894361199e-05
C,2024-01-29,2024-01-29 10:09:00,-0.0016689847009735415,-0.0016689847009735415,-0.00010977649727330439
C,2024-01-29,2024-01-29 10:10:00,0.0005572582892170441,0.0005572582892170441,0.00018793105890872999
C,2024-01-29,2024-01-29 10:11:00,9.282465422844055e-05,9.282465422844055e-05,7.618823331407299e-05
C,2024-01-29,2024-01-29 10:12:00,0.0006497122702802116,0.0006497122702802116,1.3672016445090751e-05
C,2024-01-29,2024-01-29 10:13:00,0.0,0.0,-1.3282141324019264e-05
C,2024-01-29,2024-01-29 10:14:00,0.00027826732214086825,0.00027826732214086825,-1.4826301082391691e-05
C,2024-01-29,2024-01-29 10:15:00,0.0008345697329377177,0.0008345697329377177,6.783365723273129e-05
C,2024-01-29,2024-01-29 10:16:00,-0.0003706105809321292,-0.0003706105809321292,-3.3844364050847034e-05
C,2024-01-29,2024-01-29 10:17:00,0.0,0.0,-7.6278326151629525e-06
C,2024-01-29,2024-01-29 10:18:00,0.0002780609880432827,0.0002780609880432827,7.607230275305125e-05
C,2024-01-29,2024-01-29 10:19:00,0.00027798369162335135,0.00027798369162335135,5.377406466710516e-05
C,2024-01-29,2024-01-29 10:20:00,0.0,0.0,6.52118878738799e-05
C,2024-01-29,2024-01-29 10:21:00,-0.0011116257526632145,-0.0011116257526632145,0.00011246782053016732
C,2024-01-29,2024-01-29 10:22:00,-0.000927385699712624,-0.000927385699712624,0.00014480729541351328
C,2024-01-29,2024-01-29 10:23:00,-9.282465422810748e-05,-9.282465422810748e-05,0.0002072887797575118
C,2024-01-29,2024-01-29 10:24:00,0.0005569996286669543,0.0005569996286669543,7.499699042236945e-06
C,2024-01-29,2024-01-29 10:25:00,0.00046390796066053674,0.00046390796066053674,5.603381094257822e-05
C,2024-01-29,2024-01-29 10:26:00,0.000741908559769966,0.000741908559769966,8.246166041271164e-05
C,2024-01-29,2024-01-29 10:27:00,0.0001853396348809877,0.0001853396348809877,-7.228739497666712e-05
C,2024-01-29,2024-01-29 10:28:00,0.0002779579356990691,0.0002779579356990691,-5.551124615177883e-06
C,2024-01-29,2024-01-29 10:29:00,-9.262689885158881e-05,-9.262689885158881e-05,3.6030349541547906e-06
C,2024-01-29,2024-01-29 10:30:00,-0.0006484483557201992,-0.0006484483557201992,4.5117823001741384e-05
C,2024-01-29,2024-01-29 10:31:00,-0.0009269558769001707,-0.0009269558769001707,7.766523393173052e-05
C,2024-01-29,2024-01-29 10:32:00,0.00027834477639632205,0.00027834477639632205,8.524032924208026e-05
C,2024-01-29,2024-01-29 10:33:00,0.0,0.0,0.00015038636969209635
C,2024-01-29,2024-01-29 10:34:00,-0.00027826732214086825,-0.00027826732214086825,0.00011177298192020014
C,2024-01-29,2024-01-29 10:35:00,0.00046390796066053674,0.00046390796066053674,0.00014085610697686868
C,2024-01-29,2024-01-29 10:36:00,0.0,0.0,3.797271295004652e-05
C,2024-01-29,2024-01-29 10:37:00,-0.008624687007326326,-0.0036319589914071146,4.2785001081487186e-05
C,2024-01-29,2024-01-29 10:38:00,0.009448082319925,0.003560691264071245,0.00040816972586112826
C,2024-01-29,2024-01-29 10:39:00,-0.0005560189046427411,-0.0005560189046427411,-0.00036448609274732514
C,2024-01-29,2024-01-29 10:40:00,0.0006490496059341488,0.0006490496059341488,4.544981766925211e-05
C,2024-01-29,2024-01-29 10:41:00,-0.0008339510748702761,-0.0008339510748702761,2.364146113897147e-05
C,2024-01-29,2024-01-29 10:42:00,-0.0008346471297411284,-0.0008346471297411284,-4.565325971484269e-06
C,2024-01-29,2024-01-29 10:43:00,-0.0001856320772229969,-0.0001856320772229969,-2.9580994415115035e-05
C,2024-01-29,2024-01-29 10:44:00,9.283327144449238e-05,9.283327144449238e-05,3.1247385267177164e-05
C,2024-01-29,2024-01-29 10:45:00,-0.0012067205049660634,-0.0012067205049660634,1.619741623483279e-05
C,2024-01-29,2024-01-29 10:46:00,0.0008364312267659102,0.0008364312267659102,0.0003331035532286876
C,2024-01-29,2024-01-29 10:47:00,-0.007335871482960221,-0.0036319589914071146,-8.903355877906241e-05
C,2024-01-29,2024-01-29 10:48:00,0.007577174929841002,0.003560691264071245,0.000323632297026442
C,2024-01-29,2024-01-29 10:49:00,-0.0006498932318262929,-0.0006498932318262929,-0.0003636576810891444
C,2024-01-29,2024-01-29 10:50:00,0.00046451133407643397,0.00046451133407643397,7.158913617694915e-05
C,2024-01-29,2024-01-29 10:51:00,0.0,0.0,7.7390039423263e-05
C,2024-01-29,2024-01-29 10:52:00,-0.00018571826539137692,-0.00018571826539137692,2.7191920553377176e-05
C,2024-01-29,2024-01-29 10:53:00,0.0002786291446086331,0.0002786291446086331,-3.0520373421473043e-05
C,2024-01-29,2024-01-29 10:54:00,-0.00018570102135562205,-0.00018570102135562205,8.332231370606362e-05
C,2024-01-29,2024-01-29 10:55:00,-0.0007429420505201678,-0.0007429420505201678,5.247996339258453e-05
C,2024-01-29,2024-01-29 10:56:00,-9.293680297384199e-05,-9.293680297384199e-05,8.564337688800618e-05
C,2024-01-29,2024-01-29 10:57:00,0.0005576726461566928,0.0005576726461566928,0.00011225449830297851
C,2024-01-29,2024-01-29 10:58:00,0.0,0.0,5.4853100591451264e-05
C,2024-01-29,2024-01-29 10:59:00,-0.00018578727357188018,-0.00018578727357188018,-8.818067603556007e-06
C,2024-01-29,2024-01-29 11:00:00,0.00018582179689685674,0.00018582179689685674,-1.9105186627000774e-05
C,2024-01-29,2024-01-29 11:01:00,0.00018578727357176916,0.00018578727357176916,1.7324443518384537e-05
C,2024-01-29,2024-01-29 11:02:00,0.00018575276307242206,0.00018575276307242206,5.998145590124154e-05
C,2024-01-29,2024-01-29 11:03:00,-0.00018571826539137692,-0.00018571826539137692,8.517646690638458e-05
C,2024-01-29,2024-01-29 11:04:00,-0.007151481378285474,-0.0036319589914071146,7.995042669101383e-05
C,2024-01-29,2024-01-29 11:05:00,0.007951356407857713,0.003560691264071245,0.00039028130915418736
C,2024-01-29,2024-01-29 11:06:00,-0.0001856148491879983,-0.0001856148491879983,-0.00033907326961568564
C,2024-01-29,2024-01-29 11:07:00,-0.000556947925368867,-0.000556947925368867,1.2343106674996751e-06
C,2024-01-29,2024-01-29 11:08:00,0.0,0.0,1.52468693436397e-05
C,2024-01-29,2024-01-29 11:09:00,9.287638153621103e-05,9.287638153621103e-05,9.505505146544312e-05
C,2024-01-29,2024-01-29 11:10:00,-9.28677563150071e-05,-9.28677563150071e-05,-4.5112407876107005e-05
C,2024-01-29,2024-01-29 11:11:00,0.00018575276307242206,0.00018575276307242206,-6.143339469129359e-06
C,2024-01-29,2024-01-29 11:12:00,0.00018571826539148795,0.00018571826539148795,7.830925406826298e-05
C,2024-01-29,2024-01-29 11:13:00,0.0,0.0,3.4386693401483556e-05
C,2024-01-29,2024-01-29 11:14:00,-0.0004642094513045425,-0.0004642094513045425,4.558486922882991e-05
C,2024-01-29,2024-01-29 11:15:00,0.0006501950585175997,0.0006501950585175997,-9.127139770252246e-06
C,2024-01-29,2024-01-29 11:16:00,-0.000185649308456326,-0.000185649308456326,-8.808128361912116e-05
C,2024-01-29,2024-01-29 11:17:00,0.00046420945130432045,0.00046420945130432045,-1.68738093865093e-05
C,2024-01-29,2024-01-29 11:18:00,-0.00046399406087604955,-0.00046399406087604955,3.703026776928196e-05
C,2024-01-29,2024-01-29 11:19:00,0.0,0.0,-3.713538351811887e-05
C,2024-01-29,2024-01-29 11:20:00,-0.0003713675610436118,-0.0003713675610436118,7.070639972469898e-05
C,2024-01-29,2024-01-29 11:21:00,-0.0003715055261447331,-0.0003715055261447331,-7.974215402782437e-06
C,2024-01-29,2024-01-29 11:22:00,-0.001022019882932157,-0.001022019882932157,3.1722876243020876e-05
C,2024-01-29,2024-01-29 11:23:00,9.300595238093123e-05,9.300595238093123e-05,0.00015820393656322497
C,2024-01-29,2024-01-29 11:24:00,0.0001859946061564255,0.0001859946061564255,0.00014980446979525288
C,2024-01-29,2024-01-29 11:25:00,-0.00018596001859605416,-0.00018596001859605416,2.4473949310463634e-05
C,2024-01-29,2024-01-29 11:26:00,0.000371989212312851,0.000371989212312851,4.175130194231506e-05
C,2024-01-29,2024-01-29 11:27:00,0.00018592544389717247,0.00018592544389717247,7.58469796410818e-05
C,2024-01-29,2024-01-29 11:28:00,0.00037178176410446184,0.00037178176410446184,4.4877054539436394e-05
C,2024-01-29,2024-01-29 11:29:00,0.0,0.0,2.0412652618771965e-05
C,2024-01-29,2024-01-29 11:30:00,0.00018582179689685674,0.00018582179689685674,9.708187755356243e-06
C,2024-01-29,2024-01-29 11:31:00,-0.00018578727357188018,-0.00018578727357188018,2.9295952178476854e-06
C,2024-01-29,2024-01-29 11:32:00,0.0,0.0,-1.2033776696251947e-05
C,2024-01-29,2024-01-29 11:33:00,-0.006782495586732273,-0.0036319589914071146,5.091096227625652e-05
C,2024-01-29,2024-01-29 11:34:00,0.007296538821328413,0.003560691264071245,0.0003414568658547233
C,2024-01-29,2024-01-29 11:35:00,0.0001857355126300142,0.0001857355126300142,-0.00035568293115341535
C,2024-01-29,2024-01-29 11:36:00,-0.0004642525533889996,-0.0004642525533889996,2.4911340285268505e-05
C,2024-01-29,2024-01-29 11:37:00,0.0,0.0,3.177188054845462e-05
C,2024-01-29,2024-01-29 11:38:00,0.0,0.0,8.987891607892995e-05
C,2024-01-29,2024-01-29 11:39:00,0.0007431490942868546,0.0007431490942868546,-4.472895210352433e-05
C,2024-01-29,2024-01-29 11:40:00,-0.00037129861691254096,-0.00037129861691254096,-3.184209181962121e-05
C,2024-01-29,2024-01-29 11:41:00,-0.00018571826539137692,-0.00018571826539137692,2.0055022223784387e-05
C,2024-01-29,2024-01-29 11:42:00,0.00018575276307242206,0.00018575276307242206,2.6869661274254636e-05
C,2024-01-29,2024-01-29 11:43:00,9.2859132695855e-05,9.2859132695855e-05,7.992054997786862e-05
C,2024-01-29,2024-01-29 11:44:00,9.285051067786654e-05,9.285051067786654e-05,7.094542121476324e-05
C,2024-01-29,2024-01-29 11:45:00,0.00046420945130432045,0.00046420945130432045,6.736750791091011e-05
C,2024-01-29,2024-01-29 11:46:00,-0.00046399406087604955,-0.00046399406087604955,-6.393504906819326e-06
C,2024-01-29,2024-01-29 11:47:00,-0.0001856837805218614,-0.0001856837805218614,4.59616312975932e-05
C,2024-01-29,2024-01-29 11:48:00,0.00046429566347860884,0.00046429566347860884,8.625540571998893e-06
C,2024-01-29,2024-01-29 11:49:00,9.281603861133192e-05,9.281603861133192e-05,5.736123925931317e-05
C,2024-01-29,2024-01-29 11:50:00,-0.0005568445475637729,-0.0005568445475637729,3.9873861245927564e-05
C,2024-01-29,2024-01-29 11:51:00,0.00018571826539148795,0.00018571826539148795,6.62183924383204e-05
C,2024-01-29,2024-01-29 11:52:00,-0.0003713675610436118,-0.0003713675610436118,8.647823259382515e-05
C,2024-01-29,2024-01-29 11:53:00,0.00018575276307242206,0.00018575276307242206,7.782255631371978e-05
C,2024-01-29,2024-01-29 11:54:00,0.0,0.0,4.2029433262836666e-05
C,2024-01-29,2024-01-29 11:55:00,-0.00018571826539137692,-0.00018571826539137692,-1.3529877711245486e-07
C,2024-01-29,2024-01-29 11:56:00,0.00018575276307242206,0.00018575276307242206,0.00011460800544115768
C,2024-01-29,2024-01-29 11:57:00,-0.007335871482960221,-0.0036319589914071146,8.364178549562432e-05
C,2024-01-29,2024-01-29 11:58:00,0.007577174929841002,0.003560691264071245,0.00037321842341121557
C,2024-01-29,2024-01-29 11:59:00,-0.0006498932318262929,-0.0006498932318262929,-0.00032667613101941214
C,2024-01-29,2024-01-29 12:00:00,-9.290226681535341e-05,-9.290226681535341e-05,2.1933911148376117e-05
C,2024-01-29,2024-01-29 12:01:00,0.0,0.0,5.363429514418111e-05
C,2024-01-29,2024-01-29 12:02:00,0.0,0.0,5.5842892631806265e-05
C,2024-01-29,2024-01-29 12:03:00,0.0,0.0,-2.7499741332024802e-05
C,2024-01-29,2024-01-29 12:04:00,-0.00018582179689674572,-0.00018582179689674572,9.782463958824061e-05
C,2024-01-29,2024-01-29 12:05:00,-0.00018585633305445715,-0.00018585633305445715,5.907681841431197e-05
C,2024-01-29,2024-01-29 12:06:00,0.00037178176410446184,0.00037178176410446184,6.205680044121584e-05
C,2024-01-29,2024-01-29 12:07:00,0.0,0.0,8.964850048511772e-05
C,2024-01-29,2024-01-29 12:08:00,0.00018582179689685674,0.00018582179689685674,4.505342091150864e-05
C,2024-01-29,2024-01-29 12:09:00,0.0003715745471435383,0.0003715745471435383,7.521430864915447e-05
C,2024-01-29,2024-01-29 12:10:00,0.0,0.0,3.8498746890398856e-05
C,2024-01-29,2024-01-29 12:11:00,0.0,0.0,3.719611894569899e-05
C,2024-01-29,2024-01-29 12:12:00,-0.00018571826539137692,-0.00018571826539137692,4.732355055701467e-05
C,2024-01-29,2024-01-29 12:13:00,-0.00018575276307231103,-0.00018575276307231103,6.4793661152131e-05
C,2024-01-29,2024-01-29 12:14:00,0.0,0.0,4.018944310098591e-05
C,2024-01-29,2024-01-29 12:15:00,0.0,0.0,2.4863928524493132e-06
C,2024-01-29,2024-01-29 12:16:00,0.00027868091035765374,0.00027868091035765374,9.216585054828332e-05
C,2024-01-29,2024-01-29 12:17:00,-9.28677563150071e-05,-9.28677563150071e-05,7.707577420014124e-05
C,2024-01-29,2024-01-29 12:18:00,0.0,0.0,5.143492622842522e-05
C,2024-01-29,2024-01-29 12:19:00,-0.0003715055261447331,-0.0003715055261447331,8.123570153183762e-05
C,2024-01-29,2024-01-29 12:20:00,0.00046455449224214185,0.00046455449224214185,6.122398505260675e-05
C,2024-01-29,2024-01-29 12:21:00,-0.0003714710252601394,-0.0003714710252601394,6.63003240586353e-05
C,2024-01-29,2024-01-29 12:22:00,0.0002787068004459492,0.0002787068004459492,-1.3001030607924554e-06
C,2024-01-29,2024-01-29 12:23:00,9.287638153621103e-05,9.287638153621103e-05,9.339602324100475e-05
C,2024-01-29,2024-01-29 12:24:00,-0.0003714710252601394,-0.0003714710252601394,9.855519835869921e-06
C,2024-01-29,2024-01-29 12:25:00,0.0002787068004459492,0.0002787068004459492,6.096307120233976e-05
C,2024-01-29,2024-01-29 12:26:00,-0.0003715055261447331,-0.0003715055261447331,2.8871407736498368e-05
C,2024-01-29,2024-01-29 12:27:00,-0.00037164359379349143,-0.00037164359379349143,4.7855495740425065e-05
C,2024-01-29,2024-01-29 12:28:00,0.0002788363230783464,0.0002788363230783464,3.4157608791133355e-05
C,2024-01-29,2024-01-29 12:29:00,9.291953168544254e-05,9.291953168544254e-05,0.0001126646403981872
C,2024-01-29,2024-01-29 12:30:00,-9.291089844831735e-05,-9.291089844831735e-05,7.210962044092738e-05
C,2024-01-29,2024-01-29 12:31:00,0.00018583906337110712,0.00018583906337110712,0.00010654197735855136
C,2024-01-29,2024-01-29 12:32:00,-0.0068747677443329325,-0.0036319589914071146,5.2223059892613734e-05
C,2024-01-29,2024-01-29 12:33:00,0.006828811973807136,0.003560691264071245,0.0003911283244294228
C,2024-01-29,2024-01-29 12:34:00,0.00018582179689685674,0.00018582179689685674,-0.0003431040942764878
C,2024-01-29,2024-01-29 12:35:00,0.00018578727357176916,0.00018578727357176916,7.875391512559918e-05
C,2024-01-29,2024-01-29 12:36:00,9.287638153621103e-05,9.287638153621103e-05,5.360533801998482e-05
C,2024-01-29,2024-01-29 12:37:00,-9.28677563150071e-05,-9.28677563150071e-05,7.086514261573427e-05
C,2024-01-29,2024-01-29 12:38:00,9.287638153621103e-05,9.287638153621103e-05,4.465649256687456e-06
C,2024-01-29,2024-01-29 12:39:00,-0.0002786032689450213,-0.0002786032689450213,4.447002875511861e-05
C,2024-01-29,2024-01-29 12:40:00,-0.00027868091035765374,-0.00027868091035765374,-1.845951265918193e-07
C,2024-01-29,2024-01-29 12:41:00,-0.0002787585950566607,-0.0002787585950566607,2.493402164807669e-05
C,2024-01-29,2024-01-29 12:42:00,9.294544102611546e-05,9.294544102611546e-05,2.74739946864355e-05
C,2024-01-29,2024-01-29 12:43:00,0.00027881040892197007,0.00027881040892197007,5.942015838650686e-05
C,2024-01-29,2024-01-29 12:44:00,-0.0005574653906903482,-0.0005574653906903482,7.000216753178652e-05
C,2024-01-29,2024-01-29 12:45:00,-0.0007437017755878017,-0.0007437017755878017,7.770197205489283e-05
C,2024-01-29,2024-01-29 12:46:00,9.303190994502941e-05,9.303190994502941e-05,0.00021139520247139996
C,2024-01-29,2024-01-29 12:47:00,-9.302325581383997e-05,-9.302325581383997e-05,0.0001730920761420977
C,2024-01-29,2024-01-29 12:48:00,9.303190994502941e-05,9.303190994502941e-05,0.00017168196156005464
C,2024-01-29,2024-01-29 12:49:00,0.00046511627906986597,0.00046511627906986597,0.00013247449594693634
C,2024-01-29,2024-01-29 12:50:00,-0.00037192003719221933,-0.00037192003719221933,5.8351483615440105e-05
C,2024-01-29,2024-01-29 12:51:00,-0.0007441168263415676,-0.0007441168263415676,3.986464571519171e-05
C,2024-01-29,2024-01-29 12:52:00,-0.0002792516056967509,-0.0002792516056967509,7.678941472215298e-05
C,2024-01-29,2024-01-29 12:53:00,0.0,0.0,1.4607079459464556e-05
C,2024-01-29,2024-01-29 12:54:00,9.310986964616852e-05,9.310986964616852e-05,2.848823148944827e-05
C,2024-01-29,2024-01-29 12:55:00,0.0,0.0,4.6537196756848056e-05
C,2024-01-29,2024-01-29 12:56:00,-0.00018620240201094873,-0.00018620240201094873,3.737571178425022e-05
C,2024-01-29,2024-01-29 12:57:00,0.0,0.0,1.0050388849139245e-06
C,2024-01-29,2024-01-29 12:58:00,0.0,0.0,6.282139426057152e-05
C,2024-01-29,2024-01-29 12:59:00,-0.00037247415960528496,-0.00037247415960528496,3.484278384441635e-05
C,2024-01-29,2024-01-29 13:00:00,-0.00037261294829993297,-0.00037261294829993297,-1.160530564897949e-05
C,2024-01-29,2024-01-29 13:01:00,0.0,0.0,4.6324697008096185e-06
C,2024-01-29,2024-01-29 13:02:00,0.0001863759202309634,0.0001863759202309634,2.5269043473887316e-05
C,2024-01-29,2024-01-29 13:03:00,0.0,0.0,-1.2716022642684538e-05
C,2024-01-29,2024-01-29 13:04:00,0.00018634119072014066,0.00018634119072014066,9.137600068167587e-06
C,2024-01-29,2024-01-29 13:05:00,0.0001863064741500775,0.0001863064741500775,-3.0132259657448824e-05
C,2024-01-29,2024-01-29 13:06:00,-0.0001862717705132244,-0.0001862717705132244,3.339030476897627e-05
C,2024-01-29,2024-01-29 13:07:00,0.0001863064741500775,0.0001863064741500775,-1.581415781556374e-05
C,2024-01-29,2024-01-29 13:08:00,0.0001862717705132244,0.0001862717705132244,4.304641268237768e-05
C,2024-01-29,2024-01-29 13:09:00,0.0,0.0,1.7217146543008242e-05
C,2024-01-29,2024-01-29 13:10:00,0.00037247415960517394,0.00037247415960517394,1.084524863419476e-06
C,2024-01-29,2024-01-29 13:11:00,0.0,0.0,5.834539388619796e-05
C,2024-01-29,2024-01-29 13:12:00,9.308386856554662e-05,9.308386856554662e-05,-3.954782660132517e-06
C,2024-01-29,2024-01-29 13:13:00,9.307520476542486e-05,9.307520476542486e-05,7.53218001881691e-05
C,2024-01-29,2024-01-29 13:14:00,0.0,0.0,6.080684966440036e-05
C,2024-01-29,2024-01-29 13:15:00,0.0001861330851560261,0.0001861330851560261,5.365174224321307e-05
C,2024-01-29,2024-01-29 13:16:00,-0.0003721968921558405,-0.0003721968921558405,7.238903794712244e-05
C,2024-01-29,2024-01-29 13:17:00,0.0,0.0,4.45668575035305e-05
C,2024-01-29,2024-01-29 13:18:00,9.308386856554662e-05,9.308386856554662e-05,7.965652740951988e-05
C,2024-01-29,2024-01-29 13:19:00,9.307520476542486e-05,9.307520476542486e-05,7.54740454107407e-05
C,2024-01-29,2024-01-29 13:20:00,0.0001861330851560261,0.0001861330851560261,6.092482841500582e-05
C,2024-01-29,2024-01-29 13:21:00,0.0,0.0,3.2250076973353646e-05
C,2024-01-29,2024-01-29 13:22:00,0.00037219689215595153,0.00037219689215595153,6.36163047966852e-05
C,2024-01-29,2024-01-29 13:23:00,0.0,0.0,5.4872710388416934e-05
C,2024-01-29,2024-01-29 13:24:00,0.00027904380987808786,0.00027904380987808786,3.436947421889715e-05
C,2024-01-29,2024-01-29 13:25:00,-9.298865538398537e-05,-9.298865538398537e-05,4.097806190654579e-05
C,2024-01-29,2024-01-29 13:26:00,-9.299730307810172e-05,-9.299730307810172e-05,5.036318714510929e-05
C,2024-01-29,2024-01-29 13:27:00,9.300595238093123e-05,9.300595238093123e-05,5.1095400632613033e-05
C,2024-01-29,2024-01-29 13:28:00,0.0,0.0,6.591951586604346e-05
C,2024-01-29,2024-01-29 13:29:00,0.0,0.0,2.830332703645558e-06
C,2024-01-29,2024-01-29 13:30:00,0.0,0.0,-2.6010305338304924e-06
C,2024-01-29,2024-01-29 13:31:00,-9.299730307810172e-05,-9.299730307810172e-05,8.135254135244741e-05
C,2024-01-29,2024-01-29 13:32:00,-0.0002790178571429047,-0.0002790178571429047,4.198323626634484e-05
C,2024-01-29,2024-01-29 13:33:00,0.0003721276397803397,0.0003721276397803397,3.1105519175044374e-05
C,2024-01-29,2024-01-29 13:34:00,0.0,0.0,5.180663787469982e-05
C,2024-01-29,2024-01-29 13:35:00,0.0,0.0,1.8464376181239826e-05
C,2024-01-29,2024-01-29 13:36:00,0.0001859946061564255,0.0001859946061564255,-2.3550649476751324e-05
C,2024-01-29,2024-01-29 13:37:00,0.0,0.0,1.761349481474334e-05
C,2024-01-29,2024-01-29 13:38:00,-0.00037192003719221933,-0.00037192003719221933,4.266658984570892e-05
C,2024-01-29,2024-01-29 13:39:00,-0.00018602920658528088,-0.00018602920658528088,4.310119007979441e-05
C,2024-01-29,2024-01-29 13:40:00,-0.00018606381989028087,-0.00018606381989028087,3.6969459023520885e-05
C,2024-01-29,2024-01-29 13:41:00,0.00018609844607797577,0.00018609844607797577,2.8096846249729187e-05
C,2024-01-29,2024-01-29 13:42:00,-0.00018606381989028087,-0.00018606381989028087,3.458134776475199e-05
C,2024-01-29,2024-01-29 13:43:00,-0.0001860984460780868,-0.0001860984460780868,2.7895677864492158e-05
C,2024-01-29,2024-01-29 13:44:00,0.0,0.0,-1.3803298862969118e-05
C,2024-01-29,2024-01-29 13:45:00,0.0001861330851560261,0.0001861330851560261,7.194729226668894e-05
C,2024-01-29,2024-01-29 13:46:00,9.304922303887686e-05,9.304922303887686e-05,1.6788916790752617e-05
C,2024-01-29,2024-01-29 13:47:00,-9.304056568659735e-05,-9.304056568659735e-05,4.7325232901932066e-05
C,2024-01-29,2024-01-29 13:48:00,0.0,0.0,3.3823299651308084e-05
C,2024-01-29,2024-01-29 13:49:00,0.0,0.0,4.592439381759307e-05
C,2024-01-29,2024-01-29 13:50:00,-0.0001860984460780868,-0.0001860984460780868,2.3138926743082768e-05
C,2024-01-29,2024-01-29 13:51:00,0.0001861330851560261,0.0001861330851560261,5.428299522923704e-05
C,2024-01-29,2024-01-29 13:52:00,-0.005303805713222198,-0.0036319589914071146,3.441740405210606e-05
C,2024-01-29,2024-01-29 13:53:00,0.00570626753975656,0.003560691264071245,0.0003217831899220158
C,2024-01-29,2024-01-29 13:54:00,-0.00018602920658528088,-0.00018602920658528088,-0.0003756642786719276
C,2024-01-29,2024-01-29 13:55:00,-0.00018606381989028087,-0.00018606381989028087,1.2703245654407921e-05
C,2024-01-29,2024-01-29 13:56:00,0.0,0.0,5.106106662814005e-05
C,2024-01-29,2024-01-29 13:57:00,-0.005303805713222198,-0.0036319589914071146,9.56533649141709e-05
C,2024-01-29,2024-01-29 13:58:00,0.005612722170252438,0.003560691264071245,0.00023966226608142666
C,2024-01-29,2024-01-29 13:59:00,0.00046511627906986597,0.00046511627906986597,-0.00033933379275271014
C,2024-01-29,2024-01-29 14:00:00,-0.00037192003719221933,-0.00037192003719221933,-3.736841290622267e-05
C,2024-01-29,2024-01-29 14:01:00,0.00018602920658561395,0.00018602920658561395,2.8375274710671546e-06
C,2024-01-29,2024-01-29 14:02:00,-0.00037198921231273996,-0.00037198921231273996,7.0196951377696e-05
C,2024-01-29,2024-01-29 14:03:00,-0.00018606381989028087,-0.00018606381989028087,-6.578556581983818e-05
C,2024-01-29,2024-01-29 14:04:00,0.0,0.0,-1.756079636870239e-05
C,2024-01-29,2024-01-29 14:05:00,0.0,0.0,3.300499699745583e-05
C,2024-01-29,2024-01-29 14:06:00,0.0,0.0,1.655432854202086e-05
C,2024-01-29,2024-01-29 14:07:00,0.00018609844607797577,0.00018609844607797577,-9.910375058436628e-06
C,2024-01-29,2024-01-29 14:08:00,0.00018606381989005882,0.00018606381989005882,1.1288004980582242e-06
C,2024-01-29,2024-01-29 14:09:00,0.00027904380987808786,0.00027904380987808786,5.0484718419067034e-05
C,2024-01-29,2024-01-29 14:10:00,0.00046494327692037096,0.00046494327692037096,5.3562989659183766e-05
C,2024-01-29,2024-01-29 14:11:00,0.0,0.0,3.818612035221456e-05
C,2024-01-29,2024-01-29 14:12:00,0.00018589088205223092,0.00018589088205223092,-3.8482701219405e-05
C,2024-01-29,2024-01-29 14:13:00,-0.00018585633305445715,-0.00018585633305445715,3.5411515503158386e-05
C,2024-01-29,2024-01-29 14:14:00,0.00037178176410446184,0.00037178176410446184,3.2448987428568305e-05
C,2024-01-29,2024-01-29 14:15:00,0.0,0.0,4.874812354539082e-05
C,2024-01-29,2024-01-29 14:16:00,-0.0005574653906903482,-0.0005574653906903482,3.387766631594998e-05
C,2024-01-29,2024-01-29 14:17:00,0.0,0.0,4.551367399340479e-05
C,2024-01-29,2024-01-29 14:18:00,-0.00037185088779390085,-0.00037185088779390085,7.395379808530875e-05
C,2024-01-29,2024-01-29 14:19:00,-0.005858830093927181,-0.0036319589914071146,4.097079337937704e-05
C,2024-01-29,2024-01-29 14:20:00,0.00570626753975656,0.003560691264071245,0.00041716974978065553
C,2024-01-29,2024-01-29 14:21:00,0.0,0.0,-0.0003539658947849162
C,2024-01-29,2024-01-29 14:22:00,0.0,0.0,5.149148557903518e-05
C,2024-01-29,2024-01-29 14:23:00,9.3014603292918e-05,9.3014603292918e-05,8.430598856442274e-05
C,2024-01-29,2024-01-29 14:24:00,-0.0002790178571429047,-0.0002790178571429047,7.680333816946096e-05
C,2024-01-29,2024-01-29 14:25:00,-0.0002790957298353103,-0.0002790957298353103,-1.831935929426791e-05
C,2024-01-29,2024-01-29 14:26:00,9.305788200242304e-05,9.305788200242304e-05,0.0001247855633846658
C,2024-01-29,2024-01-29 14:27:00,0.00018609844607797577,0.00018609844607797577,8.546089316734915e-05
C,2024-01-29,2024-01-29 14:28:00,9.303190994502941e-05,9.303190994502941e-05,5.644845108313153e-05
C,2024-01-29,2024-01-29 14:29:00,-0.00027906976744185297,-0.00027906976744185297,6.471683922767841e-05
C,2024-01-29,2024-01-29 14:30:00,0.00018609844607797577,0.00018609844607797577,6.763795167275852e-05
C,2024-01-29,2024-01-29 14:31:00,-9.303190994525146e-05,-9.303190994525146e-05,7.46054145546312e-05
C,2024-01-29,2024-01-29 14:32:00,0.0002791216970599031,0.0002791216970599031,4.622199986503071e-05
C,2024-01-29,2024-01-29 14:33:00,0.00018602920658561395,0.00018602920658561395,6.428968351978926e-05
C,2024-01-29,2024-01-29 14:34:00,-0.0001859946061565365,-0.0001859946061565365,5.9223803440095235e-05
C,2024-01-29,2024-01-29 14:35:00,9.3014603292918e-05,9.3014603292918e-05,3.7361030578150516e-05
C,2024-01-29,2024-01-29 14:36:00,-0.0002790178571429047,-0.0002790178571429047,5.970865020412317e-05
C,2024-01-29,2024-01-29 14:37:00,0.0,0.0,5.897008041649092e-05
C,2024-01-29,2024-01-29 14:38:00,0.0011163829193412411,0.0011163829193412411,2.6503984295280007e-05
C,2024-01-29,2024-01-29 14:39:00,-0.0005575689991634825,-0.0005575689991634825,-0.0002757590218715863
C,2024-01-29,2024-01-29 14:40:00,-0.00018596001859605416,-0.00018596001859605416,4.290296176961879e-06
C,2024-01-29,2024-01-29 14:41:00,0.000371989212312851,0.000371989212312851,5.218615138888052e-05
C,2024-01-29,2024-01-29 14:42:00,0.0,0.0,1.4772826346348846e-05
C,2024-01-29,2024-01-29 14:43:00,-0.00037185088779390085,-0.00037185088779390085,1.90701198942618e-05
C,2024-01-29,2024-01-29 14:44:00,-0.0001859946061565365,-0.0001859946061565365,0.00011002379399991409
C,2024-01-29,2024-01-29 14:45:00,0.00037205841317100585,0.00037205841317100585,6.62054996867261e-05
C,2024-01-29,2024-01-29 14:46:00,0.0,0.0,4.1940389042535554e-05
C,2024-01-29,2024-01-29 14:47:00,-0.00018596001859605416,-0.00018596001859605416,4.3504234558742264e-05
C,2024-01-29,2024-01-29 14:48:00,0.0,0.0,6.981785550158097e-05
C,2024-01-29,2024-01-29 14:49:00,0.0001859946061564255,0.0001859946061564255,0.0001251357963396142
C,2024-01-29,2024-01-29 14:50:00,0.0,0.0,6.930785326894822e-05
C,2024-01-29,2024-01-29 14:51:00,0.0,0.0,6.916901032898113e-05
C,2024-01-29,2024-01-29 14:52:00,0.0,0.0,2.0176437647406194e-05
C,2024-01-29,2024-01-29 14:53:00,0.0,0.0,7.369404344876899e-06
C,2024-01-29,2024-01-29 14:54:00,9.298000929791606e-05,9.298000929791606e-05,9.402584616772868e-06
C,2024-01-29,2024-01-29 14:55:00,0.00027891409445901516,0.00027891409445901516,-6.186653883142709e-06
C,2024-01-29,2024-01-29 14:56:00,0.0,0.0,-1.9686119070041916e-05
C,2024-01-29,2024-01-29 14:57:00,-0.00018589088205234194,-0.00018589088205234194,-8.761766960237049e-06
C,2024-01-29,2024-01-29 14:58:00,0.0,0.0,6.297004067694107e-06
C,2024-01-29,2024-01-29 14:59:00,0.001673328995072998,0.001673328995072998,4.281720398074615e-05
C,2024-01-29,2024-01-29 15:00:00,0.0011136890951275458,0.0011136890951275458,-0.0003886454917823441
C,2024-01-29,2024-01-29 15:01:00,-0.0005562250857513718,-0.0005562250857513718,-0.00029872836690248583
C,2024-01-29,2024-01-29 15:02:00,-0.0007420461923756116,-0.0007420461923756116,-1.4897360595087538e-06
C,2024-01-29,2024-01-29 15:03:00,0.000556947925369089,0.000556947925369089,9.938407540847846e-05
C,2024-01-29,2024-01-29 15:04:00,-0.00018554596901365628,-0.00018554596901365628,2.3599619419065114e-05
C,2024-01-29,2024-01-29 15:05:00,0.00018558040270932885,0.00018558040270932885,1.7703216103067835e-06
C,2024-01-29,2024-01-29 15:06:00,0.0005566379070414129,0.0005566379070414129,7.5749819888181e-05
C,2024-01-29,2024-01-29 15:07:00,0.0005563282336578101,0.0005563282336578101,3.372696690416359e-05
C,2024-01-29,2024-01-29 15:08:00,-0.0005560189046427411,-0.0005560189046427411,-5.0714997452825226e-05
C,2024-01-29,2024-01-29 15:09:00,0.0,0.0,3.735900360805404e-06
C,2024-01-29,2024-01-29 15:10:00,0.0005563282336578101,0.0005563282336578101,1.2555202667648979e-05
C,2024-01-29,2024-01-29 15:11:00,-0.009359651561486326,-0.0036319589914071146,-4.188451519668322e-05
C,2024-01-29,2024-01-29 15:12:00,0.009354536950420878,0.003560691264071245,0.0003531686453209257
C,2024-01-29,2024-01-29 15:13:00,0.0002780352177942369,0.0002780352177942369,-0.0003618762133530763
C,2024-01-29,2024-01-29 15:14:00,0.0004632632261649672,0.0004632632261649672,-2.602412364422228e-05
C,2024-01-29,2024-01-29 15:15:00,0.0002778292276348626,0.0002778292276348626,3.459493519063497e-05
C,2024-01-29,2024-01-29 15:16:00,0.0003703360799927058,0.0003703360799927058,3.430847944662324e-05
C,2024-01-29,2024-01-29 15:17:00,0.0008329477093937943,0.0008329477093937943,-4.904747697112345e-05
C,2024-01-29,2024-01-29 15:18:00,0.0008322544849268532,0.0008322544849268532,-0.00010153793271231964
C,2024-01-29,2024-01-29 15:19:00,9.239582370890176e-05,9.239582370890176e-05,-9.167472858858096e-05
C,2024-01-29,2024-01-29 15:20:00,9.23872875091547e-05,9.23872875091547e-05,-2.0604725514897825e-05
C,2024-01-29,2024-01-29 15:21:00,0.00018475750577384709,0.00018475750577384709,3.6293376540183892e-06
C,2024-01-29,2024-01-29 15:22:00,0.00018472337674313444,0.00018472337674313444,6.769257472139834e-05
C,2024-01-29,2024-01-29 15:23:00,0.0007387570412782374,0.0007387570412782374,5.489000933556919e-05
C,2024-01-29,2024-01-29 15:24:00,0.0005536587616499222,0.0005536587616499222,-3.833362932095316e-05
C,2024-01-29,2024-01-29 15:25:00,-0.0003689015954994046,-0.0003689015954994046,1.1050728770232281e-05
C,2024-01-29,2024-01-29 15:26:00,-0.0005535566011625193,-0.0005535566011625193,1.5299331543459503e-05
C,2024-01-29,2024-01-29 15:27:00,-0.0011077263915811875,-0.0011077263915811875,6.254954883286978e-05
C,2024-01-29,2024-01-29 15:28:00,0.00046206450420460676,0.00046206450420460676,0.00020480884602266025
C,2024-01-29,2024-01-29 15:29:00,0.0002771106595234052,0.0002771106595234052,9.806789757719566e-05
C,2024-01-29,2024-01-29 15:30:00,-9.234463015972416e-05,-9.234463015972416e-05,0.00010075862901487563
C,2024-01-29,2024-01-29 15:31:00,-0.0017547100110824054,-0.0017547100110824054,0.00014686079384899518
C,2024-01-29,2024-01-29 15:32:00,0.0018503099269127077,0.0018503099269127077,0.00036717689257394074
C,2024-01-29,2024-01-29 15:33:00,0.0,0.0,-0.0003629117209791987
C,2024-01-29,2024-01-29 15:34:00,0.00018468926031967037,0.00018468926031967037,4.2314277722404707e-05
C,2024-01-29,2024-01-29 15:35:00,0.00036931031299047845,0.00036931031299047845,4.8349930613943275e-05
C,2024-01-29,2024-01-29 15:36:00,-0.0005537609598523785,-0.0005537609598523785,3.676990391730703e-05
C,2024-01-29,2024-01-29 15:37:00,0.0,0.0,5.405430836378414e-05
C,2024-01-29,2024-01-29 15:38:00,0.0,0.0,0.00013207163266531366
C,2024-01-29,2024-01-29 15:39:00,-0.0001846892603193373,-0.0001846892603193373,9.568477409940272e-05
C,2024-01-29,2024-01-29 15:40:00,-0.0001847233767434675,-0.0001847233767434675,0.0001075981065968089
C,2024-01-29,2024-01-29 15:41:00,0.00018475750577384709,0.00018475750577384709,0.00013042740540431208
C,2024-01-29,2024-01-29 15:42:00,0.0,0.0,7.009414940222087e-05
C,2024-01-29,2024-01-29 15:43:00,0.0,0.0,7.317325376674984e-05
C,2024-01-29,2024-01-29 15:44:00,-0.0007388935069734259,-0.0007388935069734259,6.548605189840685e-05
C,2024-01-29,2024-01-29 15:45:00,-0.00018485996857375842,-0.00018485996857375842,0.00010214007747481908
C,2024-01-29,2024-01-29 15:46:00,-0.0005546824443006804,-0.0005546824443006804,0.0001518057880772501
C,2024-01-29,2024-01-29 15:47:00,0.0001849967625566773,0.0001849967625566773,0.00015478537034193586
C,2024-01-29,2024-01-29 15:48:00,-0.0003699250901691986,-0.0003699250901691986,0.0001832812710304469
C,2024-01-29,2024-01-29 15:49:00,0.0005550929780737679,0.0005550929780737679,0.00015616097771015976
C,2024-01-29,2024-01-29 15:50:00,-0.00018492834026828664,-0.00018492834026828664,3.9653266546992894e-05
C,2024-01-29,2024-01-29 15:51:00,-0.0001849625450845993,-0.0001849625450845993,4.8192246473707636e-05
C,2024-01-29,2024-01-29 15:52:00,0.0001849967625566773,0.0001849967625566773,0.00010263782738729794
C,2024-01-29,2024-01-29 15:53:00,-0.0001849625450845993,-0.0001849625450845993,5.707563255748158e-05
C,2024-01-29,2024-01-29 15:54:00,0.0009249838127833865,0.0009249838127833865,8.412268219282043e-05
C,2024-01-29,2024-01-29 15:55:00,0.0,0.0,-0.00010775149506354318
C,2024-01-29,2024-01-29 15:56:00,0.00018482580168166507,0.00018482580168166507,1.2872957344460311e-05
C,2024-01-29,2024-01-29 15:57:00,0.00036958329483516295,0.00036958329483516295,5.199907144076845e-05
C,2024-01-29,2024-01-29 15:58:00,-0.000369446753486824,-0.000369446753486824,4.2772400779446864e-05
C,2024-01-30,2024-01-30 09:40:00,0.0010854816824965585,0.0010854816824965585,0.0005088642650739705
C,2024-01-30,2024-01-30 09:41:00,0.0028914791723142486,0.0028914791723142486,-0.00020868117991014947
C,2024-01-30,2024-01-30 09:42:00,0.0011712766915938921,0.0011712766915938921,-0.000273315015561244
C,2024-01-30,2024-01-30 09:43:00,-0.0008099352051835762,-0.0008099352051835762,-0.0002842533944818577
C,2024-01-30,2024-01-30 09:44:00,0.00018013149599216405,0.00018013149599216405,7.225971103028246e-05
C,2024-01-30,2024-01-30 09:45:00,-0.002971634398919565,-0.002971634398919565,2.8345268785505562e-05
C,2024-01-30,2024-01-30 09:46:00,-9.031791907510023e-05,-9.031791907510023e-05,0.0004144404680397499
C,2024-01-30,2024-01-30 09:47:00,0.0022581519284616824,0.0022581519284616824,0.0002316930962250704
C,2024-01-30,2024-01-30 09:48:00,0.00117159336697914,0.00117159336697914,-0.000220614678737678
C,2024-01-30,2024-01-30 09:49:00,0.0008101539292466597,0.0008101539292466597,-0.0002494310003970376
C,2024-01-30,2024-01-30 09:50:00,-0.0007195538765966125,-0.0007195538765966125,-0.00015689133504546374
C,2024-01-30,2024-01-30 09:51:00,0.0006300630063007517,0.0006300630063007517,5.980885187723945e-05
C,2024-01-30,2024-01-30 09:52:00,-8.99523252676504e-05,-8.99523252676504e-05,-9.775422113829969e-05
C,2024-01-30,2024-01-30 09:53:00,0.004318100035984207,0.0032316783316532283,5.127568788027245e-05
C,2024-01-30,2024-01-30 09:54:00,-0.0035829451809386015,-0.003140983963237315,-0.0002966061482415519
C,2024-01-30,2024-01-30 09:55:00,0.0004494786048183652,0.0004494786048183652,0.0003947583867372318
C,2024-01-30,2024-01-30 09:56:00,8.985533291405723e-05,8.985533291405723e-05,6.556455569824317e-05
C,2024-01-30,2024-01-30 09:57:00,-0.000269541778975646,-0.000269541778975646,5.6312452764781476e-05
C,2024-01-30,2024-01-30 09:58:00,-0.00035948593511281324,-0.00035948593511281324,7.790852552384344e-05
C,2024-01-30,2024-01-30 09:59:00,-0.0008990380293086853,-0.0008990380293086853,0.00022371641023515384
C,2024-01-30,2024-01-30 10:00:00,0.0005399082156034574,0.0005399082156034574,0.00019876195897104877
C,2024-01-30,2024-01-30 10:01:00,-0.0017987229067362165,-0.0017987229067362165,4.306126171018382e-05
C,2024-01-30,2024-01-30 10:02:00,0.0006306874493198222,0.0006306874493198222,0.0005168419984631064
C,2024-01-30,2024-01-30 10:03:00,-0.0013506212857915534,-0.0013506212857915534,7.749395710604415e-06
C,2024-01-30,2024-01-30 10:04:00,-0.0006311423676854666,-0.0006311423676854666,0.0005038524430343196
C,2024-01-30,2024-01-30 10:05:00,0.00234572356549978,0.00234572356549978,0.0002684822685273382
C,2024-01-30,2024-01-30 10:06:00,-0.0006300630063005297,-0.0006300630063005297,-0.00022776142076200262
C,2024-01-30,2024-01-30 10:07:00,0.0015311177159327283,0.0015311177159327283,8.825112796888162e-05
C,2024-01-30,2024-01-30 10:08:00,-0.0006294964028777938,-0.0006294964028777938,-0.00026639727968147094
C,2024-01-30,2024-01-30 10:09:00,0.0008998470260055402,0.0008998470260055402,6.327652514837887e-05
C,2024-01-30,2024-01-30 10:10:00,-0.001168749438101191,-0.001168749438101191,-0.00020083808741819037
C,2024-01-30,2024-01-30 10:11:00,0.0016201620162017427,0.0016201620162017427,0.0003634254803171492
C,2024-01-30,2024-01-30 10:12:00,-0.001168224299065379,-0.001168224299065379,-0.0002796330710396373
C,2024-01-30,2024-01-30 10:13:00,0.00026990553306349696,0.00026990553306349696,0.00037148143246848084
C,2024-01-30,2024-01-30 10:14:00,-0.0002698327037237158,-0.0002698327037237158,6.875869349401527e-05
C,2024-01-30,2024-01-30 10:15:00,0.0008996851102114345,0.0008996851102114345,6.531952925451264e-05
C,2024-01-30,2024-01-30 10:16:00,0.0022471910112360494,0.0022471910112360494,-0.0001483784990182329
C,2024-01-30,2024-01-30 10:17:00,0.0006278026905828238,0.0006278026905828238,-0.0002706280808527826
C,2024-01-30,2024-01-30 10:18:00,0.0014340772609124919,0.0014340772609124919,-0.00010631821401598317
C,2024-01-30,2024-01-30 10:19:00,-0.0018795310122615705,-0.0018795310122615705,-0.00027315374605688705
C,2024-01-30,2024-01-30 10:20:00,-0.0017037302725969594,-0.0017037302725969594,0.00032441973774442317
C,2024-01-30,2024-01-30 10:21:00,0.0018862840204796338,0.0018862840204796338,0.00037383602869579683
C,2024-01-30,2024-01-30 10:22:00,-0.0013448090371166455,-0.0013448090371166455,-0.00024878077067112846
C,2024-01-30,2024-01-30 10:23:00,0.002154591974144804,0.002154591974144804,0.0004172993913881111
C,2024-01-30,2024-01-30 10:24:00,-0.00017916330735456842,-0.00017916330735456842,-0.0002647986068534425
C,2024-01-30,2024-01-30 10:25:00,-0.00035839082519495413,-0.00035839082519495413,1.3382120724188357e-05
C,2024-01-30,2024-01-30 10:26:00,0.000358519315228234,0.000358519315228234,8.497295987403304e-06
C,2024-01-30,2024-01-30 10:27:00,0.0012543678881820064,0.0012543678881820064,1.6742540856215344e-05
C,2024-01-30,2024-01-30 10:28:00,-0.001431767337807588,-0.001431767337807588,-0.00030565513675960505
C,2024-01-30,2024-01-30 10:29:00,-0.00035845505869691596,-0.00035845505869691596,0.00037717012185768325
C,2024-01-30,2024-01-30 10:30:00,0.00026893769610025764,0.00026893769610025764,4.889107510810309e-05
C,2024-01-30,2024-01-30 10:31:00,0.0008962179602078901,0.0008962179602078901,2.8580346593341498e-05
C,2024-01-30,2024-01-30 10:32:00,0.0006267908309454118,0.0006267908309454118,-0.0001980905653774753
C,2024-01-30,2024-01-30 10:33:00,0.001968680089485364,0.001968680089485364,-0.00012480622724223725
C,2024-01-30,2024-01-30 10:34:00,-0.0001786192730196534,-0.0001786192730196534,-0.0002840592177500031
C,2024-01-30,2024-01-30 10:35:00,0.00017865118356419352,0.00017865118356419352,-3.8475922743644386e-05
C,2024-01-30,2024-01-30 10:36:00,-0.0011610252746271366,-0.0011610252746271366,-5.4320156821441116e-05
C,2024-01-30,2024-01-30 10:37:00,-0.0009835479256081747,-0.0009835479256081747,0.00035933108269930417
C,2024-01-30,2024-01-30 10:38:00,-0.0016110265819384573,-0.0016110265819384573,0.00033921327846501466
C,2024-01-30,2024-01-30 10:39:00,-0.000806813088301217,-0.000806813088301217,0.0004889128007833889
C,2024-01-30,2024-01-30 10:40:00,-0.000807464561277671,-0.000807464561277671,0.00020970163689955576
C,2024-01-30,2024-01-30 10:41:00,0.0019753973242344625,0.0019753973242344625,0.0002003489867889815
C,2024-01-30,2024-01-30 10:42:00,-0.00017922752934862451,-0.00017922752934862451,-3.358056345886945e-05
C,2024-01-30,2024-01-30 10:43:00,0.00044814914403512596,0.00044814914403512596,3.765107348637217e-05
C,2024-01-30,2024-01-30 10:44:00,0.00017917935853795086,0.00017917935853795086,7.173832311459341e-06
C,2024-01-30,2024-01-30 10:45:00,0.000537441777140879,0.000537441777140879,-2.605572265047082e-07
C,2024-01-30,2024-01-30 10:46:00,0.00026857654431511335,0.00026857654431511335,-6.391141236145548e-05
C,2024-01-30,2024-01-30 10:47:00,0.00017900295354889018,0.00017900295354889018,-1.1243305939934679e-05
C,2024-01-30,2024-01-30 10:48:00,0.0007158836689038495,0.0007158836689038495,1.784348150436827e-05
C,2024-01-30,2024-01-30 10:49:00,0.00044710721631036066,0.00044710721631036066,-0.0001155183297909941
C,2024-01-30,2024-01-30 10:50:00,0.0006256703611011716,0.0006256703611011716,-5.208798594608752e-05
C,2024-01-30,2024-01-30 10:51:00,-0.0005359535506922475,-0.0005359535506922475,-0.00016805708986057413
C,2024-01-30,2024-01-30 10:52:00,0.0007149879345786925,0.0007149879345786925,1.8373897435136846e-05
C,2024-01-30,2024-01-30 10:53:00,-0.000446548182548856,-0.000446548182548856,-0.0001054860552080325
C,2024-01-30,2024-01-30 10:54:00,0.001518942101501164,0.001518942101501164,4.1114827599108784e-05
C,2024-01-30,2024-01-30 10:55:00,-0.0005352841466679248,-0.0005352841466679248,-0.00024312138295939706
C,2024-01-30,2024-01-30 10:56:00,-8.926180487356383e-05,-8.926180487356383e-05,3.084640397454471e-05
C,2024-01-30,2024-01-30 10:57:00,0.00044634886627381576,0.00044634886627381576,4.626450664507252e-05
C,2024-01-30,2024-01-30 10:58:00,0.000892299455697465,0.000892299455697465,9.614604125704345e-06
C,2024-01-30,2024-01-30 10:59:00,8.915039671930636e-05,8.915039671930636e-05,-0.00023906370950637737
C,2024-01-30,2024-01-30 11:00:00,0.0008022820467106229,0.0008022820467106229,2.1747431219739894e-06
C,2024-01-30,2024-01-30 11:01:00,-0.0006234969270508817,-0.0006234969270508817,-0.0001711213576068205
C,2024-01-30,2024-01-30 11:02:00,0.0,0.0,4.322980877831039e-05
C,2024-01-30,2024-01-30 11:03:00,0.00017825311942964994,0.00017825311942964994,1.6609421829776265e-05
C,2024-01-30,2024-01-30 11:04:00,-0.0004455533772945719,-0.0004455533772945719,8.486924093427598e-06
C,2024-01-30,2024-01-30 11:05:00,0.00035660158687722543,0.00035660158687722543,4.24261843907707e-06
C,2024-01-30,2024-01-30 11:06:00,-0.0013367792531860934,-0.0013367792531860934,-3.7361452430115835e-07
C,2024-01-30,2024-01-30 11:07:00,-0.0006246653578440009,-0.0006246653578440009,0.00035417409749816814
C,2024-01-30,2024-01-30 11:08:00,0.00044646843468143516,0.00044646843468143516,0.00010645949970778548
C,2024-01-30,2024-01-30 11:09:00,-0.0002677615137450795,-0.0002677615137450795,-5.39364474482329e-07
C,2024-01-30,2024-01-30 11:10:00,0.0,0.0,-1.6622344518920985e-05
C,2024-01-30,2024-01-30 11:11:00,0.0,0.0,4.342405469527905e-05
C,2024-01-30,2024-01-30 11:12:00,-0.0001785554861171157,-0.0001785554861171157,4.3254521051192227e-05
C,2024-01-30,2024-01-30 11:13:00,0.005357621216179886,0.0032316783316532283,8.19431419262388e-05
C,2024-01-30,2024-01-30 11:14:00,-0.004440891731059549,-0.003140983963237315,-0.00029477050058751206
C,2024-01-30,2024-01-30 11:15:00,0.0004460701222230856,0.0004460701222230856,0.00036215435267267394
C,2024-01-30,2024-01-30 11:16:00,-0.0009809167112537764,-0.0009809167112537764,1.902478762598018e-05
C,2024-01-30,2024-01-30 11:17:00,-0.00017852360974746073,-0.00017852360974746073,0.00030097134152814114
C,2024-01-30,2024-01-30 11:18:00,-0.001249888402821031,-0.001249888402821031,2.5960607090875305e-05
C,2024-01-30,2024-01-30 11:19:00,0.000536336819522587,0.000536336819522587,0.0005002943277723344
C,2024-01-30,2024-01-30 11:20:00,0.00035736621102477883,0.00035736621102477883,5.3932062026739056e-05
C,2024-01-30,2024-01-30 11:21:00,-0.0005358578190587382,-0.0005358578190587382,-2.817477768009645e-06
C,2024-01-30,2024-01-30 11:22:00,0.001429720310964111,0.001429720310964111,-3.371413967684421e-06
C,2024-01-30,2024-01-30 11:23:00,-0.00017845989113929317,-0.00017845989113929317,-0.00023000229915545162
C,2024-01-30,2024-01-30 11:24:00,-0.0008924587237841841,-0.0008924587237841841,9.661779396225228e-06
C,2024-01-30,2024-01-30 11:25:00,0.00035730236712838703,0.00035730236712838703,0.00015775859456797578
C,2024-01-30,2024-01-30 11:26:00,0.0005357621216179886,0.0005357621216179886,5.066308038556192e-05
C,2024-01-30,2024-01-30 11:27:00,0.0,0.0,-2.351205553037992e-05
C,2024-01-30,2024-01-30 11:28:00,0.0007139669790270364,0.0007139669790270364,1.597008608380011e-05
C,2024-01-30,2024-01-30 11:29:00,0.0005350931953982396,0.0005350931953982396,-9.697837998629462e-05
C,2024-01-30,2024-01-30 11:30:00,0.0005348070237989333,0.0005348070237989333,-0.00010940694451758075
C,2024-01-30,2024-01-30 11:31:00,0.001069042316258484,0.001069042316258484,-0.00010212158392259861
C,2024-01-30,2024-01-30 11:32:00,0.0008899172376968245,0.0008899172376968245,-0.00028635997337984637
C,2024-01-30,2024-01-30 11:33:00,-0.0011558637858983811,-0.0011558637858983811,-0.00020776213136096335
C,2024-01-30,2024-01-30 11:34:00,0.0012462168417304298,0.0012462168417304298,0.000361639955634283
C,2024-01-30,2024-01-30 11:35:00,0.0008001422475107933,0.0008001422475107933,-0.00028731191096659
C,2024-01-30,2024-01-30 11:36:00,0.00035533445855917556,0.00035533445855917556,-0.0001792963340311067
C,2024-01-30,2024-01-30 11:37:00,0.0005328123612466928,0.0005328123612466928,-5.104735113470385e-05
C,2024-01-30,2024-01-30 11:38:00,0.0014200763291025709,0.0014200763291025709,-6.731023124204002e-05
C,2024-01-30,2024-01-30 11:39:00,-0.0006204023752548471,-0.0006204023752548471,-0.00028588394102826764
C,2024-01-30,2024-01-30 11:40:00,-0.0010642071656614682,-0.0010642071656614682,-1.528764698965622e-05
C,2024-01-30,2024-01-30 11:41:00,0.0006214488636364646,0.0006214488636364646,0.0003777074840778152
C,2024-01-30,2024-01-30 11:42:00,0.0001774465442283546,0.0001774465442283546,-0.00012189038578737644
C,2024-01-30,2024-01-30 11:43:00,0.00044353765634719267,0.00044353765634719267,-1.6192711124107405e-05
C,2024-01-30,2024-01-30 11:44:00,-0.0014186912573150856,-0.0014186912573150856,2.553802351720808e-05
C,2024-01-30,2024-01-30 11:45:00,-0.000976735926123351,-0.000976735926123351,0.0003711051379519403
C,2024-01-30,2024-01-30 11:46:00,0.0004444049417831053,0.0004444049417831053,0.00032017779203207723
C,2024-01-30,2024-01-30 11:47:00,-0.0015103056147832694,-0.0015103056147832694,5.3447702850717505e-05
C,2024-01-30,2024-01-30 11:48:00,0.0006228312127414259,0.0006228312127414259,0.0004957778571956521
C,2024-01-30,2024-01-30 11:49:00,0.0004446025253421748,0.0004446025253421748,8.764284222417723e-05
C,2024-01-30,2024-01-30 11:50:00,0.002310905697271437,0.002310905697271437,-3.3386671696858452e-06
C,2024-01-30,2024-01-30 11:51:00,0.0005320563979780424,0.0005320563979780424,-0.0002813193738668367
C,2024-01-30,2024-01-30 11:52:00,8.862891075067658e-05,8.862891075067658e-05,-9.921839699805667e-05
C,2024-01-30,2024-01-30 11:53:00,0.00044310528181501496,0.00044310528181501496,-4.473410412998522e-05
C,2024-01-30,2024-01-30 11:54:00,0.000797236247674693,0.000797236247674693,-3.8270797402840614e-05
C,2024-01-30,2024-01-30 11:55:00,-0.0014161798548416593,-0.0014161798548416593,-0.0001804764305480546
C,2024-01-30,2024-01-30 11:56:00,-0.0005318205991845515,-0.0005318205991845515,0.0003518474344727437
C,2024-01-30,2024-01-30 11:57:00,-0.0013302589570769463,-0.0013302589570769463,7.58151831155682e-05
C,2024-01-30,2024-01-30 11:58:00,-8.880206020789316e-05,-8.880206020789316e-05,0.00050169481360046
C,2024-01-30,2024-01-30 11:59:00,-0.000621669626998167,-0.000621669626998167,0.00021584740805989351
C,2024-01-30,2024-01-30 12:00:00,-0.0003554607660178899,-0.0003554607660178899,0.00025563180092918027
C,2024-01-30,2024-01-30 12:01:00,0.0010667614899100286,0.0010667614899100286,0.0001988838605103784
C,2024-01-30,2024-01-30 12:02:00,0.00017760412041556428,0.00017760412041556428,-0.00021620737179077812
C,2024-01-30,2024-01-30 12:03:00,0.0005327177483795964,0.0005327177483795964,2.2832162077804886e-05
C,2024-01-30,2024-01-30 12:04:00,-8.873901854633548e-05,-8.873901854633548e-05,-3.6876423800809513e-05
C,2024-01-30,2024-01-30 12:05:00,-0.00035498757543495074,-0.00035498757543495074,-2.7721440366498472e-06
C,2024-01-30,2024-01-30 12:06:00,0.001686789772727293,0.001686789772727293,-2.600359411342828e-05
C,2024-01-30,2024-01-30 12:07:00,0.00026588673225202974,0.00026588673225202974,-0.00026962496160555646
C,2024-01-30,2024-01-30 12:08:00,-0.0003544214070529961,-0.0003544214070529961,-1.2817654534406817e-05
C,2024-01-30,2024-01-30 12:09:00,0.0003545470661230343,0.0003545470661230343,4.6057606446358066e-05
C,2024-01-30,2024-01-30 12:10:00,0.0018607123870282294,0.0018607123870282294,1.600617348109246e-05
C,2024-01-30,2024-01-30 12:11:00,-8.844078889180818e-05,-8.844078889180818e-05,-0.0002942808177572795
C,2024-01-30,2024-01-30 12:12:00,0.001061383336281585,0.001061383336281585,-1.6658021867810983e-05
C,2024-01-30,2024-01-30 12:13:00,0.0,0.0,-0.00027116661500986653
C,2024-01-30,2024-01-30 12:14:00,0.0009719031631028052,0.0009719031631028052,-5.885073197723149e-05
C,2024-01-30,2024-01-30 12:15:00,0.0,0.0,-0.0002457403208694713
C,2024-01-30,2024-01-30 12:16:00,-0.0010592285285550007,-0.0010592285285550007,-1.1810157166083583e-05
C,2024-01-30,2024-01-30 12:17:00,-0.0021207033666165165,-0.0021207033666165165,0.0003499626204690033
C,2024-01-30,2024-01-30 12:18:00,0.0032763658903744997,0.0032316783316532283,0.0005045353709337953
C,2024-01-30,2024-01-30 12:19:00,0.0005295675198588867,0.0005295675198588867,-0.00025942852362778075
C,2024-01-30,2024-01-30 12:20:00,-0.0012350035285815242,-0.0012350035285815242,-5.1129313880199634e-05
C,2024-01-30,2024-01-30 12:21:00,0.0009715597950892274,0.0009715597950892274,0.0003857559936100148
C,2024-01-30,2024-01-30 12:22:00,0.002647136680490547,0.002647136680490547,-0.00020937735386856082
C,2024-01-30,2024-01-30 12:23:00,-0.0009680542110357404,-0.0009680542110357404,-0.0002744426827407698
C,2024-01-30,2024-01-30 12:24:00,0.001145172656800586,0.001145172656800586,0.00023684439273536148
C,2024-01-30,2024-01-30 12:25:00,0.0004399472063352228,0.0004399472063352228,-0.00028578832684115113
C,2024-01-30,2024-01-30 12:26:00,-0.0014072119613017797,-0.0014072119613017797,-9.120699466516022e-05
C,2024-01-30,2024-01-30 12:27:00,0.0005284481240090955,0.0005284481240090955,0.0003716463373817053
C,2024-01-30,2024-01-30 12:28:00,0.0010563380281689572,0.0010563380281689572,2.556603550349648e-05
C,2024-01-30,2024-01-30 12:29:00,-0.0004396763981708851,-0.0004396763981708851,-0.0002588592178358477
C,2024-01-30,2024-01-30 12:30:00,0.001847453153866363,0.001847453153866363,5.998465220352155e-05
C,2024-01-30,2024-01-30 12:31:00,0.00017562346329480505,0.00017562346329480505,-0.00025302331324350303
C,2024-01-30,2024-01-30 12:32:00,-0.0004389815627744431,-0.0004389815627744431,-5.865845222837135e-05
C,2024-01-30,2024-01-30 12:33:00,-0.001054018445322824,-0.001054018445322824,-1.295327787093031e-05
C,2024-01-30,2024-01-30 12:34:00,-0.001494768310911665,-0.001494768310911665,0.0003972364372684213
C,2024-01-30,2024-01-30 12:35:00,0.0007044734061290026,0.0007044734061290026,0.0003779410199008424
C,2024-01-30,2024-01-30 12:36:00,-0.0011439633931714654,-0.0011439633931714654,8.564447954481923e-05
C,2024-01-30,2024-01-30 12:37:00,-0.0001761959298738347,-0.0001761959298738347,0.0005110863386148703
C,2024-01-30,2024-01-30 12:38:00,-0.0002643404705260366,-0.0002643404705260366,0.00020870584077093408
C,2024-01-30,2024-01-30 12:39:00,0.0013220518244314583,0.0013220518244314583,0.0002251532608846057
C,2024-01-30,2024-01-30 12:40:00,-0.002552592201390813,-0.002552592201390813,-0.000214494276697826
C,2024-01-30,2024-01-30 12:41:00,-0.0015884221673136967,-0.0015884221673136967,0.0005310240956138565
C,2024-01-30,2024-01-30 12:42:00,0.0007070885628424062,0.0007070885628424062,0.0005217152364468787
C,2024-01-30,2024-01-30 12:43:00,0.0016781487369721404,0.0016781487369721404,0.00011393122885827172
C,2024-01-30,2024-01-30 12:44:00,0.0003527025835463604,0.0003527025835463604,-0.00023481832795752214
C,2024-01-30,2024-01-30 12:45:00,0.00017628911414724335,0.00017628911414724335,-7.489879067364097e-06
C,2024-01-30,2024-01-30 12:46:00,-0.0006169031462059937,-0.0006169031462059937,1.524951289359998e-05
C,2024-01-30,2024-01-30 12:47:00,-8.818342151684089e-05,-8.818342151684089e-05,-1.819159106078428e-05
C,2024-01-30,2024-01-30 12:48:00,0.001852015168886112,0.001852015168886112,1.7973784889684942e-05
C,2024-01-30,2024-01-30 12:49:00,-0.0007922535211267734,-0.0007922535211267734,-0.00023391224241226723
C,2024-01-30,2024-01-30 12:50:00,-0.0002642938948110851,-0.0002642938948110851,7.357649811248606e-05
C,2024-01-30,2024-01-30 12:51:00,0.0,0.0,8.648387056203617e-05
C,2024-01-30,2024-01-30 12:52:00,0.0005287275290799531,0.0005287275290799531,4.068611066380712e-05
C,2024-01-30,2024-01-30 12:53:00,0.0006165228113441668,0.0006165228113441668,-1.0153653280355782e-05
C,2024-01-30,2024-01-30 12:54:00,-0.0007921837866383674,-0.0007921837866383674,-0.00010559759489813047
C,2024-01-30,2024-01-30 12:55:00,-8.809020436939541e-05,-8.809020436939541e-05,9.920263030648331e-05
C,2024-01-30,2024-01-30 12:56:00,-0.0017619592987401234,-0.0017619592987401234,5.9086389129802575e-05
C,2024-01-30,2024-01-30 12:57:00,0.00052952078369084,0.00052952078369084,0.00039960992781591014
C,2024-01-30,2024-01-30 12:58:00,0.000176413513275131,0.000176413513275131,8.866824851209121e-05
C,2024-01-30,2024-01-30 12:59:00,0.0,0.0,0.00013283765176916898
C,2024-01-30,2024-01-30 13:00:00,0.001940206367404551,0.001940206367404551,8.813110472448909e-05
C,2024-01-30,2024-01-30 13:01:00,0.000704163365900845,0.000704163365900845,-0.00024506308243437547
C,2024-01-30,2024-01-30 13:02:00,-0.0004397924179786461,-0.0004397924179786461,-0.0001293007702050543
C,2024-01-30,2024-01-30 13:03:00,-0.0007039774727208847,-0.0007039774727208847,-3.103358440100949e-05
C,2024-01-30,2024-01-30 13:04:00,-0.0006164142303627385,-0.0006164142303627385,9.420689705415181e-05
C,2024-01-30,2024-01-30 13:05:00,-0.0003524539607016042,-0.0003524539607016042,7.096704017554804e-05
C,2024-01-30,2024-01-30 13:06:00,0.0,0.0,7.740547267713114e-05
C,2024-01-30,2024-01-30 13:07:00,8.81445570737327e-05,8.81445570737327e-05,0.00021777688791902
C,2024-01-30,2024-01-30 13:08:00,-0.0013220518244315693,-0.0013220518244315693,8.62374692896055e-05
C,2024-01-30,2024-01-30 13:09:00,0.0007060277115875646,0.0007060277115875646,0.0005224802698494364
C,2024-01-30,2024-01-30 13:10:00,-0.0010582943822206037,-0.0010582943822206037,-6.0327415038339797e-05
C,2024-01-30,2024-01-30 13:11:00,0.0,0.0,0.00039257408926994346
C,2024-01-30,2024-01-30 13:12:00,-0.00017656925929199208,-0.00017656925929199208,7.542517855003815e-05
C,2024-01-30,2024-01-30 13:13:00,-0.00017660044150114018,-0.00017660044150114018,0.00011300276220910444
C,2024-01-30,2024-01-30 13:14:00,0.0009714739909918446,0.0009714739909918446,2.9492887536394528e-05
C,2024-01-30,2024-01-30 13:15:00,0.0009705311452266052,0.0009705311452266052,-0.00017124351436330362
C,2024-01-30,2024-01-30 13:16:00,-0.0003525782282943757,-0.0003525782282943757,-0.00022456476823753184
C,2024-01-30,2024-01-30 13:17:00,0.0002645269376597703,0.0002645269376597703,3.2920132982008613e-06
C,2024-01-30,2024-01-30 13:18:00,0.0007933709449929882,0.0007933709449929882,3.134025966489689e-05
C,2024-01-30,2024-01-30 13:19:00,0.00017616489033733806,0.00017616489033733806,-0.00019102657208708282
C,2024-01-30,2024-01-30 13:20:00,0.0,0.0,9.428728603701203e-06
C,2024-01-30,2024-01-30 13:21:00,-0.0001761338617349839,-0.0001761338617349839,2.973534244374571e-05
C,2024-01-30,2024-01-30 13:22:00,-8.808244516855801e-05,-8.808244516855801e-05,-5.927359363814988e-06
C,2024-01-30,2024-01-30 13:23:00,0.0006166314305848797,0.0006166314305848797,4.999559597590705e-05
C,2024-01-30,2024-01-30 13:24:00,0.0001760718373096104,0.0001760718373096104,-9.546439567926003e-05
C,2024-01-30,2024-01-30 13:25:00,-0.00026406126221278914,-0.00026406126221278914,5.123582276863662e-06
C,2024-01-30,2024-01-30 13:26:00,-0.0003521746786406821,-0.0003521746786406821,5.549339048701794e-05
C,2024-01-30,2024-01-30 13:27:00,0.0007926721860138652,0.0007926721860138652,2.600372118925514e-05
C,2024-01-30,2024-01-30 13:28:00,0.000528029569655919,0.000528029569655919,-0.00014383439427058392
C,2024-01-30,2024-01-30 13:29:00,-0.0012314187703402757,-0.0012314187703402757,-4.581165753909489e-05
C,2024-01-30,2024-01-30 13:30:00,8.806693086738093e-05,8.806693086738093e-05,0.00033090061411253515
C,2024-01-30,2024-01-30 13:31:00,8.805917576593103e-05,8.805917576593103e-05,2.9125290168637765e-05
C,2024-01-30,2024-01-30 13:32:00,-0.0002641542660913876,-0.0002641542660913876,6.0487369794752076e-05
C,2024-01-30,2024-01-30 13:33:00,-0.00026422406200454773,-0.00026422406200454773,2.0979607988470404e-05
C,2024-01-30,2024-01-30 13:34:00,0.0,0.0,5.8887069331102505e-05
C,2024-01-30,2024-01-30 13:35:00,0.0,0.0,2.9427137080041398e-05
C,2024-01-30,2024-01-30 13:36:00,0.0003523918597481135,0.0003523918597481135,3.597081767506245e-05
C,2024-01-30,2024-01-30 13:37:00,0.0,0.0,3.5186749530932923e-05
C,2024-01-30,2024-01-30 13:38:00,8.806693086738093e-05,8.806693086738093e-05,1.5566256360467373e-05
C,2024-01-30,2024-01-30 13:39:00,0.0006164142303628495,0.0006164142303628495,3.4520261018792445e-05
C,2024-01-30,2024-01-30 13:40:00,0.001056059139311838,0.001056059139311838,-8.509911215774584e-05
C,2024-01-30,2024-01-30 13:41:00,0.0006153846153844622,0.0006153846153844622,-0.00029165318301316897
C,2024-01-30,2024-01-30 13:42:00,-8.78580214372926e-05,-8.78580214372926e-05,-0.0001458870380645951
C,2024-01-30,2024-01-30 13:43:00,-0.00017573148229510505,-0.00017573148229510505,-8.420218296784341e-05
C,2024-01-30,2024-01-30 13:44:00,0.002021267246682612,0.002021267246682612,1.4627174232455531e-05
C,2024-01-30,2024-01-30 13:45:00,-0.00017540782318903325,-0.00017540782318903325,-0.0002825881991996229
C,2024-01-30,2024-01-30 13:46:00,-0.001140350877192997,-0.001140350877192997,-5.597661702815742e-05
C,2024-01-30,2024-01-30 13:47:00,-0.00017563888644955838,-0.00017563888644955838,0.0003618972983062273
C,2024-01-30,2024-01-30 13:48:00,0.0008783487044357052,0.0008783487044357052,3.795619973770021e-05
C,2024-01-30,2024-01-30 13:49:00,-0.000877577885037284,-0.000877577885037284,-0.0001974142375542064
C,2024-01-30,2024-01-30 13:50:00,-0.0006148440931048604,-0.0006148440931048604,8.040240814460204e-05
C,2024-01-30,2024-01-30 13:51:00,-0.0002636667252592373,-0.0002636667252592373,0.00011016088748424586
C,2024-01-30,2024-01-30 13:52:00,-0.00035164835164824826,-0.00035164835164824826,1.6968073700998755e-05
C,2024-01-30,2024-01-30 13:53:00,-0.0006156010904934117,-0.0006156010904934117,4.7619377034495814e-05
C,2024-01-30,2024-01-30 13:54:00,0.000791974656810801,0.000791974656810801,0.00020216739872441284
C,2024-01-30,2024-01-30 13:55:00,0.0002637826431020063,0.0002637826431020063,-0.0001566031208654657
C,2024-01-30,2024-01-30 13:56:00,-0.0011427566807312717,-0.0011427566807312717,-8.904948727509101e-07
C,2024-01-30,2024-01-30 13:57:00,-0.00035201971310383495,-0.00035201971310383495,0.00033211292013665607
C,2024-01-30,2024-01-30 13:58:00,-8.80359186548052e-05,-8.80359186548052e-05,3.7576366011990243e-06
C,2024-01-30,2024-01-30 13:59:00,0.00044021834830076934,0.00044021834830076934,1.9108701553129264e-05
C,2024-01-30,2024-01-30 14:00:00,0.0013200739241399084,0.0013200739241399084,8.876777580324718e-06
C,2024-01-30,2024-01-30 14:01:00,0.0,0.0,-0.00025793634936376443
C,2024-01-30,2024-01-30 14:02:00,0.0001757778168394175,0.0001757778168394175,-7.066424021680592e-06
C,2024-01-30,2024-01-30 14:03:00,8.787346221450498e-05,8.787346221450498e-05,1.57344270932982e-05
C,2024-01-30,2024-01-30 14:04:00,0.0,0.0,1.650992608047489e-05
C,2024-01-30,2024-01-30 14:05:00,-0.00026359722344260206,-0.00026359722344260206,-3.9542987528365345e-07
C,2024-01-30,2024-01-30 14:06:00,0.00035155563367905707,0.00035155563367905707,2.4505199467603943e-05
C,2024-01-30,2024-01-30 14:07:00,8.785802143740362e-05,8.785802143740362e-05,2.195582488021347e-05
C,2024-01-30,2024-01-30 14:08:00,0.0,0.0,2.017888294931612e-05
C,2024-01-30,2024-01-30 14:09:00,0.00017570060616711736,0.00017570060616711736,5.346631372559506e-05
C,2024-01-30,2024-01-30 14:10:00,0.00017566974088722986,0.00017566974088722986,2.2054559465352347e-05
C,2024-01-30,2024-01-30 14:11:00,0.0003512777728988947,0.0003512777728988947,8.47722362845868e-06
C,2024-01-30,2024-01-30 14:12:00,0.0005267316302344227,0.0005267316302344227,-7.001342921470486e-06
C,2024-01-30,2024-01-30 14:13:00,-0.000701939106782512,-0.000701939106782512,-6.720250953389646e-05
C,2024-01-30,2024-01-30 14:14:00,0.00035121608569688156,0.00035121608569688156,6.088588528961815e-05
C,2024-01-30,2024-01-30 14:15:00,0.00026331958219971696,0.00026331958219971696,-5.856307814139837e-06
C,2024-01-30,2024-01-30 14:16:00,-0.0011407511407511839,-0.0011407511407511839,2.748308859583698e-05
C,2024-01-30,2024-01-30 14:17:00,-8.785030308355868e-05,-8.785030308355868e-05,0.0003418253818641953
C,2024-01-30,2024-01-30 14:18:00,8.785802143740362e-05,8.785802143740362e-05,-4.266535883990455e-06
C,2024-01-30,2024-01-30 14:19:00,-0.00017570060616700633,-0.00017570060616700633,2.5777887130920886e-05
C,2024-01-30,2024-01-30 14:20:00,0.0,0.0,1.99080009118136e-05
C,2024-01-30,2024-01-30 14:21:00,-0.00035146296458998805,-0.00035146296458998805,-1.0379060004779208e-05
C,2024-01-30,2024-01-30 14:22:00,0.0007031730684712301,0.0007031730684712301,2.9951979854239585e-05
C,2024-01-30,2024-01-30 14:23:00,0.0,0.0,-8.200834686576043e-05
C,2024-01-30,2024-01-30 14:24:00,0.0,0.0,2.024480820720656e-05
C,2024-01-30,2024-01-30 14:25:00,-8.783487044350391e-05,-8.783487044350391e-05,1.7957747106436932e-07
C,2024-01-30,2024-01-30 14:26:00,8.784258608574014e-05,8.784258608574014e-05,4.095686983865438e-05
C,2024-01-30,2024-01-30 14:27:00,0.0003513394817742377,0.0003513394817742377,2.5397684229283367e-05
C,2024-01-30,2024-01-30 14:28:00,0.00017560804284832976,0.00017560804284832976,2.9607300462330897e-06
C,2024-01-30,2024-01-30 14:29:00,0.00026336581511721135,0.00026336581511721135,6.347596541249158e-07
C,2024-01-30,2024-01-30 14:30:00,0.0002632964718272124,0.0002632964718272124,2.1514237078359464e-05
C,2024-01-30,2024-01-30 14:31:00,0.0003509695533912005,0.0003509695533912005,4.136654323170133e-06
C,2024-01-30,2024-01-30 14:32:00,-0.00017542320849028847,-0.00017542320849028847,3.310237281635095e-05
C,2024-01-30,2024-01-30 14:33:00,-0.0001754539871919869,-0.0001754539871919869,-2.3698101104934452e-05
C,2024-01-30,2024-01-30 14:34:00,-0.0005264543300869118,-0.0005264543300869118,5.890891593767129e-06
C,2024-01-30,2024-01-30 14:35:00,-8.778860503899644e-05,-8.778860503899644e-05,1.9526822024999592e-05
C,2024-01-30,2024-01-30 14:36:00,-0.0004389815627744431,-0.0004389815627744431,-3.356574890089728e-05
C,2024-01-30,2024-01-30 14:37:00,0.0,0.0,4.80796806223398e-06
C,2024-01-30,2024-01-30 14:38:00,0.005270092226614009,0.0032316783316532283,4.999396434293535e-05
C,2024-01-30,2024-01-30 14:39:00,-0.004368719965050394,-0.003140983963237315,-0.00029848789555687785
C,2024-01-30,2024-01-30 14:40:00,0.0,0.0,0.000377669893542579
C,2024-01-30,2024-01-30 14:41:00,0.0012286090390523086,0.0012286090390523086,4.9999824506019605e-05
C,2024-01-30,2024-01-30 14:42:00,-0.0005259006047857451,-0.0005259006047857451,-0.0002759778663969197
C,2024-01-30,2024-01-30 14:43:00,8.769622029292101e-05,8.769622029292101e-05,1.9029115770875295e-05
C,2024-01-30,2024-01-30 14:44:00,0.00017537706068049275,0.00017537706068049275,0.0002238753212179819
C,2024-01-30,2024-01-30 14:45:00,-0.0003506926179203118,-0.0003506926179203118,3.2652704706387244e-05
C,2024-01-30,2024-01-30 14:46:00,-8.770391159462765e-05,-8.770391159462765e-05,4.320860403011539e-05
C,2024-01-30,2024-01-30 14:47:00,0.00017542320849051052,0.00017542320849051052,4.7973254738224367e-05
C,2024-01-30,2024-01-30 14:48:00,0.0005261773217575261,0.0005261773217575261,5.6983003344997076e-05
C,2024-01-30,2024-01-30 14:49:00,-0.0005259006047857451,-0.0005259006047857451,3.230664709042003e-05
C,2024-01-30,2024-01-30 14:50:00,-0.000350784881171573,-0.000350784881171573,-3.4448270424848007e-06
C,2024-01-30,2024-01-30 14:51:00,-8.772699359604896e-05,-8.772699359604896e-05,3.28169089436299e-05
C,2024-01-30,2024-01-30 14:52:00,0.00017546938059309625,0.00017546938059309625,9.729952818840392e-05
C,2024-01-30,2024-01-30 14:53:00,0.000350877192982324,0.000350877192982324,4.4109907303557996e-05
C,2024-01-30,2024-01-30 14:54:00,0.0002630655910207391,0.0002630655910207391,3.257334470543622e-05
C,2024-01-30,2024-01-30 14:55:00,-0.0010519856228632385,-0.0010519856228632385,8.163265346474652e-06
C,2024-01-30,2024-01-30 14:56:00,0.0021061869240897035,0.0021061869240897035,0.00037020925805862664
C,2024-01-30,2024-01-30 14:57:00,-0.0011384534547683733,-0.0011384534547683733,-0.000261474133608288
C,2024-01-30,2024-01-30 14:58:00,0.0,0.0,0.00036965615078826214
C,2024-01-30,2024-01-30 14:59:00,-8.767315448010571e-05,-8.767315448010571e-05,8.268507199939154e-05
C,2024-01-30,2024-01-30 15:00:00,0.0005260850504165138,0.0005260850504165138,4.0209063692301786e-05
C,2024-01-30,2024-01-30 15:01:00,0.0005258084304617938,0.0005258084304617938,-2.2509262849766866e-05
C,2024-01-30,2024-01-30 15:02:00,0.0003503547341683344,0.0003503547341683344,-2.5151728586634963e-05
C,2024-01-30,2024-01-30 15:03:00,-0.0006129060502583217,-0.0006129060502583217,-2.9072789076723798e-05
C,2024-01-30,2024-01-30 15:04:00,0.0002628351147713204,0.0002628351147713204,7.556202320534955e-05
C,2024-01-30,2024-01-30 15:05:00,-0.0005255321012525016,-0.0005255321012525016,3.0411042314750557e-05
C,2024-01-30,2024-01-30 15:06:00,-0.00017526947682056093,-0.00017526947682056093,6.26228132063427e-05
C,2024-01-30,2024-01-30 15:07:00,-0.00017530020159528537,-0.00017530020159528537,1.5503573170429935e-05
C,2024-01-30,2024-01-30 15:08:00,0.0,0.0,4.711438681750224e-06
C,2024-01-30,2024-01-30 15:09:00,0.0,0.0,-1.0915218263901627e-05
C,2024-01-30,2024-01-30 15:10:00,-0.00035066187428767215,-0.00035066187428767215,1.3067360659727063e-05
C,2024-01-30,2024-01-30 15:11:00,8.769622029292101e-05,8.769622029292101e-05,3.057500662924577e-05
C,2024-01-30,2024-01-30 15:12:00,-0.0006138197123816136,-0.0006138197123816136,2.389585919501963e-05
C,2024-01-30,2024-01-30 15:13:00,0.00043871194173905614,0.00043871194173905614,5.946285168454614e-05
C,2024-01-30,2024-01-30 15:14:00,0.0006139273811611723,0.0006139273811611723,-4.528398914684431e-06
C,2024-01-30,2024-01-30 15:15:00,-0.0007012008063810304,-0.0007012008063810304,-0.00010604875934378137
C,2024-01-30,2024-01-30 15:16:00,0.0003508464169812431,0.0003508464169812431,5.852870901525459e-05
C,2024-01-30,2024-01-30 15:17:00,-0.0005260850504165138,-0.0005260850504165138,4.564848005301332e-05
C,2024-01-30,2024-01-30 15:18:00,0.0007018159487672815,0.0007018159487672815,4.106271918582213e-05
C,2024-01-30,2024-01-30 15:19:00,-0.0004383273428595347,-0.0004383273428595347,-5.097123893426214e-05
C,2024-01-30,2024-01-30 15:20:00,0.0006139273811611723,0.0006139273811611723,1.7281384919117535e-05
C,2024-01-30,2024-01-30 15:21:00,-0.0010518012095713791,-0.0010518012095713791,-6.232260127876552e-05
C,2024-01-30,2024-01-30 15:22:00,-0.0005264543300869118,-0.0005264543300869118,0.0003512680433951564
C,2024-01-30,2024-01-30 15:23:00,-0.0001755772100781039,-0.0001755772100781039,9.128326300025908e-05
C,2024-01-30,2024-01-30 15:24:00,-0.00017560804284832976,-0.00017560804284832976,7.464909744433984e-05
C,2024-01-30,2024-01-30 15:25:00,-8.781944322477919e-05,-8.781944322477919e-05,-1.5781664838658542e-05
C,2024-01-30,2024-01-30 15:26:00,-0.0004391357807833618,-0.0004391357807833618,0.00017629943431068094
C,2024-01-30,2024-01-30 15:27:00,0.0004393287057375961,0.0004393287057375961,2.796646498472075e-05
C,2024-01-30,2024-01-30 15:28:00,-8.782715615673897e-05,-8.782715615673897e-05,-2.3807271195774978e-05
C,2024-01-30,2024-01-30 15:29:00,0.0,0.0,-3.3279822154851656e-05
C,2024-01-30,2024-01-30 15:30:00,-0.0007905138339920903,-0.0007905138339920903,3.8293342414239365e-05
C,2024-01-30,2024-01-30 15:31:00,8.790436005634561e-05,8.790436005634561e-05,0.00014513765170973556
C,2024-01-30,2024-01-30 15:32:00,0.0,0.0,3.381067318749507e-05
C,2024-01-30,2024-01-30 15:33:00,0.00017579326711780752,0.00017579326711780752,3.916516165734627e-05
C,2024-01-30,2024-01-30 15:34:00,0.0006151682924686597,0.0006151682924686597,3.7076526037407354e-05
C,2024-01-30,2024-01-30 15:35:00,-0.0004391357807833618,-0.0004391357807833618,-6.945062170433146e-05
C,2024-01-30,2024-01-30 15:36:00,0.00017573148229499402,0.00017573148229499402,4.701909855226546e-05
C,2024-01-30,2024-01-30 15:37:00,0.0003514012123342347,0.0003514012123342347,5.391261652578714e-05
C,2024-01-30,2024-01-30 15:38:00,-0.0005269166593484531,-0.0005269166593484531,2.6303709516019402e-05
C,2024-01-30,2024-01-30 15:39:00,0.00017573148229499402,0.00017573148229499402,2.3349975187107664e-05
C,2024-01-30,2024-01-30 15:40:00,0.0005271018185013521,0.0005271018185013521,4.886010365767569e-05
C,2024-01-30,2024-01-30 15:41:00,0.001492668364211136,0.001492668364211136,-1.1634163753952827e-05
C,2024-01-30,2024-01-30 15:42:00,8.767315448010571e-05,8.767315448010571e-05,-0.00027646064533243627
C,2024-01-30,2024-01-30 15:43:00,0.0,0.0,-4.4939099169056225e-06
C,2024-01-30,2024-01-30 15:44:00,0.0020163057771545034,0.0020163057771545034,-5.713811359381665e-05
C,2024-01-30,2024-01-30 15:45:00,-1.1102230246251565e-16,-1.1102230246251565e-16,-0.0002781529512184535
C,2024-01-30,2024-01-30 15:46:00,-8.748906386701893e-05,-8.748906386701893e-05,-6.041369100602141e-05
C,2024-01-30,2024-01-30 15:47:00,-0.0006124770321112027,-0.0006124770321112027,1.146725477774494e-06
C,2024-01-30,2024-01-30 15:48:00,0.0005253020486779558,0.0005253020486779558,4.648192279930302e-05
C,2024-01-30,2024-01-30 15:49:00,0.0005250262513125659,0.0005250262513125659,-2.879671965026087e-05
C,2024-01-30,2024-01-30 15:50:00,-0.0004372922861641815,-0.0004372922861641815,-3.1872470560774275e-05
C,2024-01-30,2024-01-30 15:51:00,-0.0005249803132382214,-0.0005249803132382214,3.978994684916099e-05
C,2024-01-30,2024-01-30 15:52:00,-0.0012255974787708235,-0.0012255974787708235,5.357138704124323e-05
C,2024-01-30,2024-01-30 15:53:00,-0.0013147515119642517,-0.0013147515119642517,0.00032973617815470536
C,2024-01-30,2024-01-30 15:54:00,0.0009654203967002228,0.0009654203967002228,0.0004824907473586936
C,2024-01-30,2024-01-30 15:55:00,-0.0006137658921527844,-0.0006137658921527844,1.9622366459075117e-05
C,2024-01-30,2024-01-30 15:56:00,-0.00043867345148251857,-0.00043867345148251857,0.00017220069595803188
C,2024-01-30,2024-01-30 15:57:00,0.0012288247169314204,0.0012288247169314204,0.00017774127318769862
C,2024-01-30,2024-01-30 15:58:00,0.0007889892171473178,0.0007889892171473178,-0.0002196807117075823
C,2024-01-31,2024-01-31 09:40:00,-0.0032034632034632082,-0.0029875631899746614,-0.0002706187285284518
C,2024-01-31,2024-01-31 09:41:00,0.001997741683314569,0.001997741683314569,0.00027887073133741003
C,2024-01-31,2024-01-31 09:42:00,0.004074202496532564,0.0030342078402711362,-0.00019825048396635126
C,2024-01-31,2024-01-31 09:43:00,-0.0005180005180005498,-0.0005180005180005498,-0.0002635939724781482
C,2024-01-31,2024-01-31 09:44:00,-0.0005182689816013442,-0.0005182689816013442,1.149495380527688e-05
C,2024-01-31,2024-01-31 09:45:00,-0.0012963443090485693,-0.0012963443090485693,0.00010502386046124146
C,2024-01-31,2024-01-31 09:46:00,-0.001644167532018015,-0.001644167532018015,0.00020945424461642098
C,2024-01-31,2024-01-31 09:47:00,-0.0015601976250325666,-0.0015601976250325666,0.0002682710208909401
C,2024-01-31,2024-01-31 09:48:00,-0.0015626356454554458,-0.0015626356454554458,0.00038627363682563933
C,2024-01-31,2024-01-31 09:49:00,-0.0019998261020779395,-0.0019998261020779395,0.0004040294041444685
C,2024-01-31,2024-01-31 09:50:00,-0.00043561596096886035,-0.00043561596096886035,0.0003986923168599915
C,2024-01-31,2024-01-31 09:51:00,-8.71611609866152e-05,-8.71611609866152e-05,0.0002351981929212975
C,2024-01-31,2024-01-31 09:52:00,0.0011331938633194483,0.0011331938633194483,0.000235496421753355
C,2024-01-31,2024-01-31 09:53:00,-0.0006965607313887956,-0.0006965607313887956,-2.8545578485066153e-05
C,2024-01-31,2024-01-31 09:54:00,-0.0015683540995032885,-0.0015683540995032885,0.00025877728049825566
C,2024-01-31,2024-01-31 09:55:00,-0.0006108735491752171,-0.0006108735491752171,0.00030630867468573624
C,2024-01-31,2024-01-31 09:56:00,8.732099196628873e-05,8.732099196628873e-05,0.0001668545923430419
C,2024-01-31,2024-01-31 09:57:00,0.0006111935737360685,0.0006111935737360685,0.00010300898726733073
C,2024-01-31,2024-01-31 09:58:00,0.00567190226876102,0.0030342078402711362,0.00014078985891583177
C,2024-01-31,2024-01-31 09:59:00,-0.006681127982646529,-0.0029875631899746614,-0.000301945255568703
C,2024-01-31,2024-01-31 10:00:00,0.0012229210342418195,0.0012229210342418195,0.0002802704099816647
C,2024-01-31,2024-01-31 10:01:00,0.0013086721340080931,0.0013086721340080931,-0.00022375171634569953
C,2024-01-31,2024-01-31 10:02:00,-0.00017426156661159986,-0.00017426156661159986,-0.00026088364113726795
C,2024-01-31,2024-01-31 10:03:00,-0.001132897603485783,-0.001132897603485783,3.72216456207549e-05
C,2024-01-31,2024-01-31 10:04:00,-0.0003489792357355137,-0.0003489792357355137,0.00040393083324518074
C,2024-01-31,2024-01-31 10:05:00,0.0004363763309478408,0.0004363763309478408,3.1237993772096704e-05
C,2024-01-31,2024-01-31 10:06:00,-8.723719794112572e-05,-8.723719794112572e-05,4.339053020961946e-05
C,2024-01-31,2024-01-31 10:07:00,-0.00017448961786781236,-0.00017448961786781236,8.752285798098745e-05
C,2024-01-31,2024-01-31 10:08:00,0.0004363001745202322,0.0004363001745202322,0.00010103239777802553
C,2024-01-31,2024-01-31 10:09:00,-0.000261665939816802,-0.000261665939816802,6.395431651985878e-05
C,2024-01-31,2024-01-31 10:10:00,0.00209387541441286,0.00209387541441286,5.716341473817136e-05
C,2024-01-31,2024-01-31 10:11:00,-0.0019153752394218682,-0.0019153752394218682,-0.00019494227323298483
C,2024-01-31,2024-01-31 10:12:00,0.0005233775296580312,0.0005233775296580312,0.00026103553305795743
C,2024-01-31,2024-01-31 10:13:00,-0.0012205754141237923,-0.0012205754141237923,-1.3457679473175804e-05
C,2024-01-31,2024-01-31 10:14:00,-0.00034916201117307644,-0.00034916201117307644,0.0002519421165174127
C,2024-01-31,2024-01-31 10:15:00,0.0015717778553963058,0.0015717778553963058,6.125445227464755e-05
C,2024-01-31,2024-01-31 10:16:00,0.0001743679163033196,0.0001743679163033196,-0.00020781292776931104
C,2024-01-31,2024-01-31 10:17:00,-0.0009588563458856614,-0.0009588563458856614,4.025331864645344e-05
C,2024-01-31,2024-01-31 10:18:00,0.0,0.0,0.00014726760572063722
C,2024-01-31,2024-01-31 10:19:00,0.0,0.0,5.529350478914302e-05
C,2024-01-31,2024-01-31 10:20:00,0.0005235145275281905,0.0005235145275281905,3.135357269166141e-05
C,2024-01-31,2024-01-31 10:21:00,0.005842853405424231,0.0030342078402711362,9.576490843522826e-06
C,2024-01-31,2024-01-31 10:22:00,-0.006849315068493067,-0.0029875631899746614,-0.00030335001756633855
C,2024-01-31,2024-01-31 10:23:00,-0.0005237887385420859,-0.0005237887385420859,0.0002277213082387412
C,2024-01-31,2024-01-31 10:24:00,0.001659533583719064,0.001659533583719064,5.659072067501757e-05
C,2024-01-31,2024-01-31 10:25:00,0.0014823857690964282,0.0014823857690964282,-0.00023996353583342534
C,2024-01-31,2024-01-31 10:26:00,0.00026121027427072896,0.00026121027427072896,-0.0002515006722224174
C,2024-01-31,2024-01-31 10:27:00,-0.0009575208913648048,-0.0009575208913648048,0.0002001929507493448
C,2024-01-31,2024-01-31 10:28:00,0.0013940925328919107,0.0013940925328919107,0.00014087953762103008
C,2024-01-31,2024-01-31 10:29:00,0.00043504742016864384,0.00043504742016864384,-0.00030418452964711863
C,2024-01-31,2024-01-31 10:30:00,0.00043485823621502995,0.00043485823621502995,-3.549283902580108e-05
C,2024-01-31,2024-01-31 10:31:00,-0.00034773537338084193,-0.00034773537338084193,2.0628738370693963e-05
C,2024-01-31,2024-01-31 10:32:00,-0.0011305330898340182,-0.0011305330898340182,1.1997090966906275e-05
C,2024-01-31,2024-01-31 10:33:00,-0.0008706251088281824,-0.0008706251088281824,0.00022409171087632798
C,2024-01-31,2024-01-31 10:34:00,-0.0002614151272219978,-0.0002614151272219978,0.00014306063156906487
C,2024-01-31,2024-01-31 10:35:00,0.0005229669659199132,0.0005229669659199132,0.00015322581613148167
C,2024-01-31,2024-01-31 10:36:00,-0.0007840404216393759,-0.0007840404216393759,0.00018035813633460407
C,2024-01-31,2024-01-31 10:37:00,-0.00043591979075852105,-0.00043591979075852105,0.00020184036505984399
C,2024-01-31,2024-01-31 10:38:00,-0.000261665939816802,-0.000261665939816802,8.115257761621122e-05
C,2024-01-31,2024-01-31 10:39:00,-8.724480893396169e-05,-8.724480893396169e-05,-4.476447246914776e-05
C,2024-01-31,2024-01-31 10:40:00,0.0006980193700374393,0.0006980193700374393,-5.168253480986788e-05
C,2024-01-31,2024-01-31 10:41:00,-0.0002615746795709972,-0.0002615746795709972,-0.00011409965462233222
C,2024-01-31,2024-01-31 10:42:00,-8.721437292857903e-05,-8.721437292857903e-05,-4.751288835029131e-05
C,2024-01-31,2024-01-31 10:43:00,0.000523331879633604,0.000523331879633604,-1.833593030296805e-05
C,2024-01-31,2024-01-31 10:44:00,-0.0001743527155436686,-0.0001743527155436686,-1.5637497441813455e-05
C,2024-01-31,2024-01-31 10:45:00,0.00026157467957110825,0.00026157467957110825,2.257306384104257e-05
C,2024-01-31,2024-01-31 10:46:00,0.0,0.0,-2.908052476138861e-05
C,2024-01-31,2024-01-31 10:47:00,0.00026150627615062483,0.00026150627615062483,-5.201833253667739e-05
C,2024-01-31,2024-01-31 10:48:00,-0.00034858387799552304,-0.00034858387799552304,-4.8338912645549266e-05
C,2024-01-31,2024-01-31 10:49:00,-0.0009589399354895667,-0.0009589399354895667,-5.0169212146049954e-05
C,2024-01-31,2024-01-31 10:50:00,-8.7260034903891e-05,-8.7260034903891e-05,8.83569059121571e-05
C,2024-01-31,2024-01-31 10:51:00,0.00017453529976441118,0.00017453529976441118,1.3147337514694954e-05
C,2024-01-31,2024-01-31 10:52:00,-0.0003490096850188307,-0.0003490096850188307,-2.235725841996305e-05
C,2024-01-31,2024-01-31 10:53:00,0.0005236973029589809,0.0005236973029589809,-3.732809318875692e-06
C,2024-01-31,2024-01-31 10:54:00,-0.0010468463752945079,-0.0010468463752945079,-2.830219389125621e-06
C,2024-01-31,2024-01-31 10:55:00,0.0006986289407040491,0.0006986289407040491,0.00020190921585235144
C,2024-01-31,2024-01-31 10:56:00,-0.0005236058992931225,-0.0005236058992931225,-0.00010582413473776155
C,2024-01-31,2024-01-31 10:57:00,0.0003492534707063566,0.0003492534707063566,-1.070093224338958e-05
C,2024-01-31,2024-01-31 10:58:00,-0.00026184865147949044,-0.00026184865147949044,-1.2647743421430448e-05
C,2024-01-31,2024-01-31 10:59:00,-0.0002619172341540299,-0.0002619172341540299,-3.3480359446538626e-05
C,2024-01-31,2024-01-31 11:00:00,-0.00034931447035191354,-0.00034931447035191354,2.408868075499863e-05
C,2024-01-31,2024-01-31 11:01:00,0.0001747182667948266,0.0001747182667948266,4.366269155268293e-05
C,2024-01-31,2024-01-31 11:02:00,0.0001746877456545448,0.0001746877456545448,1.4776401544186899e-05
C,2024-01-31,2024-01-31 11:03:00,-0.0008732861758797839,-0.0008732861758797839,2.5935223545088864e-05
C,2024-01-31,2024-01-31 11:04:00,-0.0007866445240800601,-0.0007866445240800601,0.00016613964168600714
C,2024-01-31,2024-01-31 11:05:00,0.0003498950314906324,0.0003498950314906324,0.00017965904751019303
C,2024-01-31,2024-01-31 11:06:00,0.0008744316194473356,0.0008744316194473356,6.4803386687506e-05
C,2024-01-31,2024-01-31 11:07:00,0.0006989341254586279,0.0006989341254586279,-9.011499520381854e-05
C,2024-01-31,2024-01-31 11:08:00,-0.0002619172341540299,-0.0002619172341540299,-9.446553627735432e-05
C,2024-01-31,2024-01-31 11:09:00,0.00043664308794011397,0.00043664308794011397,2.6715211567809e-05
C,2024-01-31,2024-01-31 11:10:00,-0.0006110335195530503,-0.0006110335195530503,-2.370572092083728e-05
C,2024-01-31,2024-01-31 11:11:00,0.00034937549130931167,0.00034937549130931167,6.089613473794101e-05
C,2024-01-31,2024-01-31 11:12:00,0.001222387147472359,0.001222387147472359,4.982271540386587e-05
C,2024-01-31,2024-01-31 11:13:00,-8.720676724516263e-05,-8.720676724516263e-05,-0.000255209670508526
C,2024-01-31,2024-01-31 11:14:00,-0.0004360718646432282,-0.0004360718646432282,3.8197149124013045e-05
C,2024-01-31,2024-01-31 11:15:00,-0.00017450484250935983,-0.00017450484250935983,2.4354097395800163e-05
C,2024-01-31,2024-01-31 11:16:00,0.0008726764988218338,0.0008726764988218338,4.232343170197164e-05
C,2024-01-31,2024-01-31 11:17:00,0.0006975324788560666,0.0006975324788560666,-9.132296843030733e-05
C,2024-01-31,2024-01-31 11:18:00,-0.0008713078330574442,-0.0008713078330574442,-9.112215222960913e-05
C,2024-01-31,2024-01-31 11:19:00,-0.0003488270689806505,-0.0003488270689806505,0.00010761161606195608
C,2024-01-31,2024-01-31 11:20:00,0.00026171159382371023,0.00026171159382371023,8.439465215600177e-05
C,2024-01-31,2024-01-31 11:21:00,0.0,0.0,5.00996108654548e-05
C,2024-01-31,2024-01-31 11:22:00,0.0,0.0,6.194453571162003e-05
C,2024-01-31,2024-01-31 11:23:00,0.0003488574917147602,0.0003488574917147602,9.275024152323885e-05
C,2024-01-31,2024-01-31 11:24:00,-0.0007846556233653823,-0.0007846556233653823,2.4284957380883663e-05
C,2024-01-31,2024-01-31 11:25:00,8.725242125473542e-05,8.725242125473542e-05,5.7825448696356826e-05
C,2024-01-31,2024-01-31 11:26:00,0.0004362240446693644,0.0004362240446693644,5.006304379198738e-05
C,2024-01-31,2024-01-31 11:27:00,0.00026162030173537687,0.00026162030173537687,2.5232075794421722e-05
C,2024-01-31,2024-01-31 11:28:00,0.0003487358326066392,0.0003487358326066392,5.781897354673151e-06
C,2024-01-31,2024-01-31 11:29:00,-0.00026146069374222147,-0.00026146069374222147,2.2619169943441272e-05
C,2024-01-31,2024-01-31 11:30:00,0.0,0.0,2.1700229888744385e-05
C,2024-01-31,2024-01-31 11:31:00,-0.00026152907331533637,-0.00026152907331533637,2.770415875257504e-05
C,2024-01-31,2024-01-31 11:32:00,0.0,0.0,-8.9875417312434e-06
C,2024-01-31,2024-01-31 11:33:00,-8.719916288812968e-05,-8.719916288812968e-05,-7.317080868053383e-06
C,2024-01-31,2024-01-31 11:34:00,-0.0013081015086769954,-0.0013081015086769954,-3.2233792420219836e-05
C,2024-01-31,2024-01-31 11:35:00,8.732099196628873e-05,8.732099196628873e-05,0.0002373519430269889
C,2024-01-31,2024-01-31 11:36:00,-0.0007858203090893578,-0.0007858203090893578,6.3610508056727205e-06
C,2024-01-31,2024-01-31 11:37:00,-0.0006990562740299966,-0.0006990562740299966,0.00019553683345074747
C,2024-01-31,2024-01-31 11:38:00,-0.00034977264777902306,-0.00034977264777902306,0.00019020629017810775
C,2024-01-31,2024-01-31 11:39:00,-0.0006997900629809317,-0.0006997900629809317,0.00017441173967302635
C,2024-01-31,2024-01-31 11:40:00,-0.00035014005602251874,-0.00035014005602251874,0.00018750949645742038
C,2024-01-31,2024-01-31 11:41:00,8.75656742558295e-05,8.75656742558295e-05,0.00023263023069843372
C,2024-01-31,2024-01-31 11:42:00,0.0005253480430784663,0.0005253480430784663,0.00021709332946153647
C,2024-01-31,2024-01-31 11:43:00,-0.0005250721974271455,-0.0005250721974271455,-1.3727807863845626e-05
C,2024-01-31,2024-01-31 11:44:00,-0.00017511601435959978,-0.00017511601435959978,5.7707770392612356e-05
C,2024-01-31,2024-01-31 11:45:00,0.0003502933706978073,0.0003502933706978073,-1.1347890189016342e-05
C,2024-01-31,2024-01-31 11:46:00,-0.0003501707082201877,-0.0003501707082201877,-7.677431765326157e-06
C,2024-01-31,2024-01-31 11:47:00,-0.0008757334267448513,-0.0008757334267448513,4.028447228291039e-05
C,2024-01-31,2024-01-31 11:48:00,0.0008765010079760938,0.0008765010079760938,0.0001466705817758423
C,2024-01-31,2024-01-31 11:49:00,0.00017514668534901467,0.00017514668534901467,-0.00014769665373309387
C,2024-01-31,2024-01-31 11:50:00,0.0003502320287189775,0.0003502320287189775,-2.8183813298784365e-05
C,2024-01-31,2024-01-31 11:51:00,0.0007002188183806712,0.0007002188183806712,-1.574287729808394e-05
C,2024-01-31,2024-01-31 11:52:00,8.74661068837046e-05,8.74661068837046e-05,-0.00011430456265593501
C,2024-01-31,2024-01-31 11:53:00,0.0008745845723281409,0.0008745845723281409,-4.742563187989765e-05
C,2024-01-31,2024-01-31 11:54:00,0.0006116742397761499,0.0006116742397761499,-0.0001876123382130102
C,2024-01-31,2024-01-31 11:55:00,0.0012226006462319194,0.0012226006462319194,-0.0001554590410846266
C,2024-01-31,2024-01-31 11:56:00,0.0008722197993893399,0.0008722197993893399,-0.00032520475134522253
C,2024-01-31,2024-01-31 11:57:00,0.00034858387799552304,0.00034858387799552304,-0.00021255209365704308
C,2024-01-31,2024-01-31 11:58:00,-0.0010453872288527233,-0.0010453872288527233,-4.8916445874123624e-05
C,2024-01-31,2024-01-31 11:59:00,-0.0009592744396963448,-0.0009592744396963448,0.00021182341427334795
C,2024-01-31,2024-01-31 12:00:00,-0.00026187150837986284,-0.00026187150837986284,0.0001672779900466359
C,2024-01-31,2024-01-31 12:01:00,0.0006985069414127132,0.0006985069414127132,6.946280476172818e-05
C,2024-01-31,2024-01-31 12:02:00,0.0005235145275281905,0.0005235145275281905,-8.835222720500845e-05
C,2024-01-31,2024-01-31 12:03:00,0.00017441353449032526,0.00017441353449032526,3.586620385288958e-05
C,2024-01-31,2024-01-31 12:04:00,-0.00017438311971396114,-0.00017438311971396114,2.5896203274075317e-05
C,2024-01-31,2024-01-31 12:05:00,-0.001656928577657646,-0.001656928577657646,4.765466068498703e-06
C,2024-01-31,2024-01-31 12:06:00,0.002096436058700135,0.002096436058700135,0.00025320997820389013
C,2024-01-31,2024-01-31 12:07:00,0.00043584379358452274,0.00043584379358452274,-0.0002669758757374515
C,2024-01-31,2024-01-31 12:08:00,-0.0006970462664460664,-0.0006970462664460664,-3.32546302602818e-05
C,2024-01-31,2024-01-31 12:09:00,0.00017438311971407217,0.00017438311971407217,8.196869999200192e-06
C,2024-01-31,2024-01-31 12:10:00,-0.0006974108621743413,-0.0006974108621743413,-1.0424902552472357e-05
C,2024-01-31,2024-01-31 12:11:00,0.0001744743958824735,0.0001744743958824735,1.5098623259076846e-05
C,2024-01-31,2024-01-31 12:12:00,-0.000697775839511694,-0.000697775839511694,1.4827878444372292e-05
C,2024-01-31,2024-01-31 12:13:00,0.00034913153530591323,0.00034913153530591323,9.704850251534377e-05
C,2024-01-31,2024-01-31 12:14:00,-0.0003490096850188307,-0.0003490096850188307,1.654366853907439e-06
C,2024-01-31,2024-01-31 12:15:00,0.00034913153530591323,0.00034913153530591323,2.240065935607274e-05
C,2024-01-31,2024-01-31 12:16:00,-0.0006980193700375503,-0.0006980193700375503,8.051163436093085e-05
C,2024-01-31,2024-01-31 12:17:00,0.00017462673535328932,0.00017462673535328932,0.00010252868105567723
C,2024-01-31,2024-01-31 12:18:00,-0.0004364906154518122,-0.0004364906154518122,3.7492841639891704e-05
C,2024-01-31,2024-01-31 12:19:00,8.733624454149158e-05,8.733624454149158e-05,9.931499063535377e-05
C,2024-01-31,2024-01-31 12:20:00,-0.00017465723517584575,-0.00017465723517584575,2.9897063506444734e-05
C,2024-01-31,2024-01-31 12:21:00,-0.00026203161848192824,-0.00026203161848192824,8.058050275515357e-05
C,2024-01-31,2024-01-31 12:22:00,0.0002621002970470965,0.0002621002970470965,1.658064696378746e-05
C,2024-01-31,2024-01-31 12:23:00,0.00034937549130931167,0.00034937549130931167,5.333553190955891e-05
C,2024-01-31,2024-01-31 12:24:00,0.0,0.0,2.492011019570891e-05
C,2024-01-31,2024-01-31 12:25:00,0.00017462673535328932,0.00017462673535328932,3.388378991123467e-05
C,2024-01-31,2024-01-31 12:26:00,-0.003230030554343122,-0.0029875631899746614,3.7287430537658636e-05
C,2024-01-31,2024-01-31 12:27:00,0.0030653354352776496,0.0030342078402711362,0.00043765691502955503
C,2024-01-31,2024-01-31 12:28:00,0.0003492534707063566,0.0003492534707063566,-0.0002632989797446678
C,2024-01-31,2024-01-31 12:29:00,-0.0003491315353058022,-0.0003491315353058022,1.724165700939633e-05
C,2024-01-31,2024-01-31 12:30:00,-0.00017462673535328932,-0.00017462673535328932,4.601026290242693e-06
C,2024-01-31,2024-01-31 12:31:00,0.00017465723517595677,0.00017465723517595677,4.990249343615062e-05
C,2024-01-31,2024-01-31 12:32:00,0.0006985069414127132,0.0006985069414127132,-3.3909898778794536e-05
C,2024-01-31,2024-01-31 12:33:00,-0.0005235145275280795,-0.0005235145275280795,-9.929643165010535e-05
C,2024-01-31,2024-01-31 12:34:00,-0.0001745962461807693,-0.0001745962461807693,4.4301111925220924e-05
C,2024-01-31,2024-01-31 12:35:00,0.0,0.0,8.081031060728801e-05
C,2024-01-31,2024-01-31 12:36:00,-0.0006985069414128242,-0.0006985069414128242,2.0295438069863504e-05
C,2024-01-31,2024-01-31 12:37:00,-0.00034949759720392937,-0.00034949759720392937,0.00010624252466274716
C,2024-01-31,2024-01-31 12:38:00,0.0,0.0,0.00011047607378200009
C,2024-01-31,2024-01-31 12:39:00,-0.0005244296827200401,-0.0005244296827200401,9.144592954756247e-05
C,2024-01-31,2024-01-31 12:40:00,0.0011368605159598477,0.0011368605159598477,8.531421745938079e-05
C,2024-01-31,2024-01-31 12:41:00,0.0003494060097835039,0.0003494060097835039,-0.00026286361666202223
C,2024-01-31,2024-01-31 12:42:00,0.0004366049598321098,0.0004366049598321098,1.0758775894170935e-07
C,2024-01-31,2024-01-31 12:43:00,-0.0001745657676528456,-0.0001745657676528456,3.740299119279948e-05
C,2024-01-31,2024-01-31 12:44:00,-0.0003491924923615386,-0.0003491924923615386,-2.7068664971936658e-05
C,2024-01-31,2024-01-31 12:45:00,0.0003493144703521356,0.0003493144703521356,2.293089540459687e-05
C,2024-01-31,2024-01-31 12:46:00,0.00017459624618054725,0.00017459624618054725,-2.603307275810308e-06
C,2024-01-31,2024-01-31 12:47:00,0.0007855459544383603,0.0007855459544383603,3.7478473788990316e-05
C,2024-01-31,2024-01-31 12:48:00,-0.00026164311878595914,-0.00026164311878595914,-0.0001759991489811989
C,2024-01-31,2024-01-31 12:49:00,0.0,0.0,2.7864076509181246e-05
C,2024-01-31,2024-01-31 12:50:00,0.000348948791764947,0.000348948791764947,2.4516935519659624e-05
C,2024-01-31,2024-01-31 12:51:00,-0.004273131595011748,-0.0029875631899746614,2.475840066572577e-05
C,2024-01-31,2024-01-31 12:52:00,0.0033280784725870927,0.0030342078402711362,0.00043364248621455053
C,2024-01-31,2024-01-31 12:53:00,0.00034916201117307644,0.00034916201117307644,-0.00025004530003630966
C,2024-01-31,2024-01-31 12:54:00,0.0002617801047120061,0.0002617801047120061,3.0031958097679434e-05
C,2024-01-31,2024-01-31 12:55:00,-0.00017447439588236247,-0.00017447439588236247,3.1460257859342116e-06
C,2024-01-31,2024-01-31 12:56:00,0.0004362621062734551,0.0004362621062734551,-4.3164500821477785e-06
C,2024-01-31,2024-01-31 12:57:00,-0.004186289900575568,-0.0029875631899746614,-5.436112571743085e-05
C,2024-01-31,2024-01-31 12:58:00,0.004466631634261642,0.0030342078402711362,0.0004348867709823111
C,2024-01-31,2024-01-31 12:59:00,0.0006975324788560666,0.0006975324788560666,-0.0002772193695275386
C,2024-01-31,2024-01-31 13:00:00,-0.0012198309662805329,-0.0012198309662805329,-4.991732847312247e-05
C,2024-01-31,2024-01-31 13:01:00,-0.0005234231876471984,-0.0005234231876471984,0.0002701424510898545
C,2024-01-31,2024-01-31 13:02:00,-0.0003491315353058022,-0.0003491315353058022,5.637128272491843e-05
C,2024-01-31,2024-01-31 13:03:00,0.0006111935737360685,0.0006111935737360685,-1.6830405535465496e-05
C,2024-01-31,2024-01-31 13:04:00,0.0004363001745202322,0.0004363001745202322,-4.4012601853760885e-05
C,2024-01-31,2024-01-31 13:05:00,-0.000610553859572649,-0.000610553859572649,5.086663964499484e-05
C,2024-01-31,2024-01-31 13:06:00,-0.00026182579856859345,-0.00026182579856859345,2.5245804413201888e-05
C,2024-01-31,2024-01-31 13:07:00,-0.0008729812309037355,-0.0008729812309037355,4.4573554021992604e-05
C,2024-01-31,2024-01-31 13:08:00,0.0006116207951072372,0.0006116207951072372,0.00016035958884759108
C,2024-01-31,2024-01-31 13:09:00,0.0001746419839327995,0.0001746419839327995,-9.231267228033112e-05
C,2024-01-31,2024-01-31 13:10:00,0.0007857517024620897,0.0007857517024620897,-1.2808570024789328e-05
C,2024-01-31,2024-01-31 13:11:00,0.001657506760882832,0.001657506760882832,-0.00017085371228731393
C,2024-01-31,2024-01-31 13:12:00,-0.00130639261452703,-0.00130639261452703,-0.00031985807405091114
C,2024-01-31,2024-01-31 13:13:00,-0.0008720676724514043,-0.0008720676724514043,0.00028216676848496044
C,2024-01-31,2024-01-31 13:14:00,0.001396526141223653,0.001396526141223653,6.362637508387783e-05
C,2024-01-31,2024-01-31 13:15:00,-8.71611609866152e-05,-8.71611609866152e-05,-0.00023757340619142239
C,2024-01-31,2024-01-31 13:16:00,0.00026150627615062483,0.00026150627615062483,3.005755220760604e-05
C,2024-01-31,2024-01-31 13:17:00,-0.00034858387799552304,-0.00034858387799552304,6.485607344227715e-05
C,2024-01-31,2024-01-31 13:18:00,-0.00026152907331533637,-0.00026152907331533637,7.698585330334643e-05
C,2024-01-31,2024-01-31 13:19:00,-0.000261597488664167,-0.000261597488664167,5.266545927303808e-05
C,2024-01-31,2024-01-31 13:20:00,-0.000610553859572649,-0.000610553859572649,-1.33400451092748e-06
C,2024-01-31,2024-01-31 13:21:00,-0.00026182579856859345,-0.00026182579856859345,0.00010671099062023191
C,2024-01-31,2024-01-31 13:22:00,-0.0008729812309037355,-0.0008729812309037355,5.741923678796457e-05
C,2024-01-31,2024-01-31 13:23:00,-0.0005242463958059496,-0.0005242463958059496,0.0002415120778325899
C,2024-01-31,2024-01-31 13:24:00,0.0005245213742459676,0.0005245213742459676,0.0002100546563876516
C,2024-01-31,2024-01-31 13:25:00,-8.737439930095459e-05,-8.737439930095459e-05,0.00011631198444670527
C,2024-01-31,2024-01-31 13:26:00,0.0,0.0,2.8607155018902865e-05
C,2024-01-31,2024-01-31 13:27:00,8.73820342537357e-05,8.73820342537357e-05,2.8478033720812347e-05
C,2024-01-31,2024-01-31 13:28:00,0.0006989951944080808,0.0006989951944080808,1.577378951600781e-05
C,2024-01-31,2024-01-31 13:29:00,-0.00034925347070624557,-0.00034925347070624557,-0.00010455553992385937
C,2024-01-31,2024-01-31 13:30:00,0.0008734387282731682,0.0008734387282731682,-1.3833210035996563e-05
C,2024-01-31,2024-01-31 13:31:00,-0.0006981411990576447,-0.0006981411990576447,-0.00018061059491683945
C,2024-01-31,2024-01-31 13:32:00,-0.00017465723517584575,-0.00017465723517584575,2.6962693158883096e-05
C,2024-01-31,2024-01-31 13:33:00,-0.0006987509826186233,-0.0006987509826186233,1.3110019283781262e-05
C,2024-01-31,2024-01-31 13:34:00,0.0,0.0,6.017327785900868e-05
C,2024-01-31,2024-01-31 13:35:00,-0.0004370247356000334,-0.0004370247356000334,6.595351704768204e-05
C,2024-01-31,2024-01-31 13:36:00,0.0006121021336131793,0.0006121021336131793,0.00019868837156428886
C,2024-01-31,2024-01-31 13:37:00,0.0003495586821637975,0.0003495586821637975,-4.8224550828451696e-05
C,2024-01-31,2024-01-31 13:38:00,0.0,0.0,1.3701013153323865e-05
C,2024-01-31,2024-01-31 13:39:00,0.0004367956669870665,0.0004367956669870665,6.596255736103055e-05
C,2024-01-31,2024-01-31 13:40:00,0.0002619629758993103,0.0002619629758993103,4.5892542532732166e-05
C,2024-01-31,2024-01-31 13:41:00,-0.0001745962461807693,-0.0001745962461807693,5.197944349538823e-05
C,2024-01-31,2024-01-31 13:42:00,8.731336767642262e-05,8.731336767642262e-05,5.38456370206313e-06
C,2024-01-31,2024-01-31 13:43:00,0.00034922297887196585,0.00034922297887196585,7.281092305002793e-05
C,2024-01-31,2024-01-31 13:44:00,-0.00026182579856859345,-0.00026182579856859345,3.443448165189795e-05
C,2024-01-31,2024-01-31 13:45:00,0.0,0.0,4.4340827063273064e-05
C,2024-01-31,2024-01-31 13:46:00,0.0006983849847226331,0.0006983849847226331,6.769120651561209e-05
C,2024-01-31,2024-01-31 13:47:00,-0.00034894879176472493,-0.00034894879176472493,-8.117872597472391e-05
C,2024-01-31,2024-01-31 13:48:00,0.0011344794484684506,0.0011344794484684506,1.250475419006995e-05
C,2024-01-31,2024-01-31 13:49:00,-0.0007845188284518745,-0.0007845188284518745,-0.00022830843211451923
C,2024-01-31,2024-01-31 13:50:00,-0.00017447439588236247,-0.00017447439588236247,5.732634819120733e-05
C,2024-01-31,2024-01-31 13:51:00,0.0001745048425092488,0.0001745048425092488,3.261604104357228e-05
C,2024-01-31,2024-01-31 13:52:00,-0.00034894879176472493,-0.00034894879176472493,3.747702616274335e-05
C,2024-01-31,2024-01-31 13:53:00,0.0,0.0,3.689044542208017e-05
C,2024-01-31,2024-01-31 13:54:00,0.00017453529976441118,0.00017453529976441118,5.3195870231067554e-05
C,2024-01-31,2024-01-31 13:55:00,-0.00017450484250935983,-0.00017450484250935983,5.139448774428272e-05
C,2024-01-31,2024-01-31 13:56:00,-0.0008726764988218338,-0.0008726764988218338,-6.436212973044342e-06
C,2024-01-31,2024-01-31 13:57:00,0.0001746877456545448,0.0001746877456545448,5.959915643386122e-05
C,2024-01-31,2024-01-31 13:58:00,0.0057636887608070175,0.0030342078402711362,6.169766051083428e-05
C,2024-01-31,2024-01-31 13:59:00,-0.00937744204219848,-0.0029875631899746614,-0.0003352040729307579
C,2024-01-31,2024-01-31 14:00:00,0.0021912525199403454,0.0021912525199403454,0.00042678236272552394
C,2024-01-31,2024-01-31 14:01:00,-0.0019240860591218656,-0.0019240860591218656,-3.734140156950231e-05
C,2024-01-31,2024-01-31 14:02:00,0.0,0.0,0.0004315136169913702
C,2024-01-31,2024-01-31 14:03:00,0.00814931650893791,0.0030342078402711362,0.00019886508148449314
C,2024-01-31,2024-01-31 14:04:00,-0.0061712299000433735,-0.0029875631899746614,-0.00025198645568405234
C,2024-01-31,2024-01-31 14:05:00,0.0012244184012593085,0.0012244184012593085,0.00017177050906902363
C,2024-01-31,2024-01-31 14:06:00,-0.0012229210342417085,-0.0012229210342417085,-0.0002262765093836321
C,2024-01-31,2024-01-31 14:07:00,-0.0004372922861641815,-0.0004372922861641815,0.0002389171428126549
C,2024-01-31,2024-01-31 14:08:00,0.00043748359436524,0.00043748359436524,2.6590821318290493e-05
C,2024-01-31,2024-01-31 14:09:00,0.00043729228616395943,0.00043729228616395943,0.00020129224243391688
C,2024-01-31,2024-01-31 14:10:00,-0.00017484045808191517,-0.00017484045808191517,-4.032024906252701e-05
C,2024-01-31,2024-01-31 14:11:00,0.0008743551630672197,0.0008743551630672197,9.015574259518299e-06
C,2024-01-31,2024-01-31 14:12:00,-0.0005241548003843688,-0.0005241548003843688,-0.0001758836677213868
C,2024-01-31,2024-01-31 14:13:00,-0.0006118346298399358,-0.0006118346298399358,-2.1050183510954903e-05
C,2024-01-31,2024-01-31 14:14:00,-0.0014867937729579062,-0.0014867937729579062,-3.777484320915799e-06
C,2024-01-31,2024-01-31 14:15:00,0.0,0.0,0.00031702657333889484
C,2024-01-31,2024-01-31 14:16:00,-0.0007882981518787524,-0.0007882981518787524,6.03461964823487e-05
C,2024-01-31,2024-01-31 14:17:00,0.0,0.0,0.0002240035431174883
C,2024-01-31,2024-01-31 14:18:00,0.0003506311360448322,0.0003506311360448322,0.000203300664202971
C,2024-01-31,2024-01-31 14:19:00,0.000350508236943492,0.000350508236943492,0.00011622094578119815
C,2024-01-31,2024-01-31 14:20:00,0.0003503854239663706,0.0003503854239663706,-2.1033814601774686e-05
C,2024-01-31,2024-01-31 14:21:00,-0.0012259194395796147,-0.0012259194395796147,-4.129088656740747e-05
C,2024-01-31,2024-01-31 14:22:00,0.000876731544800835,0.000876731544800835,0.0002102515458401029
C,2024-01-31,2024-01-31 14:23:00,8.759635599164817e-05,8.759635599164817e-05,-0.00016356900929426557
C,2024-01-31,2024-01-31 14:24:00,0.0005255321012525016,0.0005255321012525016,-2.3821779011823444e-05
C,2024-01-31,2024-01-31 14:25:00,-8.754267705501917e-05,-8.754267705501917e-05,-5.731348867984561e-05
C,2024-01-31,2024-01-31 14:26:00,-0.0006128523901242078,-0.0006128523901242078,-7.229453739510808e-05
C,2024-01-31,2024-01-31 14:27:00,-0.00035041611914155,-0.00035041611914155,-1.459482094056588e-05
C,2024-01-31,2024-01-31 14:28:00,-8.763473841033598e-05,-8.763473841033598e-05,-2.3949714794677567e-05
C,2024-01-31,2024-01-31 14:29:00,-0.00043821209465366717,-0.00043821209465366717,-3.0346591976185343e-05
C,2024-01-31,2024-01-31 14:30:00,0.0011398509425690762,0.0011398509425690762,2.3089458249179602e-05
C,2024-01-31,2024-01-31 14:31:00,0.0005254860746191081,0.0005254860746191081,-0.00022907814748395405
C,2024-01-31,2024-01-31 14:32:00,-0.00043767507002812067,-0.00043767507002812067,-4.672650089454955e-05
C,2024-01-31,2024-01-31 14:33:00,0.00017514668534901467,0.00017514668534901467,-2.948465867774581e-05
C,2024-01-31,2024-01-31 14:34:00,0.0007880220646176994,0.0007880220646176994,-1.3860977955964385e-05
C,2024-01-31,2024-01-31 14:35:00,-0.00034995625546807574,-0.00034995625546807574,-0.00017192749882898988
C,2024-01-31,2024-01-31 14:36:00,8.75196919307708e-05,8.75196919307708e-05,-4.203237285067772e-06
C,2024-01-31,2024-01-31 14:37:00,0.0009626323619496002,0.0009626323619496002,1.9391172819626704e-06
C,2024-01-31,2024-01-31 14:38:00,-0.0006994229760447501,-0.0006994229760447501,-0.0001722361551335037
C,2024-01-31,2024-01-31 14:39:00,0.0032370953630795896,0.0030342078402711362,6.199417845704413e-05
C,2024-01-31,2024-01-31 14:40:00,0.0007848609052061306,0.0007848609052061306,-0.00030942376770085386
C,2024-01-31,2024-01-31 14:41:00,0.0,0.0,-0.00019714690021127663
C,2024-01-31,2024-01-31 14:42:00,-0.00017427675148118382,-0.00017427675148118382,-6.461323951658236e-05
C,2024-01-31,2024-01-31 14:43:00,-0.000871535645807997,-0.000871535645807997,-2.7415664657078498e-05
C,2024-01-31,2024-01-31 14:44:00,0.00017445917655267706,0.00017445917655267706,-2.5618430469902246e-06
C,2024-01-31,2024-01-31 14:45:00,8.721437292869005e-05,8.721437292869005e-05,1.7765712213985738e-05
C,2024-01-31,2024-01-31 14:46:00,-0.0011336879741868922,-0.0011336879741868922,7.496444384114523e-06
C,2024-01-31,2024-01-31 14:47:00,-0.0008730574471800256,-0.0008730574471800256,0.0003637798241311307
C,2024-01-31,2024-01-31 14:48:00,-0.002009786787836365,-0.002009786787836365,0.0002699873879646866
C,2024-01-31,2024-01-31 14:49:00,-0.00035023202871908854,-0.00035023202871908854,0.0004398281122454538
C,2024-01-31,2024-01-31 14:50:00,-0.0019269510379258392,-0.0019269510379258392,0.00023328978468625428
C,2024-01-31,2024-01-31 14:51:00,-0.0002632733655112407,-0.0002632733655112407,0.0004367584769708664
C,2024-01-31,2024-01-31 14:52:00,-0.0066713483146068064,-0.0029875631899746614,0.000221309418769079
C,2024-01-31,2024-01-31 14:53:00,0.008395192647578709,0.0030342078402711362,0.0004398170721018963
C,2024-01-31,2024-01-31 14:54:00,-0.0002629042152308969,-0.0002629042152308969,-0.0002327123764738046
C,2024-01-31,2024-01-31 14:55:00,-0.0009642356241233996,-0.0009642356241233996,1.3083191490347665e-05
C,2024-01-31,2024-01-31 14:56:00,0.006843906291129187,0.0030342078402711362,0.00010835896949414013
C,2024-01-31,2024-01-31 14:57:00,-0.006623093681917158,-0.0029875631899746614,-0.0003186347847396596
C,2024-01-31,2024-01-31 14:58:00,-0.0008772699359593794,-0.0008772699359593794,0.00016538826869436497
C,2024-01-31,2024-01-31 14:59:00,-0.0012292562999385304,-0.0012292562999385304,0.00015951825638746883
C,2024-01-31,2024-01-31 15:00:00,-0.0017582417582416854,-0.0017582417582416854,0.00041514990031883263
C,2024-01-31,2024-01-31 15:01:00,-0.0024658740642888866,-0.0024658740642888866,0.0004317731310932351
C,2024-01-31,2024-01-31 15:02:00,-0.0002648538889379326,-0.0002648538889379326,0.00042954630554598727
C,2024-01-31,2024-01-31 15:03:00,-0.0005298481102083974,-0.0005298481102083974,0.00021853522467408775
C,2024-01-31,2024-01-31 15:04:00,-0.00044177416504698197,-0.00044177416504698197,0.00023852732644473506
C,2024-01-31,2024-01-31 15:05:00,-0.008574206664898831,-0.0029875631899746614,0.0002196323489221595
C,2024-01-31,2024-01-31 15:06:00,0.003655492154065687,0.0030342078402711362,0.00043368885249361747
C,2024-01-31,2024-01-31 15:07:00,0.0035533445855913115,0.0030342078402711362,-6.119025519580787e-06
C,2024-01-31,2024-01-31 15:08:00,0.0005311144551651825,0.0005311144551651825,-2.037391182019962e-05
C,2024-01-31,2024-01-31 15:09:00,0.001415553392904556,0.001415553392904556,4.517745525924673e-05
C,2024-01-31,2024-01-31 15:10:00,-0.0003533881084900603,-0.0003533881084900603,-0.00023080297737815468
C,2024-01-31,2024-01-31 15:11:00,0.0015024304021209467,0.0015024304021209467,-7.872982045605588e-05
C,2024-01-31,2024-01-31 15:12:00,0.0003529827038475375,0.0003529827038475375,-0.00031469329529439896
C,2024-01-31,2024-01-31 15:13:00,0.007233592095977404,0.0030342078402711362,-7.99029124258312e-05
C,2024-01-31,2024-01-31 15:14:00,-0.0078822911192854,-0.0029875631899746614,-0.0003162689500504279
C,2024-01-31,2024-01-31 15:15:00,-0.0005296610169491789,-0.0005296610169491789,0.00021430489452741998
C,2024-01-31,2024-01-31 15:16:00,0.0001766472354709503,0.0001766472354709503,4.363236122527255e-06
C,2024-01-31,2024-01-31 15:17:00,-0.0010596962204169058,-0.0010596962204169058,2.673582898293981e-06
C,2024-01-31,2024-01-31 15:18:00,-0.0010608203677511252,-0.0010608203677511252,0.0004029845706846203
C,2024-01-31,2024-01-31 15:19:00,0.001061946902654931,0.001061946902654931,0.00039350351519928955
C,2024-01-31,2024-01-31 15:20:00,0.0007072135785006761,0.0007072135785006761,-0.00018951999719264776
C,2024-01-31,2024-01-31 15:21:00,0.0007067137809186885,0.0007067137809186885,-7.297149816373715e-05
C,2024-01-31,2024-01-31 15:22:00,-0.009887005649717562,-0.0029875631899746614,-0.00011194025675401032
C,2024-01-31,2024-01-31 15:23:00,0.009539942938658896,0.0030342078402711362,0.00043790063886359307
C,2024-01-31,2024-01-31 15:24:00,-0.001501368895169053,-0.001501368895169053,-0.0002566739255229088
C,2024-01-31,2024-01-31 15:25:00,0.00035379444542704697,0.00035379444542704697,0.00025000582378275526
C,2024-01-31,2024-01-31 15:26:00,0.0007073386383731339,0.0007073386383731339,3.466419780352737e-05
C,2024-01-31,2024-01-31 15:27:00,-0.0013253224951405018,-0.0013253224951405018,-8.578995754157953e-05
C,2024-01-31,2024-01-31 15:28:00,0.0001769441741130695,0.0001769441741130695,0.00018050138920199492
C,2024-01-31,2024-01-31 15:29:00,-0.0010614772224679658,-0.0010614772224679658,7.522365762086088e-05
C,2024-01-31,2024-01-31 15:30:00,-0.00017710085893929417,-0.00017710085893929417,0.00026256946710837524
C,2024-01-31,2024-01-31 15:31:00,-0.0009742272606501068,-0.0009742272606501068,7.943427451596337e-05
C,2024-01-31,2024-01-31 15:32:00,0.00026595744680846245,0.00026595744680846245,0.00033934776590795705
C,2024-01-31,2024-01-31 15:33:00,-0.0005317734645040595,-0.0005317734645040595,9.939314521289629e-05
C,2024-01-31,2024-01-31 15:34:00,-0.0011527888622862026,-0.0011527888622862026,0.00022763130970274444
C,2024-01-31,2024-01-31 15:35:00,0.0004438920454545858,0.0004438920454545858,0.00039778892884612945
C,2024-01-31,2024-01-31 15:36:00,-0.0004436950927322325,-0.0004436950927322325,0.00013407556698484904
C,2024-01-31,2024-01-31 15:37:00,0.00017755681818187874,0.00017755681818187874,6.290607795347291e-05
C,2024-01-31,2024-01-31 15:38:00,0.0002662879460322287,0.0002662879460322287,5.8102032132669125e-05
C,2024-01-31,2024-01-31 15:39:00,0.000532434111278679,0.000532434111278679,3.89758715455799e-05
C,2024-01-31,2024-01-31 15:40:00,-0.001685144124168536,-0.001685144124168536,-3.6941955849589886e-05
C,2024-01-31,2024-01-31 15:41:00,0.0002665245202557731,0.0002665245202557731,0.0002577539152020483
C,2024-01-31,2024-01-31 15:42:00,0.0005329070077271236,0.0005329070077271236,2.441005671898168e-05
C,2024-01-31,2024-01-31 15:43:00,-0.0010652463382156974,-0.0010652463382156974,1.2666271053454137e-05
C,2024-01-31,2024-01-31 15:44:00,-0.00026659557451347293,-0.00026659557451347293,0.00026335787323597423
C,2024-01-31,2024-01-31 15:45:00,-0.0001777777777778322,-0.0001777777777778322,0.00022278179748247488
C,2024-01-31,2024-01-31 15:46:00,0.0006223328591750121,0.0006223328591750121,5.169473645171374e-05
C,2024-01-31,2024-01-31 15:47:00,-0.0008884940026655519,-0.0008884940026655519,-6.072759575414528e-05
C,2024-01-31,2024-01-31 15:48:00,-0.00044464206313898913,-0.00044464206313898913,0.00016332249593282387
C,2024-01-31,2024-01-31 15:49:00,-8.89679715302405e-05,-8.89679715302405e-05,1.2460732654596054e-05
C,2024-01-31,2024-01-31 15:50:00,0.00017795177506885196,0.00017795177506885196,2.1069779203212642e-05
C,2024-01-31,2024-01-31 15:51:00,-8.896005693437292e-05,-8.896005693437292e-05,-1.6470778539504688e-05
C,2024-01-31,2024-01-31 15:52:00,-0.0008007117437722755,-0.0008007117437722755,2.926092753605834e-05
C,2024-01-31,2024-01-31 15:53:00,0.0012465497284301907,0.0012465497284301907,2.6672385403798165e-05
C,2024-01-31,2024-01-31 15:54:00,0.0,0.0,-0.0002161414562738965
C,2024-01-31,2024-01-31 15:55:00,8.892841262797546e-05,8.892841262797546e-05,-3.6721435564065534e-06
C,2024-01-31,2024-01-31 15:56:00,0.0,0.0,3.8881565055538515e-05
C,2024-01-31,2024-01-31 15:57:00,-0.0008892050506847937,-0.0008892050506847937,2.7093310984998705e-05
C,2024-01-31,2024-01-31 15:58:00,-8.899964400144178e-05,-8.899964400144178e-05,0.00011419983016127986
